method,target,seed,episode,f1,auc,inner_steps,eps,K_meta,sweep
reptile,copiapo,42,0,0.8571428571428571,0.94,1,0.1,10,inner_steps
reptile,copiapo,42,1,0.9523809523809523,0.9800000000000001,1,0.1,10,inner_steps
reptile,copiapo,42,2,0.8,0.9199999999999999,1,0.1,10,inner_steps
reptile,copiapo,42,3,0.8421052631578947,0.9800000000000001,1,0.1,10,inner_steps
reptile,copiapo,42,4,0.8888888888888888,0.9899999999999999,1,0.1,10,inner_steps
reptile,copiapo,42,5,0.7619047619047619,0.85,1,0.1,10,inner_steps
reptile,copiapo,42,6,0.8235294117647058,0.98,1,0.1,10,inner_steps
reptile,copiapo,42,7,0.625,0.9,1,0.1,10,inner_steps
reptile,copiapo,42,8,0.9,0.9899999999999999,1,0.1,10,inner_steps
reptile,copiapo,42,9,0.8,0.9,1,0.1,10,inner_steps
reptile,copiapo,42,10,0.625,0.8400000000000001,1,0.1,10,inner_steps
reptile,copiapo,42,11,0.8421052631578947,0.9299999999999999,1,0.1,10,inner_steps
reptile,copiapo,42,12,0.75,0.96,1,0.1,10,inner_steps
reptile,copiapo,42,13,0.9523809523809523,0.99,1,0.1,10,inner_steps
reptile,copiapo,42,14,0.5333333333333333,0.83,1,0.1,10,inner_steps
reptile,copiapo,42,15,0.8888888888888888,1.0,1,0.1,10,inner_steps
reptile,copiapo,42,16,0.75,0.9800000000000001,1,0.1,10,inner_steps
reptile,copiapo,42,17,0.9473684210526315,0.97,1,0.1,10,inner_steps
reptile,copiapo,42,18,0.7058823529411765,0.9,1,0.1,10,inner_steps
reptile,copiapo,42,19,0.9473684210526315,0.98,1,0.1,10,inner_steps
reptile,copiapo,42,20,0.9523809523809523,0.9400000000000001,1,0.1,10,inner_steps
reptile,copiapo,42,21,0.8181818181818182,0.93,1,0.1,10,inner_steps
reptile,copiapo,42,22,0.9,0.98,1,0.1,10,inner_steps
reptile,copiapo,42,23,0.8235294117647058,0.99,1,0.1,10,inner_steps
reptile,copiapo,42,24,0.64,0.77,1,0.1,10,inner_steps
reptile,copiapo,42,25,0.8421052631578947,0.9,1,0.1,10,inner_steps
reptile,copiapo,42,26,0.8571428571428571,0.95,1,0.1,10,inner_steps
reptile,copiapo,42,27,0.75,0.9400000000000001,1,0.1,10,inner_steps
reptile,copiapo,42,28,0.8181818181818182,0.91,1,0.1,10,inner_steps
reptile,copiapo,42,29,0.9473684210526315,1.0,1,0.1,10,inner_steps
reptile,huasco,42,0,0.8888888888888888,1.0,1,0.1,10,inner_steps
reptile,huasco,42,1,0.631578947368421,0.8099999999999999,1,0.1,10,inner_steps
reptile,huasco,42,2,0.9090909090909091,0.905,1,0.1,10,inner_steps
reptile,huasco,42,3,0.9090909090909091,0.99,1,0.1,10,inner_steps
reptile,huasco,42,4,0.9,0.93,1,0.1,10,inner_steps
reptile,huasco,42,5,0.7619047619047619,0.85,1,0.1,10,inner_steps
reptile,huasco,42,6,0.9,0.99,1,0.1,10,inner_steps
reptile,huasco,42,7,0.8,0.88,1,0.1,10,inner_steps
reptile,huasco,42,8,0.8,0.8800000000000001,1,0.1,10,inner_steps
reptile,huasco,42,9,0.8888888888888888,0.95,1,0.1,10,inner_steps
reptile,huasco,42,10,0.8571428571428571,0.9699999999999999,1,0.1,10,inner_steps
reptile,huasco,42,11,0.8235294117647058,0.9599999999999999,1,0.1,10,inner_steps
reptile,huasco,42,12,0.9473684210526315,1.0,1,0.1,10,inner_steps
reptile,huasco,42,13,0.7058823529411765,0.8300000000000001,1,0.1,10,inner_steps
reptile,huasco,42,14,0.9523809523809523,0.9600000000000001,1,0.1,10,inner_steps
reptile,huasco,42,15,0.7777777777777778,0.9499999999999998,1,0.1,10,inner_steps
reptile,huasco,42,16,0.8,0.91,1,0.1,10,inner_steps
reptile,huasco,42,17,0.7619047619047619,0.79,1,0.1,10,inner_steps
reptile,huasco,42,18,0.8235294117647058,0.9499999999999998,1,0.1,10,inner_steps
reptile,huasco,42,19,0.6666666666666666,0.9099999999999999,1,0.1,10,inner_steps
reptile,huasco,42,20,0.9,0.9500000000000001,1,0.1,10,inner_steps
reptile,huasco,42,21,0.8695652173913043,0.95,1,0.1,10,inner_steps
reptile,huasco,42,22,0.8571428571428571,0.88,1,0.1,10,inner_steps
reptile,huasco,42,23,0.5263157894736842,0.67,1,0.1,10,inner_steps
reptile,huasco,42,24,0.9090909090909091,0.8900000000000001,1,0.1,10,inner_steps
reptile,huasco,42,25,0.9090909090909091,0.9900000000000001,1,0.1,10,inner_steps
reptile,huasco,42,26,0.7058823529411765,0.92,1,0.1,10,inner_steps
reptile,huasco,42,27,0.9473684210526315,1.0,1,0.1,10,inner_steps
reptile,huasco,42,28,0.782608695652174,0.8150000000000001,1,0.1,10,inner_steps
reptile,huasco,42,29,0.782608695652174,0.73,1,0.1,10,inner_steps
reptile,elqui,42,0,0.8,0.8900000000000001,1,0.1,10,inner_steps
reptile,elqui,42,1,0.5,0.88,1,0.1,10,inner_steps
reptile,elqui,42,2,0.7368421052631579,0.75,1,0.1,10,inner_steps
reptile,elqui,42,3,0.8571428571428571,0.9400000000000001,1,0.1,10,inner_steps
reptile,elqui,42,4,0.8333333333333334,0.7999999999999999,1,0.1,10,inner_steps
reptile,elqui,42,5,0.5714285714285714,0.65,1,0.1,10,inner_steps
reptile,elqui,42,6,0.72,0.81,1,0.1,10,inner_steps
reptile,elqui,42,7,0.8421052631578947,0.94,1,0.1,10,inner_steps
reptile,elqui,42,8,0.8888888888888888,0.9400000000000001,1,0.1,10,inner_steps
reptile,elqui,42,9,0.5882352941176471,0.8499999999999999,1,0.1,10,inner_steps
reptile,elqui,42,10,0.4,0.54,1,0.1,10,inner_steps
reptile,elqui,42,11,0.7272727272727273,0.81,1,0.1,10,inner_steps
reptile,elqui,42,12,0.7,0.72,1,0.1,10,inner_steps
reptile,elqui,42,13,0.8695652173913043,0.89,1,0.1,10,inner_steps
reptile,elqui,42,14,0.7777777777777778,0.9000000000000001,1,0.1,10,inner_steps
reptile,elqui,42,15,0.6666666666666666,0.8200000000000001,1,0.1,10,inner_steps
reptile,elqui,42,16,0.6666666666666666,0.8,1,0.1,10,inner_steps
reptile,elqui,42,17,0.782608695652174,0.835,1,0.1,10,inner_steps
reptile,elqui,42,18,0.8571428571428571,0.81,1,0.1,10,inner_steps
reptile,elqui,42,19,1.0,1.0,1,0.1,10,inner_steps
reptile,elqui,42,20,0.7272727272727273,0.81,1,0.1,10,inner_steps
reptile,elqui,42,21,0.782608695652174,0.8600000000000001,1,0.1,10,inner_steps
reptile,elqui,42,22,0.7368421052631579,0.85,1,0.1,10,inner_steps
reptile,elqui,42,23,0.8421052631578947,0.8600000000000001,1,0.1,10,inner_steps
reptile,elqui,42,24,0.8181818181818182,0.96,1,0.1,10,inner_steps
reptile,elqui,42,25,0.42857142857142855,0.79,1,0.1,10,inner_steps
reptile,elqui,42,26,0.625,0.94,1,0.1,10,inner_steps
reptile,elqui,42,27,0.782608695652174,0.8800000000000001,1,0.1,10,inner_steps
reptile,elqui,42,28,0.72,0.83,1,0.1,10,inner_steps
reptile,elqui,42,29,0.8181818181818182,0.94,1,0.1,10,inner_steps
reptile,limari,42,0,0.4,0.78,1,0.1,10,inner_steps
reptile,limari,42,1,0.6666666666666666,0.57,1,0.1,10,inner_steps
reptile,limari,42,2,0.6153846153846154,0.48,1,0.1,10,inner_steps
reptile,limari,42,3,0.7,0.74,1,0.1,10,inner_steps
reptile,limari,42,4,0.8,0.84,1,0.1,10,inner_steps
reptile,limari,42,5,0.5714285714285714,0.54,1,0.1,10,inner_steps
reptile,limari,42,6,0.3333333333333333,0.44999999999999996,1,0.1,10,inner_steps
reptile,limari,42,7,0.5555555555555556,0.75,1,0.1,10,inner_steps
reptile,limari,42,8,0.72,0.43,1,0.1,10,inner_steps
reptile,limari,42,9,0.5,0.5549999999999999,1,0.1,10,inner_steps
reptile,limari,42,10,0.375,0.51,1,0.1,10,inner_steps
reptile,limari,42,11,0.6666666666666666,0.58,1,0.1,10,inner_steps
reptile,limari,42,12,0.782608695652174,0.86,1,0.1,10,inner_steps
reptile,limari,42,13,0.5555555555555556,0.41999999999999993,1,0.1,10,inner_steps
reptile,limari,42,14,0.6666666666666666,0.65,1,0.1,10,inner_steps
reptile,limari,42,15,0.6086956521739131,0.595,1,0.1,10,inner_steps
reptile,limari,42,16,0.7272727272727273,0.72,1,0.1,10,inner_steps
reptile,limari,42,17,0.7272727272727273,0.645,1,0.1,10,inner_steps
reptile,limari,42,18,0.8,0.83,1,0.1,10,inner_steps
reptile,limari,42,19,0.6,0.71,1,0.1,10,inner_steps
reptile,limari,42,20,0.8181818181818182,0.75,1,0.1,10,inner_steps
reptile,limari,42,21,0.5263157894736842,0.64,1,0.1,10,inner_steps
reptile,limari,42,22,0.7272727272727273,0.72,1,0.1,10,inner_steps
reptile,limari,42,23,0.6363636363636364,0.58,1,0.1,10,inner_steps
reptile,limari,42,24,0.5263157894736842,0.6699999999999999,1,0.1,10,inner_steps
reptile,limari,42,25,0.8421052631578947,0.8700000000000001,1,0.1,10,inner_steps
reptile,limari,42,26,0.782608695652174,0.75,1,0.1,10,inner_steps
reptile,limari,42,27,0.6153846153846154,0.39,1,0.1,10,inner_steps
reptile,limari,42,28,0.5,0.75,1,0.1,10,inner_steps
reptile,limari,42,29,0.6956521739130435,0.52,1,0.1,10,inner_steps
reptile,copiapo,123,0,0.8571428571428571,0.8700000000000002,1,0.1,10,inner_steps
reptile,copiapo,123,1,0.8571428571428571,0.93,1,0.1,10,inner_steps
reptile,copiapo,123,2,0.7058823529411765,0.8200000000000001,1,0.1,10,inner_steps
reptile,copiapo,123,3,0.9,0.96,1,0.1,10,inner_steps
reptile,copiapo,123,4,0.9,0.9900000000000001,1,0.1,10,inner_steps
reptile,copiapo,123,5,0.6666666666666666,0.85,1,0.1,10,inner_steps
reptile,copiapo,123,6,0.8421052631578947,0.91,1,0.1,10,inner_steps
reptile,copiapo,123,7,0.75,0.9400000000000001,1,0.1,10,inner_steps
reptile,copiapo,123,8,0.8421052631578947,0.8900000000000001,1,0.1,10,inner_steps
reptile,copiapo,123,9,0.8333333333333334,1.0,1,0.1,10,inner_steps
reptile,copiapo,123,10,0.9523809523809523,0.99,1,0.1,10,inner_steps
reptile,copiapo,123,11,0.9090909090909091,0.92,1,0.1,10,inner_steps
reptile,copiapo,123,12,0.8571428571428571,0.9299999999999999,1,0.1,10,inner_steps
reptile,copiapo,123,13,0.7692307692307693,0.8250000000000001,1,0.1,10,inner_steps
reptile,copiapo,123,14,0.7777777777777778,0.875,1,0.1,10,inner_steps
reptile,copiapo,123,15,0.7368421052631579,0.9400000000000001,1,0.1,10,inner_steps
reptile,copiapo,123,16,0.8421052631578947,0.9,1,0.1,10,inner_steps
reptile,copiapo,123,17,0.8181818181818182,0.97,1,0.1,10,inner_steps
reptile,copiapo,123,18,0.8571428571428571,0.9600000000000001,1,0.1,10,inner_steps
reptile,copiapo,123,19,0.8421052631578947,0.91,1,0.1,10,inner_steps
reptile,copiapo,123,20,0.7619047619047619,0.89,1,0.1,10,inner_steps
reptile,copiapo,123,21,0.8571428571428571,0.9400000000000001,1,0.1,10,inner_steps
reptile,copiapo,123,22,0.8571428571428571,0.9800000000000001,1,0.1,10,inner_steps
reptile,copiapo,123,23,0.7368421052631579,0.8400000000000001,1,0.1,10,inner_steps
reptile,copiapo,123,24,0.9,0.93,1,0.1,10,inner_steps
reptile,copiapo,123,25,0.7,0.9,1,0.1,10,inner_steps
reptile,copiapo,123,26,0.6666666666666666,0.9099999999999999,1,0.1,10,inner_steps
reptile,copiapo,123,27,0.8181818181818182,0.93,1,0.1,10,inner_steps
reptile,copiapo,123,28,0.8888888888888888,0.99,1,0.1,10,inner_steps
reptile,copiapo,123,29,0.8,0.93,1,0.1,10,inner_steps
reptile,huasco,123,0,0.7619047619047619,0.8200000000000001,1,0.1,10,inner_steps
reptile,huasco,123,1,0.9,0.8999999999999999,1,0.1,10,inner_steps
reptile,huasco,123,2,0.8695652173913043,0.9400000000000001,1,0.1,10,inner_steps
reptile,huasco,123,3,0.8181818181818182,0.8500000000000001,1,0.1,10,inner_steps
reptile,huasco,123,4,0.6666666666666666,0.86,1,0.1,10,inner_steps
reptile,huasco,123,5,0.8421052631578947,0.93,1,0.1,10,inner_steps
reptile,huasco,123,6,0.9523809523809523,0.9700000000000001,1,0.1,10,inner_steps
reptile,huasco,123,7,1.0,1.0,1,0.1,10,inner_steps
reptile,huasco,123,8,0.8421052631578947,0.9100000000000001,1,0.1,10,inner_steps
reptile,huasco,123,9,0.8421052631578947,0.9800000000000001,1,0.1,10,inner_steps
reptile,huasco,123,10,0.9523809523809523,0.96,1,0.1,10,inner_steps
reptile,huasco,123,11,1.0,1.0,1,0.1,10,inner_steps
reptile,huasco,123,12,0.8888888888888888,0.8900000000000001,1,0.1,10,inner_steps
reptile,huasco,123,13,0.9,0.98,1,0.1,10,inner_steps
reptile,huasco,123,14,1.0,1.0,1,0.1,10,inner_steps
reptile,huasco,123,15,0.9,0.9800000000000001,1,0.1,10,inner_steps
reptile,huasco,123,16,0.9,0.9400000000000001,1,0.1,10,inner_steps
reptile,huasco,123,17,0.8235294117647058,0.98,1,0.1,10,inner_steps
reptile,huasco,123,18,0.9523809523809523,0.97,1,0.1,10,inner_steps
reptile,huasco,123,19,0.8181818181818182,0.8749999999999999,1,0.1,10,inner_steps
reptile,huasco,123,20,0.9,0.9500000000000001,1,0.1,10,inner_steps
reptile,huasco,123,21,0.9473684210526315,1.0,1,0.1,10,inner_steps
reptile,huasco,123,22,0.8695652173913043,0.9800000000000001,1,0.1,10,inner_steps
reptile,huasco,123,23,0.6086956521739131,0.65,1,0.1,10,inner_steps
reptile,huasco,123,24,0.8,0.8699999999999999,1,0.1,10,inner_steps
reptile,huasco,123,25,0.9090909090909091,0.9199999999999999,1,0.1,10,inner_steps
reptile,huasco,123,26,0.625,0.9199999999999999,1,0.1,10,inner_steps
reptile,huasco,123,27,1.0,1.0,1,0.1,10,inner_steps
reptile,huasco,123,28,0.64,0.68,1,0.1,10,inner_steps
reptile,huasco,123,29,0.5263157894736842,0.8,1,0.1,10,inner_steps
reptile,elqui,123,0,0.7368421052631579,0.8500000000000001,1,0.1,10,inner_steps
reptile,elqui,123,1,0.7692307692307693,0.8300000000000001,1,0.1,10,inner_steps
reptile,elqui,123,2,0.8,0.96,1,0.1,10,inner_steps
reptile,elqui,123,3,0.8,0.825,1,0.1,10,inner_steps
reptile,elqui,123,4,0.7058823529411765,0.9400000000000001,1,0.1,10,inner_steps
reptile,elqui,123,5,0.9523809523809523,0.91,1,0.1,10,inner_steps
reptile,elqui,123,6,0.9523809523809523,0.97,1,0.1,10,inner_steps
reptile,elqui,123,7,0.7272727272727273,0.76,1,0.1,10,inner_steps
reptile,elqui,123,8,0.8695652173913043,0.9099999999999999,1,0.1,10,inner_steps
reptile,elqui,123,9,0.47058823529411764,0.8,1,0.1,10,inner_steps
reptile,elqui,123,10,0.8,0.89,1,0.1,10,inner_steps
reptile,elqui,123,11,0.8421052631578947,0.9,1,0.1,10,inner_steps
reptile,elqui,123,12,0.6666666666666666,0.7,1,0.1,10,inner_steps
reptile,elqui,123,13,0.6666666666666666,0.9400000000000001,1,0.1,10,inner_steps
reptile,elqui,123,14,0.7142857142857143,0.7849999999999999,1,0.1,10,inner_steps
reptile,elqui,123,15,0.8235294117647058,0.97,1,0.1,10,inner_steps
reptile,elqui,123,16,0.7619047619047619,0.76,1,0.1,10,inner_steps
reptile,elqui,123,17,0.6956521739130435,0.85,1,0.1,10,inner_steps
reptile,elqui,123,18,0.782608695652174,0.93,1,0.1,10,inner_steps
reptile,elqui,123,19,0.8888888888888888,0.94,1,0.1,10,inner_steps
reptile,elqui,123,20,0.9,0.9,1,0.1,10,inner_steps
reptile,elqui,123,21,0.782608695652174,0.8400000000000001,1,0.1,10,inner_steps
reptile,elqui,123,22,0.72,0.8,1,0.1,10,inner_steps
reptile,elqui,123,23,0.8,0.9,1,0.1,10,inner_steps
reptile,elqui,123,24,0.6,0.75,1,0.1,10,inner_steps
reptile,elqui,123,25,0.8571428571428571,0.9700000000000001,1,0.1,10,inner_steps
reptile,elqui,123,26,0.75,0.9400000000000001,1,0.1,10,inner_steps
reptile,elqui,123,27,0.8421052631578947,0.8800000000000001,1,0.1,10,inner_steps
reptile,elqui,123,28,0.7,0.8400000000000001,1,0.1,10,inner_steps
reptile,elqui,123,29,0.631578947368421,0.82,1,0.1,10,inner_steps
reptile,limari,123,0,0.3076923076923077,0.73,1,0.1,10,inner_steps
reptile,limari,123,1,0.782608695652174,0.7999999999999999,1,0.1,10,inner_steps
reptile,limari,123,2,0.5882352941176471,0.82,1,0.1,10,inner_steps
reptile,limari,123,3,0.631578947368421,0.7100000000000001,1,0.1,10,inner_steps
reptile,limari,123,4,0.42105263157894735,0.58,1,0.1,10,inner_steps
reptile,limari,123,5,0.6363636363636364,0.63,1,0.1,10,inner_steps
reptile,limari,123,6,0.5333333333333333,0.67,1,0.1,10,inner_steps
reptile,limari,123,7,0.631578947368421,0.76,1,0.1,10,inner_steps
reptile,limari,123,8,0.6956521739130435,0.685,1,0.1,10,inner_steps
reptile,limari,123,9,0.8,0.87,1,0.1,10,inner_steps
reptile,limari,123,10,0.8571428571428571,0.8200000000000001,1,0.1,10,inner_steps
reptile,limari,123,11,0.5833333333333334,0.565,1,0.1,10,inner_steps
reptile,limari,123,12,0.6,0.49,1,0.1,10,inner_steps
reptile,limari,123,13,0.6666666666666666,0.76,1,0.1,10,inner_steps
reptile,limari,123,14,0.75,0.88,1,0.1,10,inner_steps
reptile,limari,123,15,0.5714285714285714,0.5700000000000001,1,0.1,10,inner_steps
reptile,limari,123,16,0.6666666666666666,0.7,1,0.1,10,inner_steps
reptile,limari,123,17,0.42105263157894735,0.41999999999999993,1,0.1,10,inner_steps
reptile,limari,123,18,0.6666666666666666,0.76,1,0.1,10,inner_steps
reptile,limari,123,19,0.8571428571428571,0.9300000000000002,1,0.1,10,inner_steps
reptile,limari,123,20,0.75,0.79,1,0.1,10,inner_steps
reptile,limari,123,21,0.8571428571428571,0.8500000000000001,1,0.1,10,inner_steps
reptile,limari,123,22,0.782608695652174,0.88,1,0.1,10,inner_steps
reptile,limari,123,23,0.6086956521739131,0.76,1,0.1,10,inner_steps
reptile,limari,123,24,0.5,0.63,1,0.1,10,inner_steps
reptile,limari,123,25,0.5263157894736842,0.6100000000000001,1,0.1,10,inner_steps
reptile,limari,123,26,0.6,0.72,1,0.1,10,inner_steps
reptile,limari,123,27,0.8571428571428571,0.9099999999999999,1,0.1,10,inner_steps
reptile,limari,123,28,0.8,0.9099999999999999,1,0.1,10,inner_steps
reptile,limari,123,29,0.6666666666666666,0.86,1,0.1,10,inner_steps
reptile,copiapo,7,0,0.7272727272727273,0.8800000000000001,1,0.1,10,inner_steps
reptile,copiapo,7,1,0.8421052631578947,0.9600000000000002,1,0.1,10,inner_steps
reptile,copiapo,7,2,0.8695652173913043,0.99,1,0.1,10,inner_steps
reptile,copiapo,7,3,0.8235294117647058,0.99,1,0.1,10,inner_steps
reptile,copiapo,7,4,0.5555555555555556,0.74,1,0.1,10,inner_steps
reptile,copiapo,7,5,0.8,0.9299999999999999,1,0.1,10,inner_steps
reptile,copiapo,7,6,0.625,0.89,1,0.1,10,inner_steps
reptile,copiapo,7,7,0.8571428571428571,0.9600000000000001,1,0.1,10,inner_steps
reptile,copiapo,7,8,0.7058823529411765,0.93,1,0.1,10,inner_steps
reptile,copiapo,7,9,0.7777777777777778,0.94,1,0.1,10,inner_steps
reptile,copiapo,7,10,0.782608695652174,0.9100000000000001,1,0.1,10,inner_steps
reptile,copiapo,7,11,0.7058823529411765,0.92,1,0.1,10,inner_steps
reptile,copiapo,7,12,0.7058823529411765,0.9300000000000002,1,0.1,10,inner_steps
reptile,copiapo,7,13,0.8181818181818182,0.9400000000000001,1,0.1,10,inner_steps
reptile,copiapo,7,14,0.8181818181818182,0.84,1,0.1,10,inner_steps
reptile,copiapo,7,15,0.8181818181818182,0.89,1,0.1,10,inner_steps
reptile,copiapo,7,16,0.8571428571428571,0.9099999999999999,1,0.1,10,inner_steps
reptile,copiapo,7,17,0.7368421052631579,0.9,1,0.1,10,inner_steps
reptile,copiapo,7,18,0.8235294117647058,1.0,1,0.1,10,inner_steps
reptile,copiapo,7,19,0.8571428571428571,0.9800000000000001,1,0.1,10,inner_steps
reptile,copiapo,7,20,0.6666666666666666,0.87,1,0.1,10,inner_steps
reptile,copiapo,7,21,0.9090909090909091,0.98,1,0.1,10,inner_steps
reptile,copiapo,7,22,0.8,1.0,1,0.1,10,inner_steps
reptile,copiapo,7,23,0.7272727272727273,0.755,1,0.1,10,inner_steps
reptile,copiapo,7,24,0.8181818181818182,0.8899999999999999,1,0.1,10,inner_steps
reptile,copiapo,7,25,0.9,0.99,1,0.1,10,inner_steps
reptile,copiapo,7,26,0.7619047619047619,0.7949999999999999,1,0.1,10,inner_steps
reptile,copiapo,7,27,0.9473684210526315,1.0,1,0.1,10,inner_steps
reptile,copiapo,7,28,0.7058823529411765,0.9,1,0.1,10,inner_steps
reptile,copiapo,7,29,0.8181818181818182,0.83,1,0.1,10,inner_steps
reptile,huasco,7,0,0.8,0.64,1,0.1,10,inner_steps
reptile,huasco,7,1,0.8571428571428571,0.96,1,0.1,10,inner_steps
reptile,huasco,7,2,0.7368421052631579,0.85,1,0.1,10,inner_steps
reptile,huasco,7,3,0.8235294117647058,0.9800000000000001,1,0.1,10,inner_steps
reptile,huasco,7,4,0.7407407407407407,0.76,1,0.1,10,inner_steps
reptile,huasco,7,5,0.8421052631578947,0.9099999999999999,1,0.1,10,inner_steps
reptile,huasco,7,6,0.6666666666666666,0.8300000000000001,1,0.1,10,inner_steps
reptile,huasco,7,7,0.9523809523809523,0.96,1,0.1,10,inner_steps
reptile,huasco,7,8,0.7619047619047619,0.8599999999999999,1,0.1,10,inner_steps
reptile,huasco,7,9,0.6666666666666666,0.71,1,0.1,10,inner_steps
reptile,huasco,7,10,0.8695652173913043,0.8300000000000001,1,0.1,10,inner_steps
reptile,huasco,7,11,0.9,0.97,1,0.1,10,inner_steps
reptile,huasco,7,12,0.6,0.72,1,0.1,10,inner_steps
reptile,huasco,7,13,0.9,0.9,1,0.1,10,inner_steps
reptile,huasco,7,14,0.8235294117647058,0.93,1,0.1,10,inner_steps
reptile,huasco,7,15,0.8695652173913043,0.9149999999999999,1,0.1,10,inner_steps
reptile,huasco,7,16,0.8421052631578947,0.9500000000000001,1,0.1,10,inner_steps
reptile,huasco,7,17,0.8,0.9200000000000002,1,0.1,10,inner_steps
reptile,huasco,7,18,0.8888888888888888,0.9800000000000001,1,0.1,10,inner_steps
reptile,huasco,7,19,0.8,0.885,1,0.1,10,inner_steps
reptile,huasco,7,20,0.7619047619047619,0.83,1,0.1,10,inner_steps
reptile,huasco,7,21,0.8,0.82,1,0.1,10,inner_steps
reptile,huasco,7,22,0.7368421052631579,0.86,1,0.1,10,inner_steps
reptile,huasco,7,23,0.8695652173913043,0.81,1,0.1,10,inner_steps
reptile,huasco,7,24,0.782608695652174,0.9400000000000001,1,0.1,10,inner_steps
reptile,huasco,7,25,0.9090909090909091,0.91,1,0.1,10,inner_steps
reptile,huasco,7,26,0.6,0.705,1,0.1,10,inner_steps
reptile,huasco,7,27,0.8181818181818182,0.88,1,0.1,10,inner_steps
reptile,huasco,7,28,0.8421052631578947,0.95,1,0.1,10,inner_steps
reptile,huasco,7,29,0.9473684210526315,1.0,1,0.1,10,inner_steps
reptile,elqui,7,0,0.5555555555555556,0.61,1,0.1,10,inner_steps
reptile,elqui,7,1,0.7142857142857143,0.6599999999999999,1,0.1,10,inner_steps
reptile,elqui,7,2,0.8,0.93,1,0.1,10,inner_steps
reptile,elqui,7,3,0.8181818181818182,0.9700000000000001,1,0.1,10,inner_steps
reptile,elqui,7,4,0.8,0.8800000000000001,1,0.1,10,inner_steps
reptile,elqui,7,5,0.7777777777777778,0.8900000000000001,1,0.1,10,inner_steps
reptile,elqui,7,6,0.9,0.95,1,0.1,10,inner_steps
reptile,elqui,7,7,0.7272727272727273,0.73,1,0.1,10,inner_steps
reptile,elqui,7,8,0.75,0.81,1,0.1,10,inner_steps
reptile,elqui,7,9,0.9,0.9000000000000001,1,0.1,10,inner_steps
reptile,elqui,7,10,0.7777777777777778,0.8200000000000001,1,0.1,10,inner_steps
reptile,elqui,7,11,0.8888888888888888,0.9500000000000001,1,0.1,10,inner_steps
reptile,elqui,7,12,0.8571428571428571,0.9400000000000001,1,0.1,10,inner_steps
reptile,elqui,7,13,0.7272727272727273,0.78,1,0.1,10,inner_steps
reptile,elqui,7,14,0.7777777777777778,0.78,1,0.1,10,inner_steps
reptile,elqui,7,15,0.8235294117647058,0.9299999999999999,1,0.1,10,inner_steps
reptile,elqui,7,16,0.6666666666666666,0.8500000000000001,1,0.1,10,inner_steps
reptile,elqui,7,17,0.8571428571428571,0.9299999999999999,1,0.1,10,inner_steps
reptile,elqui,7,18,0.782608695652174,0.81,1,0.1,10,inner_steps
reptile,elqui,7,19,0.7058823529411765,0.76,1,0.1,10,inner_steps
reptile,elqui,7,20,0.782608695652174,0.845,1,0.1,10,inner_steps
reptile,elqui,7,21,0.8888888888888888,0.9,1,0.1,10,inner_steps
reptile,elqui,7,22,0.9,0.97,1,0.1,10,inner_steps
reptile,elqui,7,23,0.9,0.9,1,0.1,10,inner_steps
reptile,elqui,7,24,0.8181818181818182,0.785,1,0.1,10,inner_steps
reptile,elqui,7,25,0.9090909090909091,0.98,1,0.1,10,inner_steps
reptile,elqui,7,26,0.42857142857142855,0.6099999999999999,1,0.1,10,inner_steps
reptile,elqui,7,27,0.6666666666666666,0.7,1,0.1,10,inner_steps
reptile,elqui,7,28,0.75,0.85,1,0.1,10,inner_steps
reptile,elqui,7,29,0.8695652173913043,0.95,1,0.1,10,inner_steps
reptile,limari,7,0,0.5714285714285714,0.5549999999999999,1,0.1,10,inner_steps
reptile,limari,7,1,0.7368421052631579,0.78,1,0.1,10,inner_steps
reptile,limari,7,2,0.75,0.74,1,0.1,10,inner_steps
reptile,limari,7,3,0.7777777777777778,0.9,1,0.1,10,inner_steps
reptile,limari,7,4,0.6666666666666666,0.635,1,0.1,10,inner_steps
reptile,limari,7,5,0.8,0.85,1,0.1,10,inner_steps
reptile,limari,7,6,0.8,0.75,1,0.1,10,inner_steps
reptile,limari,7,7,0.47058823529411764,0.61,1,0.1,10,inner_steps
reptile,limari,7,8,0.7272727272727273,0.77,1,0.1,10,inner_steps
reptile,limari,7,9,0.5454545454545454,0.52,1,0.1,10,inner_steps
reptile,limari,7,10,0.47058823529411764,0.6900000000000001,1,0.1,10,inner_steps
reptile,limari,7,11,0.75,0.62,1,0.1,10,inner_steps
reptile,limari,7,12,0.8421052631578947,0.88,1,0.1,10,inner_steps
reptile,limari,7,13,0.46153846153846156,0.8399999999999999,1,0.1,10,inner_steps
reptile,limari,7,14,0.7619047619047619,0.9,1,0.1,10,inner_steps
reptile,limari,7,15,0.43478260869565216,0.36,1,0.1,10,inner_steps
reptile,limari,7,16,0.7368421052631579,0.8200000000000001,1,0.1,10,inner_steps
reptile,limari,7,17,0.7368421052631579,0.8200000000000001,1,0.1,10,inner_steps
reptile,limari,7,18,0.6666666666666666,0.7100000000000001,1,0.1,10,inner_steps
reptile,limari,7,19,0.64,0.5,1,0.1,10,inner_steps
reptile,limari,7,20,0.8,0.9299999999999999,1,0.1,10,inner_steps
reptile,limari,7,21,0.6,0.73,1,0.1,10,inner_steps
reptile,limari,7,22,0.5555555555555556,0.7050000000000001,1,0.1,10,inner_steps
reptile,limari,7,23,0.8181818181818182,0.7849999999999999,1,0.1,10,inner_steps
reptile,limari,7,24,0.7619047619047619,0.79,1,0.1,10,inner_steps
reptile,limari,7,25,0.5,0.61,1,0.1,10,inner_steps
reptile,limari,7,26,0.7,0.6900000000000001,1,0.1,10,inner_steps
reptile,limari,7,27,0.6086956521739131,0.48,1,0.1,10,inner_steps
reptile,limari,7,28,0.5714285714285714,0.58,1,0.1,10,inner_steps
reptile,limari,7,29,0.631578947368421,0.7,1,0.1,10,inner_steps
fomaml,copiapo,42,0,0.8235294117647058,0.99,1,0.1,10,inner_steps
fomaml,copiapo,42,1,0.8235294117647058,0.94,1,0.1,10,inner_steps
fomaml,copiapo,42,2,0.8333333333333334,0.94,1,0.1,10,inner_steps
fomaml,copiapo,42,3,0.8333333333333334,0.93,1,0.1,10,inner_steps
fomaml,copiapo,42,4,0.7777777777777778,0.85,1,0.1,10,inner_steps
fomaml,copiapo,42,5,0.6363636363636364,0.82,1,0.1,10,inner_steps
fomaml,copiapo,42,6,0.7368421052631579,0.74,1,0.1,10,inner_steps
fomaml,copiapo,42,7,0.8695652173913043,0.92,1,0.1,10,inner_steps
fomaml,copiapo,42,8,0.9,0.97,1,0.1,10,inner_steps
fomaml,copiapo,42,9,0.8421052631578947,0.9800000000000001,1,0.1,10,inner_steps
fomaml,copiapo,42,10,0.8421052631578947,0.9400000000000001,1,0.1,10,inner_steps
fomaml,copiapo,42,11,0.782608695652174,0.88,1,0.1,10,inner_steps
fomaml,copiapo,42,12,0.8695652173913043,0.9700000000000001,1,0.1,10,inner_steps
fomaml,copiapo,42,13,0.7,0.82,1,0.1,10,inner_steps
fomaml,copiapo,42,14,0.4444444444444444,0.6749999999999999,1,0.1,10,inner_steps
fomaml,copiapo,42,15,0.8333333333333334,0.96,1,0.1,10,inner_steps
fomaml,copiapo,42,16,0.7777777777777778,0.97,1,0.1,10,inner_steps
fomaml,copiapo,42,17,0.9090909090909091,0.98,1,0.1,10,inner_steps
fomaml,copiapo,42,18,0.8235294117647058,0.9500000000000002,1,0.1,10,inner_steps
fomaml,copiapo,42,19,0.7368421052631579,0.92,1,0.1,10,inner_steps
fomaml,copiapo,42,20,0.8571428571428571,0.9800000000000001,1,0.1,10,inner_steps
fomaml,copiapo,42,21,0.9523809523809523,0.99,1,0.1,10,inner_steps
fomaml,copiapo,42,22,0.8333333333333334,0.92,1,0.1,10,inner_steps
fomaml,copiapo,42,23,0.7777777777777778,0.8,1,0.1,10,inner_steps
fomaml,copiapo,42,24,0.9473684210526315,1.0,1,0.1,10,inner_steps
fomaml,copiapo,42,25,0.9473684210526315,0.96,1,0.1,10,inner_steps
fomaml,copiapo,42,26,0.8421052631578947,0.97,1,0.1,10,inner_steps
fomaml,copiapo,42,27,0.9,0.9699999999999999,1,0.1,10,inner_steps
fomaml,copiapo,42,28,0.9,0.9,1,0.1,10,inner_steps
fomaml,copiapo,42,29,0.8421052631578947,0.97,1,0.1,10,inner_steps
fomaml,huasco,42,0,0.75,0.89,1,0.1,10,inner_steps
fomaml,huasco,42,1,0.75,1.0,1,0.1,10,inner_steps
fomaml,huasco,42,2,0.9090909090909091,0.98,1,0.1,10,inner_steps
fomaml,huasco,42,3,0.9,0.9700000000000001,1,0.1,10,inner_steps
fomaml,huasco,42,4,0.8,0.8799999999999999,1,0.1,10,inner_steps
fomaml,huasco,42,5,0.6666666666666666,0.8700000000000001,1,0.1,10,inner_steps
fomaml,huasco,42,6,0.8695652173913043,0.9800000000000001,1,0.1,10,inner_steps
fomaml,huasco,42,7,0.75,0.85,1,0.1,10,inner_steps
fomaml,huasco,42,8,0.8235294117647058,0.9800000000000001,1,0.1,10,inner_steps
fomaml,huasco,42,9,0.9473684210526315,0.98,1,0.1,10,inner_steps
fomaml,huasco,42,10,0.6666666666666666,0.8500000000000001,1,0.1,10,inner_steps
fomaml,huasco,42,11,0.8695652173913043,0.9800000000000001,1,0.1,10,inner_steps
fomaml,huasco,42,12,0.8,0.8700000000000001,1,0.1,10,inner_steps
fomaml,huasco,42,13,0.8888888888888888,1.0,1,0.1,10,inner_steps
fomaml,huasco,42,14,0.8695652173913043,0.81,1,0.1,10,inner_steps
fomaml,huasco,42,15,0.7,0.81,1,0.1,10,inner_steps
fomaml,huasco,42,16,0.6666666666666666,0.7899999999999999,1,0.1,10,inner_steps
fomaml,huasco,42,17,0.9523809523809523,0.9800000000000001,1,0.1,10,inner_steps
fomaml,huasco,42,18,0.8333333333333334,0.89,1,0.1,10,inner_steps
fomaml,huasco,42,19,0.9523809523809523,0.96,1,0.1,10,inner_steps
fomaml,huasco,42,20,0.8888888888888888,0.9800000000000001,1,0.1,10,inner_steps
fomaml,huasco,42,21,0.8888888888888888,0.9199999999999999,1,0.1,10,inner_steps
fomaml,huasco,42,22,0.7619047619047619,0.7949999999999999,1,0.1,10,inner_steps
fomaml,huasco,42,23,0.8571428571428571,0.7999999999999999,1,0.1,10,inner_steps
fomaml,huasco,42,24,0.8235294117647058,0.9500000000000001,1,0.1,10,inner_steps
fomaml,huasco,42,25,0.8888888888888888,0.96,1,0.1,10,inner_steps
fomaml,huasco,42,26,0.75,0.9000000000000001,1,0.1,10,inner_steps
fomaml,huasco,42,27,0.9523809523809523,0.9899999999999999,1,0.1,10,inner_steps
fomaml,huasco,42,28,0.8695652173913043,0.8699999999999999,1,0.1,10,inner_steps
fomaml,huasco,42,29,0.9,0.98,1,0.1,10,inner_steps
fomaml,elqui,42,0,0.4444444444444444,0.5900000000000001,1,0.1,10,inner_steps
fomaml,elqui,42,1,0.7058823529411765,0.89,1,0.1,10,inner_steps
fomaml,elqui,42,2,0.7368421052631579,0.85,1,0.1,10,inner_steps
fomaml,elqui,42,3,0.7,0.7700000000000001,1,0.1,10,inner_steps
fomaml,elqui,42,4,0.8888888888888888,0.98,1,0.1,10,inner_steps
fomaml,elqui,42,5,0.6666666666666666,0.8300000000000001,1,0.1,10,inner_steps
fomaml,elqui,42,6,0.7,0.6749999999999999,1,0.1,10,inner_steps
fomaml,elqui,42,7,0.7368421052631579,0.87,1,0.1,10,inner_steps
fomaml,elqui,42,8,0.7272727272727273,0.78,1,0.1,10,inner_steps
fomaml,elqui,42,9,0.7368421052631579,0.85,1,0.1,10,inner_steps
fomaml,elqui,42,10,0.7368421052631579,0.94,1,0.1,10,inner_steps
fomaml,elqui,42,11,0.5882352941176471,0.8,1,0.1,10,inner_steps
fomaml,elqui,42,12,0.7619047619047619,0.85,1,0.1,10,inner_steps
fomaml,elqui,42,13,0.8888888888888888,0.96,1,0.1,10,inner_steps
fomaml,elqui,42,14,0.8181818181818182,0.94,1,0.1,10,inner_steps
fomaml,elqui,42,15,0.7272727272727273,0.88,1,0.1,10,inner_steps
fomaml,elqui,42,16,0.8571428571428571,0.91,1,0.1,10,inner_steps
fomaml,elqui,42,17,0.7619047619047619,0.81,1,0.1,10,inner_steps
fomaml,elqui,42,18,0.8235294117647058,0.85,1,0.1,10,inner_steps
fomaml,elqui,42,19,0.6666666666666666,0.8,1,0.1,10,inner_steps
fomaml,elqui,42,20,0.7777777777777778,0.9299999999999999,1,0.1,10,inner_steps
fomaml,elqui,42,21,0.7272727272727273,0.7999999999999999,1,0.1,10,inner_steps
fomaml,elqui,42,22,0.625,0.8600000000000001,1,0.1,10,inner_steps
fomaml,elqui,42,23,0.7619047619047619,0.76,1,0.1,10,inner_steps
fomaml,elqui,42,24,0.625,0.89,1,0.1,10,inner_steps
fomaml,elqui,42,25,0.9,0.99,1,0.1,10,inner_steps
fomaml,elqui,42,26,0.9090909090909091,0.97,1,0.1,10,inner_steps
fomaml,elqui,42,27,0.631578947368421,0.76,1,0.1,10,inner_steps
fomaml,elqui,42,28,0.8571428571428571,0.8700000000000001,1,0.1,10,inner_steps
fomaml,elqui,42,29,0.8181818181818182,0.86,1,0.1,10,inner_steps
fomaml,limari,42,0,0.8421052631578947,0.88,1,0.1,10,inner_steps
fomaml,limari,42,1,0.6666666666666666,0.44,1,0.1,10,inner_steps
fomaml,limari,42,2,0.47058823529411764,0.69,1,0.1,10,inner_steps
fomaml,limari,42,3,0.4,0.43,1,0.1,10,inner_steps
fomaml,limari,42,4,0.6363636363636364,0.75,1,0.1,10,inner_steps
fomaml,limari,42,5,0.26666666666666666,0.54,1,0.1,10,inner_steps
fomaml,limari,42,6,0.7619047619047619,0.78,1,0.1,10,inner_steps
fomaml,limari,42,7,0.8421052631578947,0.91,1,0.1,10,inner_steps
fomaml,limari,42,8,0.6086956521739131,0.5800000000000001,1,0.1,10,inner_steps
fomaml,limari,42,9,0.5714285714285714,0.51,1,0.1,10,inner_steps
fomaml,limari,42,10,0.375,0.6799999999999999,1,0.1,10,inner_steps
fomaml,limari,42,11,0.9090909090909091,0.84,1,0.1,10,inner_steps
fomaml,limari,42,12,0.7,0.8200000000000001,1,0.1,10,inner_steps
fomaml,limari,42,13,0.782608695652174,0.81,1,0.1,10,inner_steps
fomaml,limari,42,14,0.7368421052631579,0.88,1,0.1,10,inner_steps
fomaml,limari,42,15,0.8,0.88,1,0.1,10,inner_steps
fomaml,limari,42,16,0.5555555555555556,0.63,1,0.1,10,inner_steps
fomaml,limari,42,17,0.2857142857142857,0.72,1,0.1,10,inner_steps
fomaml,limari,42,18,0.5454545454545454,0.47000000000000003,1,0.1,10,inner_steps
fomaml,limari,42,19,0.9090909090909091,0.8300000000000001,1,0.1,10,inner_steps
fomaml,limari,42,20,0.7368421052631579,0.74,1,0.1,10,inner_steps
fomaml,limari,42,21,0.6666666666666666,0.79,1,0.1,10,inner_steps
fomaml,limari,42,22,0.35294117647058826,0.63,1,0.1,10,inner_steps
fomaml,limari,42,23,0.4444444444444444,0.5800000000000001,1,0.1,10,inner_steps
fomaml,limari,42,24,0.7619047619047619,0.8300000000000001,1,0.1,10,inner_steps
fomaml,limari,42,25,0.5,0.72,1,0.1,10,inner_steps
fomaml,limari,42,26,0.8181818181818182,0.97,1,0.1,10,inner_steps
fomaml,limari,42,27,0.64,0.43000000000000005,1,0.1,10,inner_steps
fomaml,limari,42,28,0.6956521739130435,0.62,1,0.1,10,inner_steps
fomaml,limari,42,29,0.8181818181818182,0.7999999999999999,1,0.1,10,inner_steps
fomaml,copiapo,123,0,0.7777777777777778,0.94,1,0.1,10,inner_steps
fomaml,copiapo,123,1,0.782608695652174,0.7999999999999999,1,0.1,10,inner_steps
fomaml,copiapo,123,2,0.8235294117647058,1.0,1,0.1,10,inner_steps
fomaml,copiapo,123,3,0.9,0.9700000000000001,1,0.1,10,inner_steps
fomaml,copiapo,123,4,0.7777777777777778,0.9600000000000001,1,0.1,10,inner_steps
fomaml,copiapo,123,5,0.6666666666666666,0.84,1,0.1,10,inner_steps
fomaml,copiapo,123,6,0.9090909090909091,1.0,1,0.1,10,inner_steps
fomaml,copiapo,123,7,0.6363636363636364,0.69,1,0.1,10,inner_steps
fomaml,copiapo,123,8,0.7777777777777778,0.92,1,0.1,10,inner_steps
fomaml,copiapo,123,9,0.7058823529411765,0.95,1,0.1,10,inner_steps
fomaml,copiapo,123,10,0.7777777777777778,0.9700000000000001,1,0.1,10,inner_steps
fomaml,copiapo,123,11,0.8235294117647058,1.0,1,0.1,10,inner_steps
fomaml,copiapo,123,12,0.5333333333333333,0.79,1,0.1,10,inner_steps
fomaml,copiapo,123,13,0.7368421052631579,0.85,1,0.1,10,inner_steps
fomaml,copiapo,123,14,0.7058823529411765,0.84,1,0.1,10,inner_steps
fomaml,copiapo,123,15,0.9,0.93,1,0.1,10,inner_steps
fomaml,copiapo,123,16,0.8333333333333334,0.9699999999999999,1,0.1,10,inner_steps
fomaml,copiapo,123,17,0.8421052631578947,0.8900000000000001,1,0.1,10,inner_steps
fomaml,copiapo,123,18,0.6666666666666666,0.85,1,0.1,10,inner_steps
fomaml,copiapo,123,19,0.9473684210526315,1.0,1,0.1,10,inner_steps
fomaml,copiapo,123,20,0.5555555555555556,0.685,1,0.1,10,inner_steps
fomaml,copiapo,123,21,0.9,0.9700000000000001,1,0.1,10,inner_steps
fomaml,copiapo,123,22,0.72,0.77,1,0.1,10,inner_steps
fomaml,copiapo,123,23,0.631578947368421,0.75,1,0.1,10,inner_steps
fomaml,copiapo,123,24,0.9090909090909091,0.8899999999999999,1,0.1,10,inner_steps
fomaml,copiapo,123,25,0.8235294117647058,0.96,1,0.1,10,inner_steps
fomaml,copiapo,123,26,0.8,0.8300000000000001,1,0.1,10,inner_steps
fomaml,copiapo,123,27,0.8571428571428571,0.97,1,0.1,10,inner_steps
fomaml,copiapo,123,28,0.782608695652174,0.92,1,0.1,10,inner_steps
fomaml,copiapo,123,29,0.8235294117647058,0.89,1,0.1,10,inner_steps
fomaml,huasco,123,0,0.9090909090909091,0.97,1,0.1,10,inner_steps
fomaml,huasco,123,1,0.9473684210526315,1.0,1,0.1,10,inner_steps
fomaml,huasco,123,2,0.8,0.94,1,0.1,10,inner_steps
fomaml,huasco,123,3,0.8333333333333334,0.8200000000000001,1,0.1,10,inner_steps
fomaml,huasco,123,4,0.782608695652174,0.92,1,0.1,10,inner_steps
fomaml,huasco,123,5,0.625,0.9,1,0.1,10,inner_steps
fomaml,huasco,123,6,0.8421052631578947,0.96,1,0.1,10,inner_steps
fomaml,huasco,123,7,0.7692307692307693,0.845,1,0.1,10,inner_steps
fomaml,huasco,123,8,0.9523809523809523,0.9600000000000001,1,0.1,10,inner_steps
fomaml,huasco,123,9,0.8421052631578947,0.8,1,0.1,10,inner_steps
fomaml,huasco,123,10,0.8571428571428571,0.9700000000000001,1,0.1,10,inner_steps
fomaml,huasco,123,11,0.9090909090909091,0.9600000000000001,1,0.1,10,inner_steps
fomaml,huasco,123,12,0.9523809523809523,0.9700000000000001,1,0.1,10,inner_steps
fomaml,huasco,123,13,0.6666666666666666,0.8200000000000001,1,0.1,10,inner_steps
fomaml,huasco,123,14,0.8695652173913043,0.91,1,0.1,10,inner_steps
fomaml,huasco,123,15,0.9473684210526315,1.0,1,0.1,10,inner_steps
fomaml,huasco,123,16,0.9,0.97,1,0.1,10,inner_steps
fomaml,huasco,123,17,0.9523809523809523,1.0,1,0.1,10,inner_steps
fomaml,huasco,123,18,0.8695652173913043,0.8700000000000001,1,0.1,10,inner_steps
fomaml,huasco,123,19,0.7,0.845,1,0.1,10,inner_steps
fomaml,huasco,123,20,0.625,0.87,1,0.1,10,inner_steps
fomaml,huasco,123,21,0.9090909090909091,0.9199999999999999,1,0.1,10,inner_steps
fomaml,huasco,123,22,0.625,0.8999999999999999,1,0.1,10,inner_steps
fomaml,huasco,123,23,0.8333333333333334,0.97,1,0.1,10,inner_steps
fomaml,huasco,123,24,1.0,1.0,1,0.1,10,inner_steps
fomaml,huasco,123,25,0.8181818181818182,0.8499999999999999,1,0.1,10,inner_steps
fomaml,huasco,123,26,0.7058823529411765,0.9200000000000002,1,0.1,10,inner_steps
fomaml,huasco,123,27,0.8181818181818182,0.9299999999999999,1,0.1,10,inner_steps
fomaml,huasco,123,28,0.9090909090909091,0.95,1,0.1,10,inner_steps
fomaml,huasco,123,29,0.8235294117647058,0.9999999999999999,1,0.1,10,inner_steps
fomaml,elqui,123,0,0.6923076923076923,0.8200000000000001,1,0.1,10,inner_steps
fomaml,elqui,123,1,0.6666666666666666,0.76,1,0.1,10,inner_steps
fomaml,elqui,123,2,0.6363636363636364,0.53,1,0.1,10,inner_steps
fomaml,elqui,123,3,0.8695652173913043,0.8999999999999999,1,0.1,10,inner_steps
fomaml,elqui,123,4,0.7368421052631579,0.8300000000000001,1,0.1,10,inner_steps
fomaml,elqui,123,5,0.8421052631578947,0.8900000000000001,1,0.1,10,inner_steps
fomaml,elqui,123,6,0.8421052631578947,0.94,1,0.1,10,inner_steps
fomaml,elqui,123,7,0.8421052631578947,0.81,1,0.1,10,inner_steps
fomaml,elqui,123,8,0.7368421052631579,0.78,1,0.1,10,inner_steps
fomaml,elqui,123,9,0.8571428571428571,0.88,1,0.1,10,inner_steps
fomaml,elqui,123,10,0.8,0.87,1,0.1,10,inner_steps
fomaml,elqui,123,11,0.9473684210526315,1.0,1,0.1,10,inner_steps
fomaml,elqui,123,12,0.6666666666666666,0.76,1,0.1,10,inner_steps
fomaml,elqui,123,13,0.9,0.93,1,0.1,10,inner_steps
fomaml,elqui,123,14,0.8333333333333334,0.99,1,0.1,10,inner_steps
fomaml,elqui,123,15,0.7058823529411765,0.73,1,0.1,10,inner_steps
fomaml,elqui,123,16,0.8571428571428571,0.9100000000000001,1,0.1,10,inner_steps
fomaml,elqui,123,17,0.8888888888888888,1.0,1,0.1,10,inner_steps
fomaml,elqui,123,18,0.8333333333333334,0.98,1,0.1,10,inner_steps
fomaml,elqui,123,19,0.7777777777777778,0.76,1,0.1,10,inner_steps
fomaml,elqui,123,20,0.8571428571428571,0.875,1,0.1,10,inner_steps
fomaml,elqui,123,21,0.8235294117647058,0.98,1,0.1,10,inner_steps
fomaml,elqui,123,22,0.9,0.94,1,0.1,10,inner_steps
fomaml,elqui,123,23,0.9,0.9600000000000001,1,0.1,10,inner_steps
fomaml,elqui,123,24,0.6666666666666666,0.7799999999999999,1,0.1,10,inner_steps
fomaml,elqui,123,25,0.6666666666666666,0.73,1,0.1,10,inner_steps
fomaml,elqui,123,26,0.7692307692307693,0.93,1,0.1,10,inner_steps
fomaml,elqui,123,27,0.7,0.6900000000000001,1,0.1,10,inner_steps
fomaml,elqui,123,28,0.5714285714285714,0.6900000000000001,1,0.1,10,inner_steps
fomaml,elqui,123,29,0.7058823529411765,0.7699999999999999,1,0.1,10,inner_steps
fomaml,limari,123,0,0.5263157894736842,0.65,1,0.1,10,inner_steps
fomaml,limari,123,1,0.4,0.73,1,0.1,10,inner_steps
fomaml,limari,123,2,0.72,0.72,1,0.1,10,inner_steps
fomaml,limari,123,3,0.625,0.81,1,0.1,10,inner_steps
fomaml,limari,123,4,0.5555555555555556,0.71,1,0.1,10,inner_steps
fomaml,limari,123,5,0.5714285714285714,0.55,1,0.1,10,inner_steps
fomaml,limari,123,6,0.7777777777777778,0.89,1,0.1,10,inner_steps
fomaml,limari,123,7,0.6666666666666666,0.7999999999999999,1,0.1,10,inner_steps
fomaml,limari,123,8,0.5217391304347826,0.37,1,0.1,10,inner_steps
fomaml,limari,123,9,0.7,0.76,1,0.1,10,inner_steps
fomaml,limari,123,10,0.3333333333333333,0.95,1,0.1,10,inner_steps
fomaml,limari,123,11,0.4444444444444444,0.64,1,0.1,10,inner_steps
fomaml,limari,123,12,0.631578947368421,0.66,1,0.1,10,inner_steps
fomaml,limari,123,13,0.631578947368421,0.73,1,0.1,10,inner_steps
fomaml,limari,123,14,0.7058823529411765,0.86,1,0.1,10,inner_steps
fomaml,limari,123,15,0.8181818181818182,0.77,1,0.1,10,inner_steps
fomaml,limari,123,16,0.631578947368421,0.65,1,0.1,10,inner_steps
fomaml,limari,123,17,0.8695652173913043,0.88,1,0.1,10,inner_steps
fomaml,limari,123,18,0.5,0.74,1,0.1,10,inner_steps
fomaml,limari,123,19,0.7368421052631579,0.8099999999999999,1,0.1,10,inner_steps
fomaml,limari,123,20,0.8333333333333334,0.71,1,0.1,10,inner_steps
fomaml,limari,123,21,0.7619047619047619,0.92,1,0.1,10,inner_steps
fomaml,limari,123,22,0.375,0.64,1,0.1,10,inner_steps
fomaml,limari,123,23,0.6,0.74,1,0.1,10,inner_steps
fomaml,limari,123,24,0.631578947368421,0.57,1,0.1,10,inner_steps
fomaml,limari,123,25,0.6666666666666666,0.38,1,0.1,10,inner_steps
fomaml,limari,123,26,0.5714285714285714,0.63,1,0.1,10,inner_steps
fomaml,limari,123,27,0.6956521739130435,0.7,1,0.1,10,inner_steps
fomaml,limari,123,28,0.7272727272727273,0.74,1,0.1,10,inner_steps
fomaml,limari,123,29,0.42105263157894735,0.56,1,0.1,10,inner_steps
fomaml,copiapo,7,0,0.8695652173913043,0.9500000000000001,1,0.1,10,inner_steps
fomaml,copiapo,7,1,0.8,0.91,1,0.1,10,inner_steps
fomaml,copiapo,7,2,0.8,0.9400000000000001,1,0.1,10,inner_steps
fomaml,copiapo,7,3,0.8,0.89,1,0.1,10,inner_steps
fomaml,copiapo,7,4,0.7368421052631579,0.85,1,0.1,10,inner_steps
fomaml,copiapo,7,5,0.8333333333333334,0.92,1,0.1,10,inner_steps
fomaml,copiapo,7,6,0.8571428571428571,0.91,1,0.1,10,inner_steps
fomaml,copiapo,7,7,0.6666666666666666,0.8800000000000001,1,0.1,10,inner_steps
fomaml,copiapo,7,8,0.7619047619047619,0.8600000000000001,1,0.1,10,inner_steps
fomaml,copiapo,7,9,0.8,0.92,1,0.1,10,inner_steps
fomaml,copiapo,7,10,0.75,0.92,1,0.1,10,inner_steps
fomaml,copiapo,7,11,0.5555555555555556,0.7,1,0.1,10,inner_steps
fomaml,copiapo,7,12,0.8571428571428571,0.98,1,0.1,10,inner_steps
fomaml,copiapo,7,13,0.72,0.76,1,0.1,10,inner_steps
fomaml,copiapo,7,14,0.8181818181818182,0.9,1,0.1,10,inner_steps
fomaml,copiapo,7,15,0.9523809523809523,0.9400000000000001,1,0.1,10,inner_steps
fomaml,copiapo,7,16,0.8571428571428571,0.9699999999999999,1,0.1,10,inner_steps
fomaml,copiapo,7,17,0.8888888888888888,0.92,1,0.1,10,inner_steps
fomaml,copiapo,7,18,0.7368421052631579,0.89,1,0.1,10,inner_steps
fomaml,copiapo,7,19,0.8421052631578947,0.89,1,0.1,10,inner_steps
fomaml,copiapo,7,20,0.8,0.8999999999999999,1,0.1,10,inner_steps
fomaml,copiapo,7,21,0.8888888888888888,0.95,1,0.1,10,inner_steps
fomaml,copiapo,7,22,0.7058823529411765,0.84,1,0.1,10,inner_steps
fomaml,copiapo,7,23,0.631578947368421,0.76,1,0.1,10,inner_steps
fomaml,copiapo,7,24,0.8888888888888888,0.8200000000000001,1,0.1,10,inner_steps
fomaml,copiapo,7,25,0.7619047619047619,0.9099999999999999,1,0.1,10,inner_steps
fomaml,copiapo,7,26,0.9090909090909091,0.9199999999999999,1,0.1,10,inner_steps
fomaml,copiapo,7,27,0.75,0.8300000000000001,1,0.1,10,inner_steps
fomaml,copiapo,7,28,0.6666666666666666,0.8800000000000001,1,0.1,10,inner_steps
fomaml,copiapo,7,29,0.6666666666666666,0.8099999999999999,1,0.1,10,inner_steps
fomaml,huasco,7,0,0.9090909090909091,0.99,1,0.1,10,inner_steps
fomaml,huasco,7,1,0.6666666666666666,0.8899999999999999,1,0.1,10,inner_steps
fomaml,huasco,7,2,0.9,0.9,1,0.1,10,inner_steps
fomaml,huasco,7,3,0.9473684210526315,1.0,1,0.1,10,inner_steps
fomaml,huasco,7,4,0.8,0.8499999999999999,1,0.1,10,inner_steps
fomaml,huasco,7,5,0.9523809523809523,0.99,1,0.1,10,inner_steps
fomaml,huasco,7,6,0.8571428571428571,0.9400000000000001,1,0.1,10,inner_steps
fomaml,huasco,7,7,0.7058823529411765,0.9200000000000002,1,0.1,10,inner_steps
fomaml,huasco,7,8,0.8333333333333334,0.8499999999999999,1,0.1,10,inner_steps
fomaml,huasco,7,9,0.8695652173913043,0.93,1,0.1,10,inner_steps
fomaml,huasco,7,10,0.8571428571428571,0.98,1,0.1,10,inner_steps
fomaml,huasco,7,11,0.6923076923076923,0.7899999999999999,1,0.1,10,inner_steps
fomaml,huasco,7,12,0.8695652173913043,0.755,1,0.1,10,inner_steps
fomaml,huasco,7,13,0.7619047619047619,0.835,1,0.1,10,inner_steps
fomaml,huasco,7,14,1.0,1.0,1,0.1,10,inner_steps
fomaml,huasco,7,15,0.8571428571428571,0.8350000000000001,1,0.1,10,inner_steps
fomaml,huasco,7,16,0.8333333333333334,0.91,1,0.1,10,inner_steps
fomaml,huasco,7,17,0.7,0.67,1,0.1,10,inner_steps
fomaml,huasco,7,18,0.9523809523809523,0.94,1,0.1,10,inner_steps
fomaml,huasco,7,19,0.9523809523809523,1.0,1,0.1,10,inner_steps
fomaml,huasco,7,20,0.782608695652174,0.83,1,0.1,10,inner_steps
fomaml,huasco,7,21,0.9,0.99,1,0.1,10,inner_steps
fomaml,huasco,7,22,0.782608695652174,0.9,1,0.1,10,inner_steps
fomaml,huasco,7,23,0.7368421052631579,0.8999999999999999,1,0.1,10,inner_steps
fomaml,huasco,7,24,0.9523809523809523,0.93,1,0.1,10,inner_steps
fomaml,huasco,7,25,0.6956521739130435,0.77,1,0.1,10,inner_steps
fomaml,huasco,7,26,0.8888888888888888,0.98,1,0.1,10,inner_steps
fomaml,huasco,7,27,0.6,0.73,1,0.1,10,inner_steps
fomaml,huasco,7,28,1.0,1.0,1,0.1,10,inner_steps
fomaml,huasco,7,29,0.8,0.91,1,0.1,10,inner_steps
fomaml,elqui,7,0,0.7272727272727273,0.64,1,0.1,10,inner_steps
fomaml,elqui,7,1,0.8571428571428571,0.9400000000000001,1,0.1,10,inner_steps
fomaml,elqui,7,2,0.782608695652174,0.6749999999999999,1,0.1,10,inner_steps
fomaml,elqui,7,3,0.7,0.86,1,0.1,10,inner_steps
fomaml,elqui,7,4,0.8,0.84,1,0.1,10,inner_steps
fomaml,elqui,7,5,0.631578947368421,0.6699999999999999,1,0.1,10,inner_steps
fomaml,elqui,7,6,0.625,0.8800000000000001,1,0.1,10,inner_steps
fomaml,elqui,7,7,0.9090909090909091,0.98,1,0.1,10,inner_steps
fomaml,elqui,7,8,0.6,0.69,1,0.1,10,inner_steps
fomaml,elqui,7,9,0.7272727272727273,0.8500000000000001,1,0.1,10,inner_steps
fomaml,elqui,7,10,0.7368421052631579,0.8500000000000001,1,0.1,10,inner_steps
fomaml,elqui,7,11,0.6363636363636364,0.74,1,0.1,10,inner_steps
fomaml,elqui,7,12,0.8,0.89,1,0.1,10,inner_steps
fomaml,elqui,7,13,0.7777777777777778,0.9000000000000001,1,0.1,10,inner_steps
fomaml,elqui,7,14,0.7368421052631579,0.77,1,0.1,10,inner_steps
fomaml,elqui,7,15,0.8,0.88,1,0.1,10,inner_steps
fomaml,elqui,7,16,0.7368421052631579,0.87,1,0.1,10,inner_steps
fomaml,elqui,7,17,0.6666666666666666,0.65,1,0.1,10,inner_steps
fomaml,elqui,7,18,0.6666666666666666,0.86,1,0.1,10,inner_steps
fomaml,elqui,7,19,0.8,0.8700000000000001,1,0.1,10,inner_steps
fomaml,elqui,7,20,0.8181818181818182,0.8799999999999999,1,0.1,10,inner_steps
fomaml,elqui,7,21,0.6,0.74,1,0.1,10,inner_steps
fomaml,elqui,7,22,0.8695652173913043,0.9400000000000001,1,0.1,10,inner_steps
fomaml,elqui,7,23,0.7142857142857143,0.63,1,0.1,10,inner_steps
fomaml,elqui,7,24,0.782608695652174,0.74,1,0.1,10,inner_steps
fomaml,elqui,7,25,0.75,0.85,1,0.1,10,inner_steps
fomaml,elqui,7,26,0.8571428571428571,0.96,1,0.1,10,inner_steps
fomaml,elqui,7,27,0.8421052631578947,0.86,1,0.1,10,inner_steps
fomaml,elqui,7,28,0.8181818181818182,0.86,1,0.1,10,inner_steps
fomaml,elqui,7,29,0.7619047619047619,0.9099999999999999,1,0.1,10,inner_steps
fomaml,limari,7,0,0.6666666666666666,0.64,1,0.1,10,inner_steps
fomaml,limari,7,1,0.9090909090909091,0.9099999999999999,1,0.1,10,inner_steps
fomaml,limari,7,2,0.4444444444444444,0.53,1,0.1,10,inner_steps
fomaml,limari,7,3,0.7272727272727273,0.74,1,0.1,10,inner_steps
fomaml,limari,7,4,0.72,0.5700000000000001,1,0.1,10,inner_steps
fomaml,limari,7,5,0.47619047619047616,0.31,1,0.1,10,inner_steps
fomaml,limari,7,6,0.782608695652174,0.78,1,0.1,10,inner_steps
fomaml,limari,7,7,0.5555555555555556,0.65,1,0.1,10,inner_steps
fomaml,limari,7,8,0.7,0.76,1,0.1,10,inner_steps
fomaml,limari,7,9,0.8333333333333334,0.68,1,0.1,10,inner_steps
fomaml,limari,7,10,0.7368421052631579,0.76,1,0.1,10,inner_steps
fomaml,limari,7,11,0.72,0.475,1,0.1,10,inner_steps
fomaml,limari,7,12,0.8571428571428571,0.88,1,0.1,10,inner_steps
fomaml,limari,7,13,0.8333333333333334,0.85,1,0.1,10,inner_steps
fomaml,limari,7,14,0.8695652173913043,0.7699999999999999,1,0.1,10,inner_steps
fomaml,limari,7,15,0.45454545454545453,0.38,1,0.1,10,inner_steps
fomaml,limari,7,16,0.7619047619047619,0.69,1,0.1,10,inner_steps
fomaml,limari,7,17,0.6363636363636364,0.61,1,0.1,10,inner_steps
fomaml,limari,7,18,0.7368421052631579,0.8699999999999999,1,0.1,10,inner_steps
fomaml,limari,7,19,0.4444444444444444,0.59,1,0.1,10,inner_steps
fomaml,limari,7,20,0.6666666666666666,0.59,1,0.1,10,inner_steps
fomaml,limari,7,21,0.7619047619047619,0.75,1,0.1,10,inner_steps
fomaml,limari,7,22,0.5217391304347826,0.43000000000000005,1,0.1,10,inner_steps
fomaml,limari,7,23,0.6363636363636364,0.595,1,0.1,10,inner_steps
fomaml,limari,7,24,0.75,0.73,1,0.1,10,inner_steps
fomaml,limari,7,25,0.7,0.78,1,0.1,10,inner_steps
fomaml,limari,7,26,0.6956521739130435,0.76,1,0.1,10,inner_steps
fomaml,limari,7,27,0.9,0.9600000000000001,1,0.1,10,inner_steps
fomaml,limari,7,28,0.4,0.77,1,0.1,10,inner_steps
fomaml,limari,7,29,0.8695652173913043,0.86,1,0.1,10,inner_steps
reptile,copiapo,42,0,0.8571428571428571,0.95,3,0.1,10,inner_steps
reptile,copiapo,42,1,0.8571428571428571,0.98,3,0.1,10,inner_steps
reptile,copiapo,42,2,0.7368421052631579,0.92,3,0.1,10,inner_steps
reptile,copiapo,42,3,0.8888888888888888,0.9800000000000001,3,0.1,10,inner_steps
reptile,copiapo,42,4,0.9473684210526315,1.0,3,0.1,10,inner_steps
reptile,copiapo,42,5,0.8695652173913043,0.8549999999999999,3,0.1,10,inner_steps
reptile,copiapo,42,6,0.75,0.97,3,0.1,10,inner_steps
reptile,copiapo,42,7,0.7058823529411765,0.87,3,0.1,10,inner_steps
reptile,copiapo,42,8,0.9473684210526315,1.0,3,0.1,10,inner_steps
reptile,copiapo,42,9,0.8,0.85,3,0.1,10,inner_steps
reptile,copiapo,42,10,0.625,0.84,3,0.1,10,inner_steps
reptile,copiapo,42,11,0.8421052631578947,0.9199999999999999,3,0.1,10,inner_steps
reptile,copiapo,42,12,0.8235294117647058,0.95,3,0.1,10,inner_steps
reptile,copiapo,42,13,0.9523809523809523,0.99,3,0.1,10,inner_steps
reptile,copiapo,42,14,0.5333333333333333,0.8,3,0.1,10,inner_steps
reptile,copiapo,42,15,0.8235294117647058,0.98,3,0.1,10,inner_steps
reptile,copiapo,42,16,0.75,0.9500000000000001,3,0.1,10,inner_steps
reptile,copiapo,42,17,0.8888888888888888,0.98,3,0.1,10,inner_steps
reptile,copiapo,42,18,0.7058823529411765,0.85,3,0.1,10,inner_steps
reptile,copiapo,42,19,0.9473684210526315,0.97,3,0.1,10,inner_steps
reptile,copiapo,42,20,0.9,0.93,3,0.1,10,inner_steps
reptile,copiapo,42,21,0.7619047619047619,0.89,3,0.1,10,inner_steps
reptile,copiapo,42,22,0.8421052631578947,0.9500000000000001,3,0.1,10,inner_steps
reptile,copiapo,42,23,0.75,1.0,3,0.1,10,inner_steps
reptile,copiapo,42,24,0.5833333333333334,0.7,3,0.1,10,inner_steps
reptile,copiapo,42,25,0.8,0.9,3,0.1,10,inner_steps
reptile,copiapo,42,26,0.8,0.93,3,0.1,10,inner_steps
reptile,copiapo,42,27,0.7058823529411765,0.94,3,0.1,10,inner_steps
reptile,copiapo,42,28,0.8181818181818182,0.92,3,0.1,10,inner_steps
reptile,copiapo,42,29,1.0,1.0,3,0.1,10,inner_steps
reptile,huasco,42,0,0.8235294117647058,1.0,3,0.1,10,inner_steps
reptile,huasco,42,1,0.631578947368421,0.8099999999999999,3,0.1,10,inner_steps
reptile,huasco,42,2,0.9090909090909091,0.92,3,0.1,10,inner_steps
reptile,huasco,42,3,0.9,0.9800000000000001,3,0.1,10,inner_steps
reptile,huasco,42,4,0.7777777777777778,0.9400000000000001,3,0.1,10,inner_steps
reptile,huasco,42,5,0.8181818181818182,0.8,3,0.1,10,inner_steps
reptile,huasco,42,6,0.9,0.99,3,0.1,10,inner_steps
reptile,huasco,42,7,0.8571428571428571,0.9199999999999999,3,0.1,10,inner_steps
reptile,huasco,42,8,0.7368421052631579,0.8900000000000001,3,0.1,10,inner_steps
reptile,huasco,42,9,0.8571428571428571,0.9600000000000001,3,0.1,10,inner_steps
reptile,huasco,42,10,0.8571428571428571,0.9199999999999999,3,0.1,10,inner_steps
reptile,huasco,42,11,0.8235294117647058,0.9599999999999999,3,0.1,10,inner_steps
reptile,huasco,42,12,0.9473684210526315,1.0,3,0.1,10,inner_steps
reptile,huasco,42,13,0.7058823529411765,0.77,3,0.1,10,inner_steps
reptile,huasco,42,14,0.9,0.93,3,0.1,10,inner_steps
reptile,huasco,42,15,0.8235294117647058,0.98,3,0.1,10,inner_steps
reptile,huasco,42,16,0.8,0.92,3,0.1,10,inner_steps
reptile,huasco,42,17,0.7619047619047619,0.87,3,0.1,10,inner_steps
reptile,huasco,42,18,0.8235294117647058,0.98,3,0.1,10,inner_steps
reptile,huasco,42,19,0.625,0.9300000000000002,3,0.1,10,inner_steps
reptile,huasco,42,20,0.9090909090909091,0.9400000000000001,3,0.1,10,inner_steps
reptile,huasco,42,21,0.8695652173913043,0.9199999999999999,3,0.1,10,inner_steps
reptile,huasco,42,22,0.8571428571428571,0.8800000000000001,3,0.1,10,inner_steps
reptile,huasco,42,23,0.5263157894736842,0.68,3,0.1,10,inner_steps
reptile,huasco,42,24,0.8333333333333334,0.77,3,0.1,10,inner_steps
reptile,huasco,42,25,0.9090909090909091,0.95,3,0.1,10,inner_steps
reptile,huasco,42,26,0.7058823529411765,0.9100000000000001,3,0.1,10,inner_steps
reptile,huasco,42,27,0.9473684210526315,1.0,3,0.1,10,inner_steps
reptile,huasco,42,28,0.8181818181818182,0.845,3,0.1,10,inner_steps
reptile,huasco,42,29,0.8181818181818182,0.79,3,0.1,10,inner_steps
reptile,elqui,42,0,0.8571428571428571,0.92,3,0.1,10,inner_steps
reptile,elqui,42,1,0.6666666666666666,0.85,3,0.1,10,inner_steps
reptile,elqui,42,2,0.7368421052631579,0.7999999999999999,3,0.1,10,inner_steps
reptile,elqui,42,3,0.8571428571428571,0.92,3,0.1,10,inner_steps
reptile,elqui,42,4,0.8333333333333334,0.7799999999999999,3,0.1,10,inner_steps
reptile,elqui,42,5,0.5714285714285714,0.7,3,0.1,10,inner_steps
reptile,elqui,42,6,0.6923076923076923,0.83,3,0.1,10,inner_steps
reptile,elqui,42,7,0.8,0.89,3,0.1,10,inner_steps
reptile,elqui,42,8,0.8888888888888888,0.92,3,0.1,10,inner_steps
reptile,elqui,42,9,0.5882352941176471,0.8399999999999999,3,0.1,10,inner_steps
reptile,elqui,42,10,0.42857142857142855,0.66,3,0.1,10,inner_steps
reptile,elqui,42,11,0.782608695652174,0.84,3,0.1,10,inner_steps
reptile,elqui,42,12,0.7,0.725,3,0.1,10,inner_steps
reptile,elqui,42,13,0.8695652173913043,0.9299999999999999,3,0.1,10,inner_steps
reptile,elqui,42,14,0.7777777777777778,0.9000000000000001,3,0.1,10,inner_steps
reptile,elqui,42,15,0.6956521739130435,0.8200000000000001,3,0.1,10,inner_steps
reptile,elqui,42,16,0.7619047619047619,0.81,3,0.1,10,inner_steps
reptile,elqui,42,17,0.782608695652174,0.8200000000000001,3,0.1,10,inner_steps
reptile,elqui,42,18,0.8571428571428571,0.79,3,0.1,10,inner_steps
reptile,elqui,42,19,0.9523809523809523,1.0,3,0.1,10,inner_steps
reptile,elqui,42,20,0.75,0.72,3,0.1,10,inner_steps
reptile,elqui,42,21,0.8333333333333334,0.755,3,0.1,10,inner_steps
reptile,elqui,42,22,0.8421052631578947,0.96,3,0.1,10,inner_steps
reptile,elqui,42,23,0.7777777777777778,0.85,3,0.1,10,inner_steps
reptile,elqui,42,24,0.8181818181818182,0.9500000000000001,3,0.1,10,inner_steps
reptile,elqui,42,25,0.42857142857142855,0.81,3,0.1,10,inner_steps
reptile,elqui,42,26,0.625,0.93,3,0.1,10,inner_steps
reptile,elqui,42,27,0.782608695652174,0.87,3,0.1,10,inner_steps
reptile,elqui,42,28,0.6956521739130435,0.77,3,0.1,10,inner_steps
reptile,elqui,42,29,0.8181818181818182,0.9499999999999998,3,0.1,10,inner_steps
reptile,limari,42,0,0.4,0.72,3,0.1,10,inner_steps
reptile,limari,42,1,0.6956521739130435,0.5800000000000001,3,0.1,10,inner_steps
reptile,limari,42,2,0.6153846153846154,0.5700000000000001,3,0.1,10,inner_steps
reptile,limari,42,3,0.7,0.75,3,0.1,10,inner_steps
reptile,limari,42,4,0.7,0.8200000000000001,3,0.1,10,inner_steps
reptile,limari,42,5,0.6363636363636364,0.55,3,0.1,10,inner_steps
reptile,limari,42,6,0.23529411764705882,0.49000000000000005,3,0.1,10,inner_steps
reptile,limari,42,7,0.7058823529411765,0.75,3,0.1,10,inner_steps
reptile,limari,42,8,0.72,0.54,3,0.1,10,inner_steps
reptile,limari,42,9,0.5,0.575,3,0.1,10,inner_steps
reptile,limari,42,10,0.26666666666666666,0.5399999999999999,3,0.1,10,inner_steps
reptile,limari,42,11,0.5,0.55,3,0.1,10,inner_steps
reptile,limari,42,12,0.782608695652174,0.8300000000000001,3,0.1,10,inner_steps
reptile,limari,42,13,0.5555555555555556,0.41000000000000003,3,0.1,10,inner_steps
reptile,limari,42,14,0.6666666666666666,0.69,3,0.1,10,inner_steps
reptile,limari,42,15,0.5714285714285714,0.615,3,0.1,10,inner_steps
reptile,limari,42,16,0.7272727272727273,0.75,3,0.1,10,inner_steps
reptile,limari,42,17,0.6666666666666666,0.62,3,0.1,10,inner_steps
reptile,limari,42,18,0.6666666666666666,0.85,3,0.1,10,inner_steps
reptile,limari,42,19,0.6,0.6900000000000001,3,0.1,10,inner_steps
reptile,limari,42,20,0.75,0.77,3,0.1,10,inner_steps
reptile,limari,42,21,0.6,0.64,3,0.1,10,inner_steps
reptile,limari,42,22,0.782608695652174,0.63,3,0.1,10,inner_steps
reptile,limari,42,23,0.7,0.81,3,0.1,10,inner_steps
reptile,limari,42,24,0.5263157894736842,0.65,3,0.1,10,inner_steps
reptile,limari,42,25,0.8421052631578947,0.86,3,0.1,10,inner_steps
reptile,limari,42,26,0.8181818181818182,0.79,3,0.1,10,inner_steps
reptile,limari,42,27,0.64,0.47000000000000003,3,0.1,10,inner_steps
reptile,limari,42,28,0.631578947368421,0.7000000000000001,3,0.1,10,inner_steps
reptile,limari,42,29,0.6363636363636364,0.53,3,0.1,10,inner_steps
reptile,copiapo,123,0,0.8571428571428571,0.8700000000000001,3,0.1,10,inner_steps
reptile,copiapo,123,1,0.8571428571428571,0.94,3,0.1,10,inner_steps
reptile,copiapo,123,2,0.7058823529411765,0.8200000000000001,3,0.1,10,inner_steps
reptile,copiapo,123,3,0.9,0.99,3,0.1,10,inner_steps
reptile,copiapo,123,4,0.9,0.98,3,0.1,10,inner_steps
reptile,copiapo,123,5,0.7058823529411765,0.9,3,0.1,10,inner_steps
reptile,copiapo,123,6,0.8421052631578947,0.91,3,0.1,10,inner_steps
reptile,copiapo,123,7,0.75,0.9500000000000001,3,0.1,10,inner_steps
reptile,copiapo,123,8,0.7619047619047619,0.88,3,0.1,10,inner_steps
reptile,copiapo,123,9,0.8333333333333334,0.895,3,0.1,10,inner_steps
reptile,copiapo,123,10,0.9523809523809523,0.98,3,0.1,10,inner_steps
reptile,copiapo,123,11,0.9090909090909091,0.9099999999999999,3,0.1,10,inner_steps
reptile,copiapo,123,12,0.8,0.9299999999999999,3,0.1,10,inner_steps
reptile,copiapo,123,13,0.7692307692307693,0.795,3,0.1,10,inner_steps
reptile,copiapo,123,14,0.8,0.8250000000000001,3,0.1,10,inner_steps
reptile,copiapo,123,15,0.8235294117647058,0.97,3,0.1,10,inner_steps
reptile,copiapo,123,16,0.8421052631578947,0.9,3,0.1,10,inner_steps
reptile,copiapo,123,17,0.8181818181818182,0.97,3,0.1,10,inner_steps
reptile,copiapo,123,18,0.8,0.9600000000000001,3,0.1,10,inner_steps
reptile,copiapo,123,19,0.8421052631578947,0.9400000000000001,3,0.1,10,inner_steps
reptile,copiapo,123,20,0.8695652173913043,0.87,3,0.1,10,inner_steps
reptile,copiapo,123,21,0.8571428571428571,0.8999999999999999,3,0.1,10,inner_steps
reptile,copiapo,123,22,0.9523809523809523,0.99,3,0.1,10,inner_steps
reptile,copiapo,123,23,0.8,0.79,3,0.1,10,inner_steps
reptile,copiapo,123,24,0.9,0.98,3,0.1,10,inner_steps
reptile,copiapo,123,25,0.7619047619047619,0.89,3,0.1,10,inner_steps
reptile,copiapo,123,26,0.6666666666666666,0.9400000000000001,3,0.1,10,inner_steps
reptile,copiapo,123,27,0.782608695652174,0.9600000000000001,3,0.1,10,inner_steps
reptile,copiapo,123,28,0.9473684210526315,0.9999999999999999,3,0.1,10,inner_steps
reptile,copiapo,123,29,0.9090909090909091,0.94,3,0.1,10,inner_steps
reptile,huasco,123,0,0.7,0.79,3,0.1,10,inner_steps
reptile,huasco,123,1,0.8571428571428571,0.9099999999999999,3,0.1,10,inner_steps
reptile,huasco,123,2,0.9090909090909091,0.9400000000000001,3,0.1,10,inner_steps
reptile,huasco,123,3,0.8571428571428571,0.8200000000000001,3,0.1,10,inner_steps
reptile,huasco,123,4,0.8235294117647058,0.84,3,0.1,10,inner_steps
reptile,huasco,123,5,0.8888888888888888,0.9600000000000001,3,0.1,10,inner_steps
reptile,huasco,123,6,0.9523809523809523,0.94,3,0.1,10,inner_steps
reptile,huasco,123,7,1.0,1.0,3,0.1,10,inner_steps
reptile,huasco,123,8,0.8,0.8999999999999999,3,0.1,10,inner_steps
reptile,huasco,123,9,0.8235294117647058,1.0,3,0.1,10,inner_steps
reptile,huasco,123,10,0.9523809523809523,0.98,3,0.1,10,inner_steps
reptile,huasco,123,11,1.0,1.0,3,0.1,10,inner_steps
reptile,huasco,123,12,0.8888888888888888,0.8900000000000001,3,0.1,10,inner_steps
reptile,huasco,123,13,0.9,0.96,3,0.1,10,inner_steps
reptile,huasco,123,14,1.0,1.0,3,0.1,10,inner_steps
reptile,huasco,123,15,0.9523809523809523,1.0,3,0.1,10,inner_steps
reptile,huasco,123,16,0.9,0.9400000000000001,3,0.1,10,inner_steps
reptile,huasco,123,17,0.8888888888888888,0.97,3,0.1,10,inner_steps
reptile,huasco,123,18,0.9,0.99,3,0.1,10,inner_steps
reptile,huasco,123,19,0.7619047619047619,0.885,3,0.1,10,inner_steps
reptile,huasco,123,20,0.9523809523809523,0.94,3,0.1,10,inner_steps
reptile,huasco,123,21,0.9473684210526315,1.0,3,0.1,10,inner_steps
reptile,huasco,123,22,0.8695652173913043,0.9500000000000001,3,0.1,10,inner_steps
reptile,huasco,123,23,0.6666666666666666,0.61,3,0.1,10,inner_steps
reptile,huasco,123,24,0.9090909090909091,0.89,3,0.1,10,inner_steps
reptile,huasco,123,25,0.9090909090909091,0.95,3,0.1,10,inner_steps
reptile,huasco,123,26,0.625,0.95,3,0.1,10,inner_steps
reptile,huasco,123,27,1.0,1.0,3,0.1,10,inner_steps
reptile,huasco,123,28,0.64,0.565,3,0.1,10,inner_steps
reptile,huasco,123,29,0.7,0.8200000000000001,3,0.1,10,inner_steps
reptile,elqui,123,0,0.7619047619047619,0.8500000000000001,3,0.1,10,inner_steps
reptile,elqui,123,1,0.7692307692307693,0.8600000000000001,3,0.1,10,inner_steps
reptile,elqui,123,2,0.8,0.95,3,0.1,10,inner_steps
reptile,elqui,123,3,0.8,0.8250000000000001,3,0.1,10,inner_steps
reptile,elqui,123,4,0.7368421052631579,0.85,3,0.1,10,inner_steps
reptile,elqui,123,5,0.9523809523809523,0.9,3,0.1,10,inner_steps
reptile,elqui,123,6,0.9523809523809523,0.96,3,0.1,10,inner_steps
reptile,elqui,123,7,0.7272727272727273,0.78,3,0.1,10,inner_steps
reptile,elqui,123,8,0.8695652173913043,0.875,3,0.1,10,inner_steps
reptile,elqui,123,9,0.47058823529411764,0.79,3,0.1,10,inner_steps
reptile,elqui,123,10,0.8421052631578947,0.91,3,0.1,10,inner_steps
reptile,elqui,123,11,0.8421052631578947,0.9199999999999999,3,0.1,10,inner_steps
reptile,elqui,123,12,0.72,0.71,3,0.1,10,inner_steps
reptile,elqui,123,13,0.6666666666666666,0.9400000000000001,3,0.1,10,inner_steps
reptile,elqui,123,14,0.7142857142857143,0.82,3,0.1,10,inner_steps
reptile,elqui,123,15,0.9,0.96,3,0.1,10,inner_steps
reptile,elqui,123,16,0.7619047619047619,0.75,3,0.1,10,inner_steps
reptile,elqui,123,17,0.7619047619047619,0.81,3,0.1,10,inner_steps
reptile,elqui,123,18,0.782608695652174,0.92,3,0.1,10,inner_steps
reptile,elqui,123,19,0.8421052631578947,0.98,3,0.1,10,inner_steps
reptile,elqui,123,20,0.9,0.8900000000000001,3,0.1,10,inner_steps
reptile,elqui,123,21,0.8695652173913043,0.87,3,0.1,10,inner_steps
reptile,elqui,123,22,0.72,0.8600000000000001,3,0.1,10,inner_steps
reptile,elqui,123,23,0.8181818181818182,0.87,3,0.1,10,inner_steps
reptile,elqui,123,24,0.631578947368421,0.75,3,0.1,10,inner_steps
reptile,elqui,123,25,0.8571428571428571,0.95,3,0.1,10,inner_steps
reptile,elqui,123,26,0.782608695652174,0.9400000000000001,3,0.1,10,inner_steps
reptile,elqui,123,27,0.8421052631578947,0.8800000000000001,3,0.1,10,inner_steps
reptile,elqui,123,28,0.8,0.87,3,0.1,10,inner_steps
reptile,elqui,123,29,0.7,0.79,3,0.1,10,inner_steps
reptile,limari,123,0,0.46153846153846156,0.84,3,0.1,10,inner_steps
reptile,limari,123,1,0.7272727272727273,0.8,3,0.1,10,inner_steps
reptile,limari,123,2,0.7058823529411765,0.8099999999999999,3,0.1,10,inner_steps
reptile,limari,123,3,0.6,0.67,3,0.1,10,inner_steps
reptile,limari,123,4,0.42105263157894735,0.59,3,0.1,10,inner_steps
reptile,limari,123,5,0.6363636363636364,0.6,3,0.1,10,inner_steps
reptile,limari,123,6,0.5714285714285714,0.62,3,0.1,10,inner_steps
reptile,limari,123,7,0.631578947368421,0.77,3,0.1,10,inner_steps
reptile,limari,123,8,0.6956521739130435,0.6699999999999999,3,0.1,10,inner_steps
reptile,limari,123,9,0.6666666666666666,0.9,3,0.1,10,inner_steps
reptile,limari,123,10,0.7619047619047619,0.7999999999999999,3,0.1,10,inner_steps
reptile,limari,123,11,0.5833333333333334,0.5900000000000001,3,0.1,10,inner_steps
reptile,limari,123,12,0.631578947368421,0.48999999999999994,3,0.1,10,inner_steps
reptile,limari,123,13,0.6666666666666666,0.78,3,0.1,10,inner_steps
reptile,limari,123,14,0.8235294117647058,0.88,3,0.1,10,inner_steps
reptile,limari,123,15,0.5714285714285714,0.54,3,0.1,10,inner_steps
reptile,limari,123,16,0.631578947368421,0.76,3,0.1,10,inner_steps
reptile,limari,123,17,0.47619047619047616,0.4,3,0.1,10,inner_steps
reptile,limari,123,18,0.7368421052631579,0.76,3,0.1,10,inner_steps
reptile,limari,123,19,0.8181818181818182,0.9300000000000002,3,0.1,10,inner_steps
reptile,limari,123,20,0.6956521739130435,0.74,3,0.1,10,inner_steps
reptile,limari,123,21,0.8571428571428571,0.8500000000000001,3,0.1,10,inner_steps
reptile,limari,123,22,0.8181818181818182,0.78,3,0.1,10,inner_steps
reptile,limari,123,23,0.6363636363636364,0.6200000000000001,3,0.1,10,inner_steps
reptile,limari,123,24,0.5,0.6799999999999999,3,0.1,10,inner_steps
reptile,limari,123,25,0.6956521739130435,0.56,3,0.1,10,inner_steps
reptile,limari,123,26,0.6956521739130435,0.685,3,0.1,10,inner_steps
reptile,limari,123,27,0.8571428571428571,0.9,3,0.1,10,inner_steps
reptile,limari,123,28,0.7058823529411765,0.93,3,0.1,10,inner_steps
reptile,limari,123,29,0.625,0.87,3,0.1,10,inner_steps
reptile,copiapo,7,0,0.7272727272727273,0.85,3,0.1,10,inner_steps
reptile,copiapo,7,1,0.8,0.95,3,0.1,10,inner_steps
reptile,copiapo,7,2,0.9090909090909091,0.9900000000000001,3,0.1,10,inner_steps
reptile,copiapo,7,3,0.75,0.97,3,0.1,10,inner_steps
reptile,copiapo,7,4,0.4444444444444444,0.5800000000000001,3,0.1,10,inner_steps
reptile,copiapo,7,5,0.7,0.8600000000000001,3,0.1,10,inner_steps
reptile,copiapo,7,6,0.625,0.86,3,0.1,10,inner_steps
reptile,copiapo,7,7,0.8,0.95,3,0.1,10,inner_steps
reptile,copiapo,7,8,0.5333333333333333,0.88,3,0.1,10,inner_steps
reptile,copiapo,7,9,0.8235294117647058,0.9299999999999999,3,0.1,10,inner_steps
reptile,copiapo,7,10,0.782608695652174,0.8300000000000001,3,0.1,10,inner_steps
reptile,copiapo,7,11,0.5714285714285714,0.9199999999999999,3,0.1,10,inner_steps
reptile,copiapo,7,12,0.7058823529411765,0.92,3,0.1,10,inner_steps
reptile,copiapo,7,13,0.8181818181818182,0.9,3,0.1,10,inner_steps
reptile,copiapo,7,14,0.8181818181818182,0.88,3,0.1,10,inner_steps
reptile,copiapo,7,15,0.8181818181818182,0.89,3,0.1,10,inner_steps
reptile,copiapo,7,16,0.8181818181818182,0.92,3,0.1,10,inner_steps
reptile,copiapo,7,17,0.8235294117647058,0.92,3,0.1,10,inner_steps
reptile,copiapo,7,18,0.75,1.0,3,0.1,10,inner_steps
reptile,copiapo,7,19,0.8571428571428571,0.9600000000000001,3,0.1,10,inner_steps
reptile,copiapo,7,20,0.7058823529411765,0.8300000000000001,3,0.1,10,inner_steps
reptile,copiapo,7,21,0.8695652173913043,0.96,3,0.1,10,inner_steps
reptile,copiapo,7,22,0.8333333333333334,0.9800000000000001,3,0.1,10,inner_steps
reptile,copiapo,7,23,0.7272727272727273,0.7949999999999999,3,0.1,10,inner_steps
reptile,copiapo,7,24,0.8181818181818182,0.92,3,0.1,10,inner_steps
reptile,copiapo,7,25,0.8571428571428571,0.91,3,0.1,10,inner_steps
reptile,copiapo,7,26,0.8,0.835,3,0.1,10,inner_steps
reptile,copiapo,7,27,0.9473684210526315,0.98,3,0.1,10,inner_steps
reptile,copiapo,7,28,0.625,0.88,3,0.1,10,inner_steps
reptile,copiapo,7,29,0.8181818181818182,0.8499999999999999,3,0.1,10,inner_steps
reptile,huasco,7,0,0.75,0.575,3,0.1,10,inner_steps
reptile,huasco,7,1,0.9,0.98,3,0.1,10,inner_steps
reptile,huasco,7,2,0.7368421052631579,0.86,3,0.1,10,inner_steps
reptile,huasco,7,3,0.8888888888888888,0.9800000000000001,3,0.1,10,inner_steps
reptile,huasco,7,4,0.7692307692307693,0.77,3,0.1,10,inner_steps
reptile,huasco,7,5,0.5333333333333333,0.92,3,0.1,10,inner_steps
reptile,huasco,7,6,0.7368421052631579,0.8900000000000001,3,0.1,10,inner_steps
reptile,huasco,7,7,0.9523809523809523,0.96,3,0.1,10,inner_steps
reptile,huasco,7,8,0.8,0.89,3,0.1,10,inner_steps
reptile,huasco,7,9,0.72,0.7000000000000001,3,0.1,10,inner_steps
reptile,huasco,7,10,0.8695652173913043,0.84,3,0.1,10,inner_steps
reptile,huasco,7,11,0.8571428571428571,0.9700000000000001,3,0.1,10,inner_steps
reptile,huasco,7,12,0.6666666666666666,0.73,3,0.1,10,inner_steps
reptile,huasco,7,13,0.8421052631578947,0.95,3,0.1,10,inner_steps
reptile,huasco,7,14,0.75,0.97,3,0.1,10,inner_steps
reptile,huasco,7,15,0.8695652173913043,0.9299999999999999,3,0.1,10,inner_steps
reptile,huasco,7,16,0.625,0.9500000000000001,3,0.1,10,inner_steps
reptile,huasco,7,17,0.8,0.8799999999999999,3,0.1,10,inner_steps
reptile,huasco,7,18,0.8888888888888888,0.98,3,0.1,10,inner_steps
reptile,huasco,7,19,0.8,0.8450000000000001,3,0.1,10,inner_steps
reptile,huasco,7,20,0.7619047619047619,0.85,3,0.1,10,inner_steps
reptile,huasco,7,21,0.8,0.825,3,0.1,10,inner_steps
reptile,huasco,7,22,0.8421052631578947,0.9100000000000001,3,0.1,10,inner_steps
reptile,huasco,7,23,0.8695652173913043,0.8200000000000001,3,0.1,10,inner_steps
reptile,huasco,7,24,0.8571428571428571,0.9600000000000001,3,0.1,10,inner_steps
reptile,huasco,7,25,0.9090909090909091,0.9199999999999999,3,0.1,10,inner_steps
reptile,huasco,7,26,0.7272727272727273,0.7000000000000001,3,0.1,10,inner_steps
reptile,huasco,7,27,0.8181818181818182,0.85,3,0.1,10,inner_steps
reptile,huasco,7,28,0.8421052631578947,0.92,3,0.1,10,inner_steps
reptile,huasco,7,29,0.9473684210526315,1.0,3,0.1,10,inner_steps
reptile,elqui,7,0,0.5555555555555556,0.6399999999999999,3,0.1,10,inner_steps
reptile,elqui,7,1,0.7692307692307693,0.745,3,0.1,10,inner_steps
reptile,elqui,7,2,0.8,0.92,3,0.1,10,inner_steps
reptile,elqui,7,3,0.782608695652174,0.91,3,0.1,10,inner_steps
reptile,elqui,7,4,0.8421052631578947,0.87,3,0.1,10,inner_steps
reptile,elqui,7,5,0.7058823529411765,0.8900000000000001,3,0.1,10,inner_steps
reptile,elqui,7,6,0.7777777777777778,0.9300000000000002,3,0.1,10,inner_steps
reptile,elqui,7,7,0.782608695652174,0.76,3,0.1,10,inner_steps
reptile,elqui,7,8,0.782608695652174,0.81,3,0.1,10,inner_steps
reptile,elqui,7,9,0.9,0.9100000000000001,3,0.1,10,inner_steps
reptile,elqui,7,10,0.6666666666666666,0.87,3,0.1,10,inner_steps
reptile,elqui,7,11,0.8888888888888888,0.9800000000000001,3,0.1,10,inner_steps
reptile,elqui,7,12,0.9090909090909091,0.92,3,0.1,10,inner_steps
reptile,elqui,7,13,0.7272727272727273,0.76,3,0.1,10,inner_steps
reptile,elqui,7,14,0.625,0.7700000000000001,3,0.1,10,inner_steps
reptile,elqui,7,15,0.8888888888888888,0.9700000000000001,3,0.1,10,inner_steps
reptile,elqui,7,16,0.75,0.88,3,0.1,10,inner_steps
reptile,elqui,7,17,0.8181818181818182,0.9499999999999998,3,0.1,10,inner_steps
reptile,elqui,7,18,0.7619047619047619,0.8200000000000001,3,0.1,10,inner_steps
reptile,elqui,7,19,0.625,0.85,3,0.1,10,inner_steps
reptile,elqui,7,20,0.7272727272727273,0.83,3,0.1,10,inner_steps
reptile,elqui,7,21,0.75,0.89,3,0.1,10,inner_steps
reptile,elqui,7,22,0.8571428571428571,0.9699999999999999,3,0.1,10,inner_steps
reptile,elqui,7,23,0.8421052631578947,0.94,3,0.1,10,inner_steps
reptile,elqui,7,24,0.8181818181818182,0.795,3,0.1,10,inner_steps
reptile,elqui,7,25,0.9523809523809523,0.99,3,0.1,10,inner_steps
reptile,elqui,7,26,0.5333333333333333,0.89,3,0.1,10,inner_steps
reptile,elqui,7,27,0.6666666666666666,0.6599999999999999,3,0.1,10,inner_steps
reptile,elqui,7,28,0.782608695652174,0.8300000000000001,3,0.1,10,inner_steps
reptile,elqui,7,29,0.8181818181818182,0.94,3,0.1,10,inner_steps
reptile,limari,7,0,0.5217391304347826,0.5449999999999999,3,0.1,10,inner_steps
reptile,limari,7,1,0.7368421052631579,0.77,3,0.1,10,inner_steps
reptile,limari,7,2,0.6956521739130435,0.74,3,0.1,10,inner_steps
reptile,limari,7,3,0.7777777777777778,0.86,3,0.1,10,inner_steps
reptile,limari,7,4,0.6666666666666666,0.69,3,0.1,10,inner_steps
reptile,limari,7,5,0.8,0.8500000000000001,3,0.1,10,inner_steps
reptile,limari,7,6,0.8,0.79,3,0.1,10,inner_steps
reptile,limari,7,7,0.5263157894736842,0.59,3,0.1,10,inner_steps
reptile,limari,7,8,0.7,0.78,3,0.1,10,inner_steps
reptile,limari,7,9,0.5714285714285714,0.5700000000000001,3,0.1,10,inner_steps
reptile,limari,7,10,0.5555555555555556,0.7,3,0.1,10,inner_steps
reptile,limari,7,11,0.6956521739130435,0.6,3,0.1,10,inner_steps
reptile,limari,7,12,0.8421052631578947,0.9,3,0.1,10,inner_steps
reptile,limari,7,13,0.42857142857142855,0.7999999999999999,3,0.1,10,inner_steps
reptile,limari,7,14,0.8421052631578947,0.91,3,0.1,10,inner_steps
reptile,limari,7,15,0.5,0.3,3,0.1,10,inner_steps
reptile,limari,7,16,0.7368421052631579,0.7799999999999999,3,0.1,10,inner_steps
reptile,limari,7,17,0.8,0.8300000000000001,3,0.1,10,inner_steps
reptile,limari,7,18,0.631578947368421,0.71,3,0.1,10,inner_steps
reptile,limari,7,19,0.64,0.48,3,0.1,10,inner_steps
reptile,limari,7,20,0.6666666666666666,0.87,3,0.1,10,inner_steps
reptile,limari,7,21,0.5555555555555556,0.81,3,0.1,10,inner_steps
reptile,limari,7,22,0.5555555555555556,0.72,3,0.1,10,inner_steps
reptile,limari,7,23,0.8181818181818182,0.775,3,0.1,10,inner_steps
reptile,limari,7,24,0.7368421052631579,0.81,3,0.1,10,inner_steps
reptile,limari,7,25,0.5714285714285714,0.5800000000000001,3,0.1,10,inner_steps
reptile,limari,7,26,0.5882352941176471,0.69,3,0.1,10,inner_steps
reptile,limari,7,27,0.5833333333333334,0.42000000000000004,3,0.1,10,inner_steps
reptile,limari,7,28,0.5263157894736842,0.6799999999999999,3,0.1,10,inner_steps
reptile,limari,7,29,0.7,0.76,3,0.1,10,inner_steps
fomaml,copiapo,42,0,0.8235294117647058,1.0,3,0.1,10,inner_steps
fomaml,copiapo,42,1,0.8235294117647058,0.97,3,0.1,10,inner_steps
fomaml,copiapo,42,2,0.8695652173913043,0.94,3,0.1,10,inner_steps
fomaml,copiapo,42,3,0.8333333333333334,0.94,3,0.1,10,inner_steps
fomaml,copiapo,42,4,0.7777777777777778,0.8600000000000001,3,0.1,10,inner_steps
fomaml,copiapo,42,5,0.6666666666666666,0.78,3,0.1,10,inner_steps
fomaml,copiapo,42,6,0.8,0.7399999999999999,3,0.1,10,inner_steps
fomaml,copiapo,42,7,0.8695652173913043,0.9199999999999999,3,0.1,10,inner_steps
fomaml,copiapo,42,8,0.9,0.97,3,0.1,10,inner_steps
fomaml,copiapo,42,9,0.8421052631578947,0.98,3,0.1,10,inner_steps
fomaml,copiapo,42,10,0.8571428571428571,0.9499999999999998,3,0.1,10,inner_steps
fomaml,copiapo,42,11,0.782608695652174,0.9,3,0.1,10,inner_steps
fomaml,copiapo,42,12,0.8695652173913043,0.99,3,0.1,10,inner_steps
fomaml,copiapo,42,13,0.7,0.845,3,0.1,10,inner_steps
fomaml,copiapo,42,14,0.4444444444444444,0.69,3,0.1,10,inner_steps
fomaml,copiapo,42,15,0.8333333333333334,0.975,3,0.1,10,inner_steps
fomaml,copiapo,42,16,0.8421052631578947,0.98,3,0.1,10,inner_steps
fomaml,copiapo,42,17,0.9090909090909091,0.98,3,0.1,10,inner_steps
fomaml,copiapo,42,18,0.8235294117647058,0.97,3,0.1,10,inner_steps
fomaml,copiapo,42,19,0.7368421052631579,0.9400000000000001,3,0.1,10,inner_steps
fomaml,copiapo,42,20,0.8571428571428571,0.9800000000000001,3,0.1,10,inner_steps
fomaml,copiapo,42,21,0.9523809523809523,0.9900000000000001,3,0.1,10,inner_steps
fomaml,copiapo,42,22,0.8695652173913043,0.9400000000000001,3,0.1,10,inner_steps
fomaml,copiapo,42,23,0.7777777777777778,0.79,3,0.1,10,inner_steps
fomaml,copiapo,42,24,0.9473684210526315,1.0,3,0.1,10,inner_steps
fomaml,copiapo,42,25,0.8571428571428571,0.96,3,0.1,10,inner_steps
fomaml,copiapo,42,26,0.8421052631578947,0.9800000000000001,3,0.1,10,inner_steps
fomaml,copiapo,42,27,0.8571428571428571,0.96,3,0.1,10,inner_steps
fomaml,copiapo,42,28,0.9,0.92,3,0.1,10,inner_steps
fomaml,copiapo,42,29,0.9523809523809523,0.97,3,0.1,10,inner_steps
fomaml,huasco,42,0,0.75,0.8800000000000001,3,0.1,10,inner_steps
fomaml,huasco,42,1,0.7058823529411765,0.96,3,0.1,10,inner_steps
fomaml,huasco,42,2,0.9090909090909091,0.98,3,0.1,10,inner_steps
fomaml,huasco,42,3,0.8571428571428571,0.9699999999999999,3,0.1,10,inner_steps
fomaml,huasco,42,4,0.8,0.89,3,0.1,10,inner_steps
fomaml,huasco,42,5,0.6666666666666666,0.89,3,0.1,10,inner_steps
fomaml,huasco,42,6,0.8695652173913043,0.9800000000000001,3,0.1,10,inner_steps
fomaml,huasco,42,7,0.631578947368421,0.8,3,0.1,10,inner_steps
fomaml,huasco,42,8,0.7777777777777778,0.97,3,0.1,10,inner_steps
fomaml,huasco,42,9,0.9473684210526315,1.0,3,0.1,10,inner_steps
fomaml,huasco,42,10,0.7058823529411765,0.8300000000000002,3,0.1,10,inner_steps
fomaml,huasco,42,11,0.8695652173913043,0.9800000000000001,3,0.1,10,inner_steps
fomaml,huasco,42,12,0.8,0.89,3,0.1,10,inner_steps
fomaml,huasco,42,13,0.9473684210526315,1.0,3,0.1,10,inner_steps
fomaml,huasco,42,14,0.8695652173913043,0.8,3,0.1,10,inner_steps
fomaml,huasco,42,15,0.7,0.8200000000000001,3,0.1,10,inner_steps
fomaml,huasco,42,16,0.6666666666666666,0.81,3,0.1,10,inner_steps
fomaml,huasco,42,17,0.9090909090909091,0.9700000000000001,3,0.1,10,inner_steps
fomaml,huasco,42,18,0.8333333333333334,0.8400000000000001,3,0.1,10,inner_steps
fomaml,huasco,42,19,0.9523809523809523,0.97,3,0.1,10,inner_steps
fomaml,huasco,42,20,0.8888888888888888,0.9700000000000001,3,0.1,10,inner_steps
fomaml,huasco,42,21,0.8235294117647058,0.9,3,0.1,10,inner_steps
fomaml,huasco,42,22,0.7619047619047619,0.7949999999999999,3,0.1,10,inner_steps
fomaml,huasco,42,23,0.8571428571428571,0.8,3,0.1,10,inner_steps
fomaml,huasco,42,24,0.8888888888888888,0.96,3,0.1,10,inner_steps
fomaml,huasco,42,25,0.8888888888888888,0.96,3,0.1,10,inner_steps
fomaml,huasco,42,26,0.8,0.9000000000000001,3,0.1,10,inner_steps
fomaml,huasco,42,27,0.9523809523809523,0.99,3,0.1,10,inner_steps
fomaml,huasco,42,28,0.8695652173913043,0.8749999999999999,3,0.1,10,inner_steps
fomaml,huasco,42,29,0.8888888888888888,0.98,3,0.1,10,inner_steps
fomaml,elqui,42,0,0.4444444444444444,0.5900000000000001,3,0.1,10,inner_steps
fomaml,elqui,42,1,0.7777777777777778,0.88,3,0.1,10,inner_steps
fomaml,elqui,42,2,0.7368421052631579,0.87,3,0.1,10,inner_steps
fomaml,elqui,42,3,0.6666666666666666,0.77,3,0.1,10,inner_steps
fomaml,elqui,42,4,0.8888888888888888,0.98,3,0.1,10,inner_steps
fomaml,elqui,42,5,0.6666666666666666,0.84,3,0.1,10,inner_steps
fomaml,elqui,42,6,0.7,0.645,3,0.1,10,inner_steps
fomaml,elqui,42,7,0.8235294117647058,0.9,3,0.1,10,inner_steps
fomaml,elqui,42,8,0.7272727272727273,0.77,3,0.1,10,inner_steps
fomaml,elqui,42,9,0.7777777777777778,0.85,3,0.1,10,inner_steps
fomaml,elqui,42,10,0.8181818181818182,0.9099999999999999,3,0.1,10,inner_steps
fomaml,elqui,42,11,0.5,0.7200000000000001,3,0.1,10,inner_steps
fomaml,elqui,42,12,0.7619047619047619,0.86,3,0.1,10,inner_steps
fomaml,elqui,42,13,0.8235294117647058,0.9500000000000002,3,0.1,10,inner_steps
fomaml,elqui,42,14,0.8181818181818182,0.96,3,0.1,10,inner_steps
fomaml,elqui,42,15,0.7272727272727273,0.88,3,0.1,10,inner_steps
fomaml,elqui,42,16,0.8571428571428571,0.9200000000000002,3,0.1,10,inner_steps
fomaml,elqui,42,17,0.7619047619047619,0.7700000000000001,3,0.1,10,inner_steps
fomaml,elqui,42,18,0.8235294117647058,0.85,3,0.1,10,inner_steps
fomaml,elqui,42,19,0.75,0.81,3,0.1,10,inner_steps
fomaml,elqui,42,20,0.7777777777777778,0.89,3,0.1,10,inner_steps
fomaml,elqui,42,21,0.7272727272727273,0.8400000000000001,3,0.1,10,inner_steps
fomaml,elqui,42,22,0.625,0.8500000000000001,3,0.1,10,inner_steps
fomaml,elqui,42,23,0.7272727272727273,0.76,3,0.1,10,inner_steps
fomaml,elqui,42,24,0.8421052631578947,0.8500000000000001,3,0.1,10,inner_steps
fomaml,elqui,42,25,0.9,0.99,3,0.1,10,inner_steps
fomaml,elqui,42,26,0.9090909090909091,0.97,3,0.1,10,inner_steps
fomaml,elqui,42,27,0.5555555555555556,0.76,3,0.1,10,inner_steps
fomaml,elqui,42,28,0.8,0.86,3,0.1,10,inner_steps
fomaml,elqui,42,29,0.8181818181818182,0.87,3,0.1,10,inner_steps
fomaml,limari,42,0,0.8421052631578947,0.89,3,0.1,10,inner_steps
fomaml,limari,42,1,0.6666666666666666,0.47,3,0.1,10,inner_steps
fomaml,limari,42,2,0.5,0.68,3,0.1,10,inner_steps
fomaml,limari,42,3,0.4,0.4,3,0.1,10,inner_steps
fomaml,limari,42,4,0.6363636363636364,0.7000000000000001,3,0.1,10,inner_steps
fomaml,limari,42,5,0.375,0.54,3,0.1,10,inner_steps
fomaml,limari,42,6,0.8181818181818182,0.78,3,0.1,10,inner_steps
fomaml,limari,42,7,0.9,0.93,3,0.1,10,inner_steps
fomaml,limari,42,8,0.6086956521739131,0.5700000000000001,3,0.1,10,inner_steps
fomaml,limari,42,9,0.5714285714285714,0.5299999999999999,3,0.1,10,inner_steps
fomaml,limari,42,10,0.375,0.6699999999999999,3,0.1,10,inner_steps
fomaml,limari,42,11,0.8,0.86,3,0.1,10,inner_steps
fomaml,limari,42,12,0.631578947368421,0.8200000000000001,3,0.1,10,inner_steps
fomaml,limari,42,13,0.782608695652174,0.8200000000000001,3,0.1,10,inner_steps
fomaml,limari,42,14,0.7368421052631579,0.88,3,0.1,10,inner_steps
fomaml,limari,42,15,0.8,0.86,3,0.1,10,inner_steps
fomaml,limari,42,16,0.5555555555555556,0.6699999999999999,3,0.1,10,inner_steps
fomaml,limari,42,17,0.4,0.6900000000000001,3,0.1,10,inner_steps
fomaml,limari,42,18,0.47619047619047616,0.49,3,0.1,10,inner_steps
fomaml,limari,42,19,0.8571428571428571,0.84,3,0.1,10,inner_steps
fomaml,limari,42,20,0.7368421052631579,0.75,3,0.1,10,inner_steps
fomaml,limari,42,21,0.6666666666666666,0.77,3,0.1,10,inner_steps
fomaml,limari,42,22,0.35294117647058826,0.64,3,0.1,10,inner_steps
fomaml,limari,42,23,0.35294117647058826,0.5700000000000001,3,0.1,10,inner_steps
fomaml,limari,42,24,0.8181818181818182,0.84,3,0.1,10,inner_steps
fomaml,limari,42,25,0.5,0.74,3,0.1,10,inner_steps
fomaml,limari,42,26,0.782608695652174,0.96,3,0.1,10,inner_steps
fomaml,limari,42,27,0.64,0.48,3,0.1,10,inner_steps
fomaml,limari,42,28,0.6363636363636364,0.62,3,0.1,10,inner_steps
fomaml,limari,42,29,0.8181818181818182,0.7899999999999999,3,0.1,10,inner_steps
fomaml,copiapo,123,0,0.7777777777777778,0.94,3,0.1,10,inner_steps
fomaml,copiapo,123,1,0.782608695652174,0.7300000000000001,3,0.1,10,inner_steps
fomaml,copiapo,123,2,0.8235294117647058,1.0,3,0.1,10,inner_steps
fomaml,copiapo,123,3,0.9,0.97,3,0.1,10,inner_steps
fomaml,copiapo,123,4,0.7777777777777778,0.9600000000000001,3,0.1,10,inner_steps
fomaml,copiapo,123,5,0.5882352941176471,0.7999999999999999,3,0.1,10,inner_steps
fomaml,copiapo,123,6,0.9090909090909091,0.9900000000000001,3,0.1,10,inner_steps
fomaml,copiapo,123,7,0.6363636363636364,0.6799999999999999,3,0.1,10,inner_steps
fomaml,copiapo,123,8,0.7777777777777778,0.8899999999999999,3,0.1,10,inner_steps
fomaml,copiapo,123,9,0.7058823529411765,0.9299999999999999,3,0.1,10,inner_steps
fomaml,copiapo,123,10,0.7777777777777778,0.97,3,0.1,10,inner_steps
fomaml,copiapo,123,11,0.8235294117647058,1.0,3,0.1,10,inner_steps
fomaml,copiapo,123,12,0.5333333333333333,0.79,3,0.1,10,inner_steps
fomaml,copiapo,123,13,0.7368421052631579,0.85,3,0.1,10,inner_steps
fomaml,copiapo,123,14,0.6666666666666666,0.83,3,0.1,10,inner_steps
fomaml,copiapo,123,15,0.9523809523809523,0.93,3,0.1,10,inner_steps
fomaml,copiapo,123,16,0.8333333333333334,0.96,3,0.1,10,inner_steps
fomaml,copiapo,123,17,0.8421052631578947,0.89,3,0.1,10,inner_steps
fomaml,copiapo,123,18,0.6666666666666666,0.8300000000000001,3,0.1,10,inner_steps
fomaml,copiapo,123,19,0.9473684210526315,0.99,3,0.1,10,inner_steps
fomaml,copiapo,123,20,0.5555555555555556,0.675,3,0.1,10,inner_steps
fomaml,copiapo,123,21,0.9,0.98,3,0.1,10,inner_steps
fomaml,copiapo,123,22,0.72,0.79,3,0.1,10,inner_steps
fomaml,copiapo,123,23,0.375,0.75,3,0.1,10,inner_steps
fomaml,copiapo,123,24,0.9090909090909091,0.88,3,0.1,10,inner_steps
fomaml,copiapo,123,25,0.8235294117647058,0.8800000000000001,3,0.1,10,inner_steps
fomaml,copiapo,123,26,0.7777777777777778,0.8800000000000001,3,0.1,10,inner_steps
fomaml,copiapo,123,27,0.8571428571428571,0.96,3,0.1,10,inner_steps
fomaml,copiapo,123,28,0.782608695652174,0.9100000000000001,3,0.1,10,inner_steps
fomaml,copiapo,123,29,0.8235294117647058,0.8800000000000001,3,0.1,10,inner_steps
fomaml,huasco,123,0,0.9090909090909091,0.97,3,0.1,10,inner_steps
fomaml,huasco,123,1,0.9473684210526315,1.0,3,0.1,10,inner_steps
fomaml,huasco,123,2,0.8421052631578947,0.9299999999999999,3,0.1,10,inner_steps
fomaml,huasco,123,3,0.8333333333333334,0.81,3,0.1,10,inner_steps
fomaml,huasco,123,4,0.782608695652174,0.91,3,0.1,10,inner_steps
fomaml,huasco,123,5,0.7058823529411765,0.92,3,0.1,10,inner_steps
fomaml,huasco,123,6,0.8421052631578947,0.95,3,0.1,10,inner_steps
fomaml,huasco,123,7,0.7692307692307693,0.845,3,0.1,10,inner_steps
fomaml,huasco,123,8,0.9523809523809523,0.95,3,0.1,10,inner_steps
fomaml,huasco,123,9,0.8421052631578947,0.8800000000000001,3,0.1,10,inner_steps
fomaml,huasco,123,10,0.8571428571428571,0.9800000000000001,3,0.1,10,inner_steps
fomaml,huasco,123,11,0.9523809523809523,0.9600000000000001,3,0.1,10,inner_steps
fomaml,huasco,123,12,0.9,0.9599999999999999,3,0.1,10,inner_steps
fomaml,huasco,123,13,0.8,0.825,3,0.1,10,inner_steps
fomaml,huasco,123,14,0.8333333333333334,0.89,3,0.1,10,inner_steps
fomaml,huasco,123,15,0.9473684210526315,0.99,3,0.1,10,inner_steps
fomaml,huasco,123,16,0.9,0.98,3,0.1,10,inner_steps
fomaml,huasco,123,17,0.9523809523809523,1.0,3,0.1,10,inner_steps
fomaml,huasco,123,18,0.8695652173913043,0.86,3,0.1,10,inner_steps
fomaml,huasco,123,19,0.7,0.85,3,0.1,10,inner_steps
fomaml,huasco,123,20,0.42857142857142855,0.87,3,0.1,10,inner_steps
fomaml,huasco,123,21,0.9090909090909091,0.915,3,0.1,10,inner_steps
fomaml,huasco,123,22,0.625,0.9,3,0.1,10,inner_steps
fomaml,huasco,123,23,0.8333333333333334,0.98,3,0.1,10,inner_steps
fomaml,huasco,123,24,1.0,1.0,3,0.1,10,inner_steps
fomaml,huasco,123,25,0.8181818181818182,0.83,3,0.1,10,inner_steps
fomaml,huasco,123,26,0.7058823529411765,0.91,3,0.1,10,inner_steps
fomaml,huasco,123,27,0.8181818181818182,0.8999999999999999,3,0.1,10,inner_steps
fomaml,huasco,123,28,0.9523809523809523,0.9500000000000001,3,0.1,10,inner_steps
fomaml,huasco,123,29,0.8235294117647058,1.0,3,0.1,10,inner_steps
fomaml,elqui,123,0,0.72,0.8200000000000001,3,0.1,10,inner_steps
fomaml,elqui,123,1,0.6666666666666666,0.78,3,0.1,10,inner_steps
fomaml,elqui,123,2,0.6363636363636364,0.5700000000000001,3,0.1,10,inner_steps
fomaml,elqui,123,3,0.8695652173913043,0.93,3,0.1,10,inner_steps
fomaml,elqui,123,4,0.6666666666666666,0.84,3,0.1,10,inner_steps
fomaml,elqui,123,5,0.8421052631578947,0.8900000000000001,3,0.1,10,inner_steps
fomaml,elqui,123,6,0.8,0.9400000000000002,3,0.1,10,inner_steps
fomaml,elqui,123,7,0.8421052631578947,0.81,3,0.1,10,inner_steps
fomaml,elqui,123,8,0.631578947368421,0.75,3,0.1,10,inner_steps
fomaml,elqui,123,9,0.8571428571428571,0.89,3,0.1,10,inner_steps
fomaml,elqui,123,10,0.8181818181818182,0.8200000000000001,3,0.1,10,inner_steps
fomaml,elqui,123,11,0.8235294117647058,1.0,3,0.1,10,inner_steps
fomaml,elqui,123,12,0.631578947368421,0.75,3,0.1,10,inner_steps
fomaml,elqui,123,13,0.9,0.93,3,0.1,10,inner_steps
fomaml,elqui,123,14,0.8333333333333334,0.98,3,0.1,10,inner_steps
fomaml,elqui,123,15,0.7058823529411765,0.74,3,0.1,10,inner_steps
fomaml,elqui,123,16,0.9,0.9,3,0.1,10,inner_steps
fomaml,elqui,123,17,0.9473684210526315,1.0,3,0.1,10,inner_steps
fomaml,elqui,123,18,0.7692307692307693,0.97,3,0.1,10,inner_steps
fomaml,elqui,123,19,0.7058823529411765,0.76,3,0.1,10,inner_steps
fomaml,elqui,123,20,0.8571428571428571,0.865,3,0.1,10,inner_steps
fomaml,elqui,123,21,0.8421052631578947,0.96,3,0.1,10,inner_steps
fomaml,elqui,123,22,0.9,0.9499999999999998,3,0.1,10,inner_steps
fomaml,elqui,123,23,0.9523809523809523,0.97,3,0.1,10,inner_steps
fomaml,elqui,123,24,0.625,0.77,3,0.1,10,inner_steps
fomaml,elqui,123,25,0.6363636363636364,0.7300000000000001,3,0.1,10,inner_steps
fomaml,elqui,123,26,0.7692307692307693,0.93,3,0.1,10,inner_steps
fomaml,elqui,123,27,0.7619047619047619,0.71,3,0.1,10,inner_steps
fomaml,elqui,123,28,0.46153846153846156,0.66,3,0.1,10,inner_steps
fomaml,elqui,123,29,0.7058823529411765,0.77,3,0.1,10,inner_steps
fomaml,limari,123,0,0.47058823529411764,0.64,3,0.1,10,inner_steps
fomaml,limari,123,1,0.5,0.72,3,0.1,10,inner_steps
fomaml,limari,123,2,0.72,0.75,3,0.1,10,inner_steps
fomaml,limari,123,3,0.625,0.8200000000000001,3,0.1,10,inner_steps
fomaml,limari,123,4,0.5555555555555556,0.72,3,0.1,10,inner_steps
fomaml,limari,123,5,0.5714285714285714,0.54,3,0.1,10,inner_steps
fomaml,limari,123,6,0.7058823529411765,0.89,3,0.1,10,inner_steps
fomaml,limari,123,7,0.5882352941176471,0.7999999999999999,3,0.1,10,inner_steps
fomaml,limari,123,8,0.5454545454545454,0.44,3,0.1,10,inner_steps
fomaml,limari,123,9,0.5555555555555556,0.75,3,0.1,10,inner_steps
fomaml,limari,123,10,0.5714285714285714,0.9499999999999998,3,0.1,10,inner_steps
fomaml,limari,123,11,0.47058823529411764,0.65,3,0.1,10,inner_steps
fomaml,limari,123,12,0.7,0.65,3,0.1,10,inner_steps
fomaml,limari,123,13,0.631578947368421,0.71,3,0.1,10,inner_steps
fomaml,limari,123,14,0.7058823529411765,0.88,3,0.1,10,inner_steps
fomaml,limari,123,15,0.7619047619047619,0.77,3,0.1,10,inner_steps
fomaml,limari,123,16,0.631578947368421,0.64,3,0.1,10,inner_steps
fomaml,limari,123,17,0.9090909090909091,0.88,3,0.1,10,inner_steps
fomaml,limari,123,18,0.5882352941176471,0.74,3,0.1,10,inner_steps
fomaml,limari,123,19,0.7368421052631579,0.81,3,0.1,10,inner_steps
fomaml,limari,123,20,0.8333333333333334,0.71,3,0.1,10,inner_steps
fomaml,limari,123,21,0.8,0.9199999999999999,3,0.1,10,inner_steps
fomaml,limari,123,22,0.4,0.66,3,0.1,10,inner_steps
fomaml,limari,123,23,0.6666666666666666,0.73,3,0.1,10,inner_steps
fomaml,limari,123,24,0.47058823529411764,0.5599999999999999,3,0.1,10,inner_steps
fomaml,limari,123,25,0.6153846153846154,0.41000000000000003,3,0.1,10,inner_steps
fomaml,limari,123,26,0.6666666666666666,0.62,3,0.1,10,inner_steps
fomaml,limari,123,27,0.6956521739130435,0.72,3,0.1,10,inner_steps
fomaml,limari,123,28,0.7272727272727273,0.79,3,0.1,10,inner_steps
fomaml,limari,123,29,0.3333333333333333,0.54,3,0.1,10,inner_steps
fomaml,copiapo,7,0,0.8695652173913043,0.9500000000000001,3,0.1,10,inner_steps
fomaml,copiapo,7,1,0.9090909090909091,0.91,3,0.1,10,inner_steps
fomaml,copiapo,7,2,0.8571428571428571,0.9400000000000001,3,0.1,10,inner_steps
fomaml,copiapo,7,3,0.8,0.91,3,0.1,10,inner_steps
fomaml,copiapo,7,4,0.7368421052631579,0.85,3,0.1,10,inner_steps
fomaml,copiapo,7,5,0.8333333333333334,0.905,3,0.1,10,inner_steps
fomaml,copiapo,7,6,0.8571428571428571,0.9,3,0.1,10,inner_steps
fomaml,copiapo,7,7,0.75,0.9,3,0.1,10,inner_steps
fomaml,copiapo,7,8,0.7368421052631579,0.85,3,0.1,10,inner_steps
fomaml,copiapo,7,9,0.8,0.91,3,0.1,10,inner_steps
fomaml,copiapo,7,10,0.75,0.92,3,0.1,10,inner_steps
fomaml,copiapo,7,11,0.5,0.6900000000000001,3,0.1,10,inner_steps
fomaml,copiapo,7,12,0.8571428571428571,0.98,3,0.1,10,inner_steps
fomaml,copiapo,7,13,0.72,0.77,3,0.1,10,inner_steps
fomaml,copiapo,7,14,0.8181818181818182,0.88,3,0.1,10,inner_steps
fomaml,copiapo,7,15,0.9,0.93,3,0.1,10,inner_steps
fomaml,copiapo,7,16,0.8571428571428571,0.95,3,0.1,10,inner_steps
fomaml,copiapo,7,17,0.8888888888888888,0.92,3,0.1,10,inner_steps
fomaml,copiapo,7,18,0.7368421052631579,0.88,3,0.1,10,inner_steps
fomaml,copiapo,7,19,0.8,0.9199999999999999,3,0.1,10,inner_steps
fomaml,copiapo,7,20,0.8,0.8999999999999999,3,0.1,10,inner_steps
fomaml,copiapo,7,21,0.8888888888888888,0.95,3,0.1,10,inner_steps
fomaml,copiapo,7,22,0.7058823529411765,0.84,3,0.1,10,inner_steps
fomaml,copiapo,7,23,0.6,0.79,3,0.1,10,inner_steps
fomaml,copiapo,7,24,0.8421052631578947,0.8300000000000001,3,0.1,10,inner_steps
fomaml,copiapo,7,25,0.7619047619047619,0.8999999999999999,3,0.1,10,inner_steps
fomaml,copiapo,7,26,0.9090909090909091,0.98,3,0.1,10,inner_steps
fomaml,copiapo,7,27,0.6956521739130435,0.8300000000000001,3,0.1,10,inner_steps
fomaml,copiapo,7,28,0.6666666666666666,0.8800000000000001,3,0.1,10,inner_steps
fomaml,copiapo,7,29,0.7,0.8300000000000001,3,0.1,10,inner_steps
fomaml,huasco,7,0,0.9090909090909091,1.0,3,0.1,10,inner_steps
fomaml,huasco,7,1,0.6666666666666666,0.8899999999999999,3,0.1,10,inner_steps
fomaml,huasco,7,2,0.8421052631578947,0.9,3,0.1,10,inner_steps
fomaml,huasco,7,3,0.9473684210526315,1.0,3,0.1,10,inner_steps
fomaml,huasco,7,4,0.7619047619047619,0.7799999999999999,3,0.1,10,inner_steps
fomaml,huasco,7,5,1.0,1.0,3,0.1,10,inner_steps
fomaml,huasco,7,6,0.8571428571428571,0.9500000000000002,3,0.1,10,inner_steps
fomaml,huasco,7,7,0.7058823529411765,0.9200000000000002,3,0.1,10,inner_steps
fomaml,huasco,7,8,0.8333333333333334,0.825,3,0.1,10,inner_steps
fomaml,huasco,7,9,0.9090909090909091,0.91,3,0.1,10,inner_steps
fomaml,huasco,7,10,0.8571428571428571,0.98,3,0.1,10,inner_steps
fomaml,huasco,7,11,0.6923076923076923,0.79,3,0.1,10,inner_steps
fomaml,huasco,7,12,0.8695652173913043,0.76,3,0.1,10,inner_steps
fomaml,huasco,7,13,0.7619047619047619,0.8250000000000001,3,0.1,10,inner_steps
fomaml,huasco,7,14,0.9523809523809523,1.0,3,0.1,10,inner_steps
fomaml,huasco,7,15,0.8571428571428571,0.8350000000000001,3,0.1,10,inner_steps
fomaml,huasco,7,16,0.8333333333333334,0.91,3,0.1,10,inner_steps
fomaml,huasco,7,17,0.6666666666666666,0.67,3,0.1,10,inner_steps
fomaml,huasco,7,18,0.9090909090909091,0.92,3,0.1,10,inner_steps
fomaml,huasco,7,19,0.9523809523809523,1.0,3,0.1,10,inner_steps
fomaml,huasco,7,20,0.7272727272727273,0.82,3,0.1,10,inner_steps
fomaml,huasco,7,21,0.9,0.99,3,0.1,10,inner_steps
fomaml,huasco,7,22,0.782608695652174,0.865,3,0.1,10,inner_steps
fomaml,huasco,7,23,0.8571428571428571,0.89,3,0.1,10,inner_steps
fomaml,huasco,7,24,0.9523809523809523,0.93,3,0.1,10,inner_steps
fomaml,huasco,7,25,0.75,0.765,3,0.1,10,inner_steps
fomaml,huasco,7,26,0.8888888888888888,0.98,3,0.1,10,inner_steps
fomaml,huasco,7,27,0.6,0.71,3,0.1,10,inner_steps
fomaml,huasco,7,28,1.0,1.0,3,0.1,10,inner_steps
fomaml,huasco,7,29,0.8,0.9299999999999999,3,0.1,10,inner_steps
fomaml,elqui,7,0,0.7272727272727273,0.6900000000000001,3,0.1,10,inner_steps
fomaml,elqui,7,1,0.8571428571428571,0.9400000000000001,3,0.1,10,inner_steps
fomaml,elqui,7,2,0.782608695652174,0.6749999999999999,3,0.1,10,inner_steps
fomaml,elqui,7,3,0.7,0.85,3,0.1,10,inner_steps
fomaml,elqui,7,4,0.8695652173913043,0.83,3,0.1,10,inner_steps
fomaml,elqui,7,5,0.631578947368421,0.69,3,0.1,10,inner_steps
fomaml,elqui,7,6,0.625,0.8800000000000001,3,0.1,10,inner_steps
fomaml,elqui,7,7,0.8695652173913043,0.97,3,0.1,10,inner_steps
fomaml,elqui,7,8,0.6666666666666666,0.6699999999999999,3,0.1,10,inner_steps
fomaml,elqui,7,9,0.7272727272727273,0.835,3,0.1,10,inner_steps
fomaml,elqui,7,10,0.7368421052631579,0.8699999999999999,3,0.1,10,inner_steps
fomaml,elqui,7,11,0.6666666666666666,0.75,3,0.1,10,inner_steps
fomaml,elqui,7,12,0.8,0.87,3,0.1,10,inner_steps
fomaml,elqui,7,13,0.7777777777777778,0.9000000000000001,3,0.1,10,inner_steps
fomaml,elqui,7,14,0.7272727272727273,0.77,3,0.1,10,inner_steps
fomaml,elqui,7,15,0.8421052631578947,0.8700000000000001,3,0.1,10,inner_steps
fomaml,elqui,7,16,0.8,0.8499999999999999,3,0.1,10,inner_steps
fomaml,elqui,7,17,0.6956521739130435,0.67,3,0.1,10,inner_steps
fomaml,elqui,7,18,0.6666666666666666,0.8200000000000001,3,0.1,10,inner_steps
fomaml,elqui,7,19,0.8181818181818182,0.87,3,0.1,10,inner_steps
fomaml,elqui,7,20,0.8181818181818182,0.9099999999999999,3,0.1,10,inner_steps
fomaml,elqui,7,21,0.6,0.73,3,0.1,10,inner_steps
fomaml,elqui,7,22,0.8695652173913043,0.98,3,0.1,10,inner_steps
fomaml,elqui,7,23,0.7142857142857143,0.64,3,0.1,10,inner_steps
fomaml,elqui,7,24,0.7272727272727273,0.75,3,0.1,10,inner_steps
fomaml,elqui,7,25,0.7058823529411765,0.8400000000000001,3,0.1,10,inner_steps
fomaml,elqui,7,26,0.8571428571428571,0.97,3,0.1,10,inner_steps
fomaml,elqui,7,27,0.8421052631578947,0.9,3,0.1,10,inner_steps
fomaml,elqui,7,28,0.8571428571428571,0.8450000000000001,3,0.1,10,inner_steps
fomaml,elqui,7,29,0.7368421052631579,0.89,3,0.1,10,inner_steps
fomaml,limari,7,0,0.6666666666666666,0.65,3,0.1,10,inner_steps
fomaml,limari,7,1,0.9090909090909091,0.93,3,0.1,10,inner_steps
fomaml,limari,7,2,0.4444444444444444,0.54,3,0.1,10,inner_steps
fomaml,limari,7,3,0.7272727272727273,0.7000000000000001,3,0.1,10,inner_steps
fomaml,limari,7,4,0.72,0.5900000000000001,3,0.1,10,inner_steps
fomaml,limari,7,5,0.47619047619047616,0.3,3,0.1,10,inner_steps
fomaml,limari,7,6,0.7692307692307693,0.8,3,0.1,10,inner_steps
fomaml,limari,7,7,0.5555555555555556,0.65,3,0.1,10,inner_steps
fomaml,limari,7,8,0.631578947368421,0.73,3,0.1,10,inner_steps
fomaml,limari,7,9,0.8333333333333334,0.73,3,0.1,10,inner_steps
fomaml,limari,7,10,0.7619047619047619,0.83,3,0.1,10,inner_steps
fomaml,limari,7,11,0.72,0.475,3,0.1,10,inner_steps
fomaml,limari,7,12,0.8571428571428571,0.8600000000000001,3,0.1,10,inner_steps
fomaml,limari,7,13,0.8,0.88,3,0.1,10,inner_steps
fomaml,limari,7,14,0.8181818181818182,0.76,3,0.1,10,inner_steps
fomaml,limari,7,15,0.45454545454545453,0.385,3,0.1,10,inner_steps
fomaml,limari,7,16,0.7619047619047619,0.6900000000000001,3,0.1,10,inner_steps
fomaml,limari,7,17,0.6363636363636364,0.7,3,0.1,10,inner_steps
fomaml,limari,7,18,0.6666666666666666,0.8700000000000001,3,0.1,10,inner_steps
fomaml,limari,7,19,0.4444444444444444,0.63,3,0.1,10,inner_steps
fomaml,limari,7,20,0.6666666666666666,0.59,3,0.1,10,inner_steps
fomaml,limari,7,21,0.7619047619047619,0.75,3,0.1,10,inner_steps
fomaml,limari,7,22,0.5217391304347826,0.43000000000000005,3,0.1,10,inner_steps
fomaml,limari,7,23,0.6956521739130435,0.5900000000000001,3,0.1,10,inner_steps
fomaml,limari,7,24,0.75,0.72,3,0.1,10,inner_steps
fomaml,limari,7,25,0.7,0.76,3,0.1,10,inner_steps
fomaml,limari,7,26,0.6956521739130435,0.76,3,0.1,10,inner_steps
fomaml,limari,7,27,0.9523809523809523,1.0,3,0.1,10,inner_steps
fomaml,limari,7,28,0.4,0.77,3,0.1,10,inner_steps
fomaml,limari,7,29,0.8181818181818182,0.87,3,0.1,10,inner_steps
reptile,copiapo,42,0,0.8571428571428571,0.94,5,0.1,10,inner_steps
reptile,copiapo,42,1,0.9,0.97,5,0.1,10,inner_steps
reptile,copiapo,42,2,0.7777777777777778,0.9199999999999999,5,0.1,10,inner_steps
reptile,copiapo,42,3,0.8888888888888888,0.9800000000000001,5,0.1,10,inner_steps
reptile,copiapo,42,4,0.9473684210526315,0.99,5,0.1,10,inner_steps
reptile,copiapo,42,5,0.8695652173913043,0.855,5,0.1,10,inner_steps
reptile,copiapo,42,6,0.9,0.97,5,0.1,10,inner_steps
reptile,copiapo,42,7,0.5882352941176471,0.88,5,0.1,10,inner_steps
reptile,copiapo,42,8,1.0,1.0,5,0.1,10,inner_steps
reptile,copiapo,42,9,0.7619047619047619,0.8099999999999999,5,0.1,10,inner_steps
reptile,copiapo,42,10,0.6666666666666666,0.85,5,0.1,10,inner_steps
reptile,copiapo,42,11,0.8421052631578947,0.9000000000000001,5,0.1,10,inner_steps
reptile,copiapo,42,12,0.6666666666666666,0.9199999999999999,5,0.1,10,inner_steps
reptile,copiapo,42,13,0.9523809523809523,0.9800000000000001,5,0.1,10,inner_steps
reptile,copiapo,42,14,0.5333333333333333,0.8300000000000001,5,0.1,10,inner_steps
reptile,copiapo,42,15,0.9,0.98,5,0.1,10,inner_steps
reptile,copiapo,42,16,0.8235294117647058,0.9500000000000001,5,0.1,10,inner_steps
reptile,copiapo,42,17,0.8,0.875,5,0.1,10,inner_steps
reptile,copiapo,42,18,0.7058823529411765,0.85,5,0.1,10,inner_steps
reptile,copiapo,42,19,0.9473684210526315,0.97,5,0.1,10,inner_steps
reptile,copiapo,42,20,0.7058823529411765,0.92,5,0.1,10,inner_steps
reptile,copiapo,42,21,0.782608695652174,0.8,5,0.1,10,inner_steps
reptile,copiapo,42,22,0.8181818181818182,0.9400000000000001,5,0.1,10,inner_steps
reptile,copiapo,42,23,0.75,0.99,5,0.1,10,inner_steps
reptile,copiapo,42,24,0.64,0.64,5,0.1,10,inner_steps
reptile,copiapo,42,25,0.8421052631578947,0.9199999999999999,5,0.1,10,inner_steps
reptile,copiapo,42,26,0.8571428571428571,0.9400000000000001,5,0.1,10,inner_steps
reptile,copiapo,42,27,0.7777777777777778,0.92,5,0.1,10,inner_steps
reptile,copiapo,42,28,0.8181818181818182,0.9400000000000001,5,0.1,10,inner_steps
reptile,copiapo,42,29,1.0,1.0,5,0.1,10,inner_steps
reptile,huasco,42,0,0.8235294117647058,1.0,5,0.1,10,inner_steps
reptile,huasco,42,1,0.7,0.7899999999999999,5,0.1,10,inner_steps
reptile,huasco,42,2,0.9090909090909091,0.92,5,0.1,10,inner_steps
reptile,huasco,42,3,0.9090909090909091,0.97,5,0.1,10,inner_steps
reptile,huasco,42,4,0.8421052631578947,0.9500000000000001,5,0.1,10,inner_steps
reptile,huasco,42,5,0.8181818181818182,0.7899999999999999,5,0.1,10,inner_steps
reptile,huasco,42,6,0.9523809523809523,0.99,5,0.1,10,inner_steps
reptile,huasco,42,7,0.8695652173913043,0.88,5,0.1,10,inner_steps
reptile,huasco,42,8,0.7368421052631579,0.89,5,0.1,10,inner_steps
reptile,huasco,42,9,0.9090909090909091,0.9400000000000001,5,0.1,10,inner_steps
reptile,huasco,42,10,0.8181818181818182,0.9199999999999999,5,0.1,10,inner_steps
reptile,huasco,42,11,0.8235294117647058,0.97,5,0.1,10,inner_steps
reptile,huasco,42,12,0.8888888888888888,0.9999999999999999,5,0.1,10,inner_steps
reptile,huasco,42,13,0.7368421052631579,0.8200000000000001,5,0.1,10,inner_steps
reptile,huasco,42,14,0.9523809523809523,0.95,5,0.1,10,inner_steps
reptile,huasco,42,15,0.8235294117647058,0.98,5,0.1,10,inner_steps
reptile,huasco,42,16,0.8,0.8900000000000001,5,0.1,10,inner_steps
reptile,huasco,42,17,0.7619047619047619,0.8300000000000001,5,0.1,10,inner_steps
reptile,huasco,42,18,0.8235294117647058,0.98,5,0.1,10,inner_steps
reptile,huasco,42,19,0.5333333333333333,0.9,5,0.1,10,inner_steps
reptile,huasco,42,20,0.9523809523809523,0.93,5,0.1,10,inner_steps
reptile,huasco,42,21,0.8695652173913043,0.97,5,0.1,10,inner_steps
reptile,huasco,42,22,0.8571428571428571,0.91,5,0.1,10,inner_steps
reptile,huasco,42,23,0.5,0.67,5,0.1,10,inner_steps
reptile,huasco,42,24,0.8,0.73,5,0.1,10,inner_steps
reptile,huasco,42,25,0.9090909090909091,0.925,5,0.1,10,inner_steps
reptile,huasco,42,26,0.625,0.9099999999999999,5,0.1,10,inner_steps
reptile,huasco,42,27,0.9,0.9899999999999999,5,0.1,10,inner_steps
reptile,huasco,42,28,0.8571428571428571,0.855,5,0.1,10,inner_steps
reptile,huasco,42,29,0.8181818181818182,0.8,5,0.1,10,inner_steps
reptile,elqui,42,0,0.8571428571428571,0.9400000000000002,5,0.1,10,inner_steps
reptile,elqui,42,1,0.6666666666666666,0.79,5,0.1,10,inner_steps
reptile,elqui,42,2,0.7777777777777778,0.8,5,0.1,10,inner_steps
reptile,elqui,42,3,0.8571428571428571,0.92,5,0.1,10,inner_steps
reptile,elqui,42,4,0.8695652173913043,0.7699999999999999,5,0.1,10,inner_steps
reptile,elqui,42,5,0.5714285714285714,0.65,5,0.1,10,inner_steps
reptile,elqui,42,6,0.6923076923076923,0.855,5,0.1,10,inner_steps
reptile,elqui,42,7,0.6666666666666666,0.85,5,0.1,10,inner_steps
reptile,elqui,42,8,0.8888888888888888,0.8700000000000001,5,0.1,10,inner_steps
reptile,elqui,42,9,0.5882352941176471,0.86,5,0.1,10,inner_steps
reptile,elqui,42,10,0.42857142857142855,0.6799999999999999,5,0.1,10,inner_steps
reptile,elqui,42,11,0.75,0.825,5,0.1,10,inner_steps
reptile,elqui,42,12,0.6666666666666666,0.785,5,0.1,10,inner_steps
reptile,elqui,42,13,0.8333333333333334,0.89,5,0.1,10,inner_steps
reptile,elqui,42,14,0.8421052631578947,0.9099999999999999,5,0.1,10,inner_steps
reptile,elqui,42,15,0.6086956521739131,0.8,5,0.1,10,inner_steps
reptile,elqui,42,16,0.7272727272727273,0.82,5,0.1,10,inner_steps
reptile,elqui,42,17,0.782608695652174,0.79,5,0.1,10,inner_steps
reptile,elqui,42,18,0.8571428571428571,0.8300000000000001,5,0.1,10,inner_steps
reptile,elqui,42,19,0.9523809523809523,1.0,5,0.1,10,inner_steps
reptile,elqui,42,20,0.75,0.7599999999999999,5,0.1,10,inner_steps
reptile,elqui,42,21,0.782608695652174,0.8,5,0.1,10,inner_steps
reptile,elqui,42,22,0.8235294117647058,0.9400000000000001,5,0.1,10,inner_steps
reptile,elqui,42,23,0.7058823529411765,0.8500000000000001,5,0.1,10,inner_steps
reptile,elqui,42,24,0.8571428571428571,0.96,5,0.1,10,inner_steps
reptile,elqui,42,25,0.5333333333333333,0.86,5,0.1,10,inner_steps
reptile,elqui,42,26,0.625,0.92,5,0.1,10,inner_steps
reptile,elqui,42,27,0.7619047619047619,0.91,5,0.1,10,inner_steps
reptile,elqui,42,28,0.8181818181818182,0.86,5,0.1,10,inner_steps
reptile,elqui,42,29,0.8571428571428571,0.96,5,0.1,10,inner_steps
reptile,limari,42,0,0.5,0.7200000000000001,5,0.1,10,inner_steps
reptile,limari,42,1,0.5714285714285714,0.56,5,0.1,10,inner_steps
reptile,limari,42,2,0.56,0.6499999999999999,5,0.1,10,inner_steps
reptile,limari,42,3,0.7,0.69,5,0.1,10,inner_steps
reptile,limari,42,4,0.631578947368421,0.81,5,0.1,10,inner_steps
reptile,limari,42,5,0.5263157894736842,0.6,5,0.1,10,inner_steps
reptile,limari,42,6,0.25,0.46,5,0.1,10,inner_steps
reptile,limari,42,7,0.7058823529411765,0.73,5,0.1,10,inner_steps
reptile,limari,42,8,0.72,0.52,5,0.1,10,inner_steps
reptile,limari,42,9,0.5,0.52,5,0.1,10,inner_steps
reptile,limari,42,10,0.35294117647058826,0.48,5,0.1,10,inner_steps
reptile,limari,42,11,0.5882352941176471,0.6300000000000001,5,0.1,10,inner_steps
reptile,limari,42,12,0.782608695652174,0.77,5,0.1,10,inner_steps
reptile,limari,42,13,0.5555555555555556,0.39,5,0.1,10,inner_steps
reptile,limari,42,14,0.631578947368421,0.71,5,0.1,10,inner_steps
reptile,limari,42,15,0.5,0.615,5,0.1,10,inner_steps
reptile,limari,42,16,0.7619047619047619,0.76,5,0.1,10,inner_steps
reptile,limari,42,17,0.6086956521739131,0.5700000000000001,5,0.1,10,inner_steps
reptile,limari,42,18,0.6666666666666666,0.85,5,0.1,10,inner_steps
reptile,limari,42,19,0.6,0.64,5,0.1,10,inner_steps
reptile,limari,42,20,0.8181818181818182,0.8099999999999999,5,0.1,10,inner_steps
reptile,limari,42,21,0.6,0.66,5,0.1,10,inner_steps
reptile,limari,42,22,0.75,0.5800000000000001,5,0.1,10,inner_steps
reptile,limari,42,23,0.6363636363636364,0.71,5,0.1,10,inner_steps
reptile,limari,42,24,0.5263157894736842,0.64,5,0.1,10,inner_steps
reptile,limari,42,25,0.8421052631578947,0.8300000000000001,5,0.1,10,inner_steps
reptile,limari,42,26,0.8181818181818182,0.79,5,0.1,10,inner_steps
reptile,limari,42,27,0.6923076923076923,0.4,5,0.1,10,inner_steps
reptile,limari,42,28,0.47058823529411764,0.65,5,0.1,10,inner_steps
reptile,limari,42,29,0.6363636363636364,0.53,5,0.1,10,inner_steps
reptile,copiapo,123,0,0.8571428571428571,0.8200000000000001,5,0.1,10,inner_steps
reptile,copiapo,123,1,0.8571428571428571,0.94,5,0.1,10,inner_steps
reptile,copiapo,123,2,0.5882352941176471,0.8700000000000001,5,0.1,10,inner_steps
reptile,copiapo,123,3,0.9,0.9600000000000001,5,0.1,10,inner_steps
reptile,copiapo,123,4,0.9,0.96,5,0.1,10,inner_steps
reptile,copiapo,123,5,0.7058823529411765,0.9,5,0.1,10,inner_steps
reptile,copiapo,123,6,0.7777777777777778,0.89,5,0.1,10,inner_steps
reptile,copiapo,123,7,0.75,0.96,5,0.1,10,inner_steps
reptile,copiapo,123,8,0.7619047619047619,0.84,5,0.1,10,inner_steps
reptile,copiapo,123,9,0.8333333333333334,0.885,5,0.1,10,inner_steps
reptile,copiapo,123,10,0.9523809523809523,0.98,5,0.1,10,inner_steps
reptile,copiapo,123,11,0.9090909090909091,0.9400000000000001,5,0.1,10,inner_steps
reptile,copiapo,123,12,0.6666666666666666,0.89,5,0.1,10,inner_steps
reptile,copiapo,123,13,0.7692307692307693,0.825,5,0.1,10,inner_steps
reptile,copiapo,123,14,0.8571428571428571,0.8400000000000001,5,0.1,10,inner_steps
reptile,copiapo,123,15,0.7368421052631579,0.9400000000000001,5,0.1,10,inner_steps
reptile,copiapo,123,16,0.7619047619047619,0.89,5,0.1,10,inner_steps
reptile,copiapo,123,17,0.8181818181818182,0.9199999999999999,5,0.1,10,inner_steps
reptile,copiapo,123,18,0.8,0.8799999999999999,5,0.1,10,inner_steps
reptile,copiapo,123,19,0.8,0.89,5,0.1,10,inner_steps
reptile,copiapo,123,20,0.6666666666666666,0.7799999999999999,5,0.1,10,inner_steps
reptile,copiapo,123,21,0.8571428571428571,0.92,5,0.1,10,inner_steps
reptile,copiapo,123,22,0.9,0.98,5,0.1,10,inner_steps
reptile,copiapo,123,23,0.7368421052631579,0.8200000000000001,5,0.1,10,inner_steps
reptile,copiapo,123,24,0.8571428571428571,0.96,5,0.1,10,inner_steps
reptile,copiapo,123,25,0.7,0.85,5,0.1,10,inner_steps
reptile,copiapo,123,26,0.625,0.9199999999999999,5,0.1,10,inner_steps
reptile,copiapo,123,27,0.782608695652174,0.88,5,0.1,10,inner_steps
reptile,copiapo,123,28,0.9523809523809523,0.9899999999999999,5,0.1,10,inner_steps
reptile,copiapo,123,29,0.8333333333333334,0.91,5,0.1,10,inner_steps
reptile,huasco,123,0,0.7,0.77,5,0.1,10,inner_steps
reptile,huasco,123,1,0.8571428571428571,0.9099999999999999,5,0.1,10,inner_steps
reptile,huasco,123,2,0.9090909090909091,0.92,5,0.1,10,inner_steps
reptile,huasco,123,3,0.8571428571428571,0.825,5,0.1,10,inner_steps
reptile,huasco,123,4,0.8235294117647058,0.95,5,0.1,10,inner_steps
reptile,huasco,123,5,0.8421052631578947,0.9600000000000001,5,0.1,10,inner_steps
reptile,huasco,123,6,0.9523809523809523,0.95,5,0.1,10,inner_steps
reptile,huasco,123,7,1.0,1.0,5,0.1,10,inner_steps
reptile,huasco,123,8,0.8,0.8900000000000001,5,0.1,10,inner_steps
reptile,huasco,123,9,0.8421052631578947,0.97,5,0.1,10,inner_steps
reptile,huasco,123,10,0.9,0.99,5,0.1,10,inner_steps
reptile,huasco,123,11,0.9523809523809523,1.0,5,0.1,10,inner_steps
reptile,huasco,123,12,0.8888888888888888,0.81,5,0.1,10,inner_steps
reptile,huasco,123,13,0.8421052631578947,0.93,5,0.1,10,inner_steps
reptile,huasco,123,14,1.0,1.0,5,0.1,10,inner_steps
reptile,huasco,123,15,0.9523809523809523,0.99,5,0.1,10,inner_steps
reptile,huasco,123,16,0.9,0.9400000000000001,5,0.1,10,inner_steps
reptile,huasco,123,17,0.8888888888888888,0.9600000000000001,5,0.1,10,inner_steps
reptile,huasco,123,18,0.9523809523809523,0.99,5,0.1,10,inner_steps
reptile,huasco,123,19,0.7272727272727273,0.855,5,0.1,10,inner_steps
reptile,huasco,123,20,0.9523809523809523,0.93,5,0.1,10,inner_steps
reptile,huasco,123,21,1.0,1.0,5,0.1,10,inner_steps
reptile,huasco,123,22,0.8695652173913043,0.9800000000000001,5,0.1,10,inner_steps
reptile,huasco,123,23,0.6086956521739131,0.5700000000000001,5,0.1,10,inner_steps
reptile,huasco,123,24,0.8571428571428571,0.8599999999999999,5,0.1,10,inner_steps
reptile,huasco,123,25,0.9090909090909091,0.9400000000000001,5,0.1,10,inner_steps
reptile,huasco,123,26,0.6666666666666666,0.95,5,0.1,10,inner_steps
reptile,huasco,123,27,1.0,1.0,5,0.1,10,inner_steps
reptile,huasco,123,28,0.64,0.545,5,0.1,10,inner_steps
reptile,huasco,123,29,0.7,0.8200000000000001,5,0.1,10,inner_steps
reptile,elqui,123,0,0.7368421052631579,0.8500000000000001,5,0.1,10,inner_steps
reptile,elqui,123,1,0.7692307692307693,0.92,5,0.1,10,inner_steps
reptile,elqui,123,2,0.8888888888888888,0.9500000000000001,5,0.1,10,inner_steps
reptile,elqui,123,3,0.8,0.85,5,0.1,10,inner_steps
reptile,elqui,123,4,0.6666666666666666,0.845,5,0.1,10,inner_steps
reptile,elqui,123,5,0.9523809523809523,0.9,5,0.1,10,inner_steps
reptile,elqui,123,6,0.9523809523809523,0.9400000000000001,5,0.1,10,inner_steps
reptile,elqui,123,7,0.6956521739130435,0.745,5,0.1,10,inner_steps
reptile,elqui,123,8,0.8695652173913043,0.8849999999999999,5,0.1,10,inner_steps
reptile,elqui,123,9,0.47058823529411764,0.8,5,0.1,10,inner_steps
reptile,elqui,123,10,0.8,0.9299999999999999,5,0.1,10,inner_steps
reptile,elqui,123,11,0.8421052631578947,0.92,5,0.1,10,inner_steps
reptile,elqui,123,12,0.7692307692307693,0.71,5,0.1,10,inner_steps
reptile,elqui,123,13,0.6666666666666666,0.97,5,0.1,10,inner_steps
reptile,elqui,123,14,0.7142857142857143,0.74,5,0.1,10,inner_steps
reptile,elqui,123,15,0.8571428571428571,0.9500000000000001,5,0.1,10,inner_steps
reptile,elqui,123,16,0.7,0.78,5,0.1,10,inner_steps
reptile,elqui,123,17,0.7619047619047619,0.8400000000000001,5,0.1,10,inner_steps
reptile,elqui,123,18,0.7619047619047619,0.92,5,0.1,10,inner_steps
reptile,elqui,123,19,0.8421052631578947,0.96,5,0.1,10,inner_steps
reptile,elqui,123,20,0.9,0.93,5,0.1,10,inner_steps
reptile,elqui,123,21,0.9090909090909091,0.97,5,0.1,10,inner_steps
reptile,elqui,123,22,0.75,0.8500000000000001,5,0.1,10,inner_steps
reptile,elqui,123,23,0.8181818181818182,0.84,5,0.1,10,inner_steps
reptile,elqui,123,24,0.6,0.75,5,0.1,10,inner_steps
reptile,elqui,123,25,0.8571428571428571,0.9599999999999999,5,0.1,10,inner_steps
reptile,elqui,123,26,0.782608695652174,0.9400000000000002,5,0.1,10,inner_steps
reptile,elqui,123,27,0.8,0.87,5,0.1,10,inner_steps
reptile,elqui,123,28,0.7,0.75,5,0.1,10,inner_steps
reptile,elqui,123,29,0.6666666666666666,0.74,5,0.1,10,inner_steps
reptile,limari,123,0,0.625,0.7999999999999999,5,0.1,10,inner_steps
reptile,limari,123,1,0.8181818181818182,0.8,5,0.1,10,inner_steps
reptile,limari,123,2,0.625,0.8200000000000001,5,0.1,10,inner_steps
reptile,limari,123,3,0.631578947368421,0.67,5,0.1,10,inner_steps
reptile,limari,123,4,0.42105263157894735,0.5800000000000001,5,0.1,10,inner_steps
reptile,limari,123,5,0.6956521739130435,0.51,5,0.1,10,inner_steps
reptile,limari,123,6,0.5714285714285714,0.7000000000000001,5,0.1,10,inner_steps
reptile,limari,123,7,0.7,0.73,5,0.1,10,inner_steps
reptile,limari,123,8,0.6666666666666666,0.6799999999999999,5,0.1,10,inner_steps
reptile,limari,123,9,0.6666666666666666,0.8699999999999999,5,0.1,10,inner_steps
reptile,limari,123,10,0.8,0.84,5,0.1,10,inner_steps
reptile,limari,123,11,0.6363636363636364,0.5800000000000001,5,0.1,10,inner_steps
reptile,limari,123,12,0.631578947368421,0.44,5,0.1,10,inner_steps
reptile,limari,123,13,0.6666666666666666,0.81,5,0.1,10,inner_steps
reptile,limari,123,14,0.7777777777777778,0.88,5,0.1,10,inner_steps
reptile,limari,123,15,0.6,0.56,5,0.1,10,inner_steps
reptile,limari,123,16,0.5714285714285714,0.55,5,0.1,10,inner_steps
reptile,limari,123,17,0.47619047619047616,0.38999999999999996,5,0.1,10,inner_steps
reptile,limari,123,18,0.7,0.8,5,0.1,10,inner_steps
reptile,limari,123,19,0.7619047619047619,0.88,5,0.1,10,inner_steps
reptile,limari,123,20,0.75,0.7,5,0.1,10,inner_steps
reptile,limari,123,21,0.8571428571428571,0.8500000000000001,5,0.1,10,inner_steps
reptile,limari,123,22,0.8181818181818182,0.79,5,0.1,10,inner_steps
reptile,limari,123,23,0.6956521739130435,0.66,5,0.1,10,inner_steps
reptile,limari,123,24,0.375,0.62,5,0.1,10,inner_steps
reptile,limari,123,25,0.6363636363636364,0.54,5,0.1,10,inner_steps
reptile,limari,123,26,0.6956521739130435,0.79,5,0.1,10,inner_steps
reptile,limari,123,27,0.8571428571428571,0.87,5,0.1,10,inner_steps
reptile,limari,123,28,0.5714285714285714,0.8599999999999999,5,0.1,10,inner_steps
reptile,limari,123,29,0.625,0.86,5,0.1,10,inner_steps
reptile,copiapo,7,0,0.8,0.84,5,0.1,10,inner_steps
reptile,copiapo,7,1,0.8421052631578947,0.9600000000000001,5,0.1,10,inner_steps
reptile,copiapo,7,2,0.8695652173913043,0.9599999999999999,5,0.1,10,inner_steps
reptile,copiapo,7,3,0.75,0.97,5,0.1,10,inner_steps
reptile,copiapo,7,4,0.4444444444444444,0.5800000000000001,5,0.1,10,inner_steps
reptile,copiapo,7,5,0.6666666666666666,0.85,5,0.1,10,inner_steps
reptile,copiapo,7,6,0.625,0.87,5,0.1,10,inner_steps
reptile,copiapo,7,7,0.8,0.9099999999999999,5,0.1,10,inner_steps
reptile,copiapo,7,8,0.42857142857142855,0.88,5,0.1,10,inner_steps
reptile,copiapo,7,9,0.8235294117647058,0.96,5,0.1,10,inner_steps
reptile,copiapo,7,10,0.782608695652174,0.8200000000000001,5,0.1,10,inner_steps
reptile,copiapo,7,11,0.5714285714285714,0.98,5,0.1,10,inner_steps
reptile,copiapo,7,12,0.7058823529411765,0.91,5,0.1,10,inner_steps
reptile,copiapo,7,13,0.8181818181818182,0.93,5,0.1,10,inner_steps
reptile,copiapo,7,14,0.8181818181818182,0.85,5,0.1,10,inner_steps
reptile,copiapo,7,15,0.782608695652174,0.8900000000000001,5,0.1,10,inner_steps
reptile,copiapo,7,16,0.8181818181818182,0.9,5,0.1,10,inner_steps
reptile,copiapo,7,17,0.7368421052631579,0.91,5,0.1,10,inner_steps
reptile,copiapo,7,18,0.75,1.0,5,0.1,10,inner_steps
reptile,copiapo,7,19,0.8571428571428571,0.9600000000000001,5,0.1,10,inner_steps
reptile,copiapo,7,20,0.6666666666666666,0.76,5,0.1,10,inner_steps
reptile,copiapo,7,21,0.8695652173913043,0.94,5,0.1,10,inner_steps
reptile,copiapo,7,22,0.8,0.9600000000000001,5,0.1,10,inner_steps
reptile,copiapo,7,23,0.7272727272727273,0.735,5,0.1,10,inner_steps
reptile,copiapo,7,24,0.7619047619047619,0.87,5,0.1,10,inner_steps
reptile,copiapo,7,25,0.8571428571428571,0.9700000000000001,5,0.1,10,inner_steps
reptile,copiapo,7,26,0.7619047619047619,0.77,5,0.1,10,inner_steps
reptile,copiapo,7,27,0.8421052631578947,0.97,5,0.1,10,inner_steps
reptile,copiapo,7,28,0.7058823529411765,0.89,5,0.1,10,inner_steps
reptile,copiapo,7,29,0.8181818181818182,0.845,5,0.1,10,inner_steps
reptile,huasco,7,0,0.75,0.565,5,0.1,10,inner_steps
reptile,huasco,7,1,0.8571428571428571,0.96,5,0.1,10,inner_steps
reptile,huasco,7,2,0.7368421052631579,0.8500000000000001,5,0.1,10,inner_steps
reptile,huasco,7,3,0.8888888888888888,1.0,5,0.1,10,inner_steps
reptile,huasco,7,4,0.7692307692307693,0.68,5,0.1,10,inner_steps
reptile,huasco,7,5,0.625,0.92,5,0.1,10,inner_steps
reptile,huasco,7,6,0.8,0.8900000000000001,5,0.1,10,inner_steps
reptile,huasco,7,7,0.9523809523809523,0.9700000000000001,5,0.1,10,inner_steps
reptile,huasco,7,8,0.8,0.84,5,0.1,10,inner_steps
reptile,huasco,7,9,0.72,0.7050000000000001,5,0.1,10,inner_steps
reptile,huasco,7,10,0.8333333333333334,0.825,5,0.1,10,inner_steps
reptile,huasco,7,11,0.8571428571428571,0.97,5,0.1,10,inner_steps
reptile,huasco,7,12,0.6666666666666666,0.74,5,0.1,10,inner_steps
reptile,huasco,7,13,0.7777777777777778,0.93,5,0.1,10,inner_steps
reptile,huasco,7,14,0.6666666666666666,0.9199999999999999,5,0.1,10,inner_steps
reptile,huasco,7,15,0.8695652173913043,0.895,5,0.1,10,inner_steps
reptile,huasco,7,16,0.7058823529411765,0.94,5,0.1,10,inner_steps
reptile,huasco,7,17,0.8,0.8650000000000001,5,0.1,10,inner_steps
reptile,huasco,7,18,0.8888888888888888,0.9899999999999999,5,0.1,10,inner_steps
reptile,huasco,7,19,0.8,0.845,5,0.1,10,inner_steps
reptile,huasco,7,20,0.7619047619047619,0.7999999999999999,5,0.1,10,inner_steps
reptile,huasco,7,21,0.7368421052631579,0.83,5,0.1,10,inner_steps
reptile,huasco,7,22,0.7777777777777778,0.9199999999999999,5,0.1,10,inner_steps
reptile,huasco,7,23,0.8695652173913043,0.815,5,0.1,10,inner_steps
reptile,huasco,7,24,0.8571428571428571,0.96,5,0.1,10,inner_steps
reptile,huasco,7,25,0.9090909090909091,0.92,5,0.1,10,inner_steps
reptile,huasco,7,26,0.7272727272727273,0.6900000000000001,5,0.1,10,inner_steps
reptile,huasco,7,27,0.7619047619047619,0.79,5,0.1,10,inner_steps
reptile,huasco,7,28,0.8421052631578947,0.9300000000000002,5,0.1,10,inner_steps
reptile,huasco,7,29,0.9473684210526315,1.0,5,0.1,10,inner_steps
reptile,elqui,7,0,0.625,0.69,5,0.1,10,inner_steps
reptile,elqui,7,1,0.7692307692307693,0.7849999999999999,5,0.1,10,inner_steps
reptile,elqui,7,2,0.8,0.9199999999999999,5,0.1,10,inner_steps
reptile,elqui,7,3,0.8333333333333334,0.89,5,0.1,10,inner_steps
reptile,elqui,7,4,0.7368421052631579,0.81,5,0.1,10,inner_steps
reptile,elqui,7,5,0.7058823529411765,0.9299999999999999,5,0.1,10,inner_steps
reptile,elqui,7,6,0.7777777777777778,0.91,5,0.1,10,inner_steps
reptile,elqui,7,7,0.782608695652174,0.78,5,0.1,10,inner_steps
reptile,elqui,7,8,0.8,0.88,5,0.1,10,inner_steps
reptile,elqui,7,9,0.9,0.9400000000000002,5,0.1,10,inner_steps
reptile,elqui,7,10,0.8235294117647058,0.89,5,0.1,10,inner_steps
reptile,elqui,7,11,0.8888888888888888,0.9500000000000002,5,0.1,10,inner_steps
reptile,elqui,7,12,0.8695652173913043,0.91,5,0.1,10,inner_steps
reptile,elqui,7,13,0.782608695652174,0.74,5,0.1,10,inner_steps
reptile,elqui,7,14,0.75,0.81,5,0.1,10,inner_steps
reptile,elqui,7,15,0.9,0.97,5,0.1,10,inner_steps
reptile,elqui,7,16,0.8235294117647058,0.86,5,0.1,10,inner_steps
reptile,elqui,7,17,0.8571428571428571,0.9500000000000001,5,0.1,10,inner_steps
reptile,elqui,7,18,0.7368421052631579,0.8000000000000002,5,0.1,10,inner_steps
reptile,elqui,7,19,0.7058823529411765,0.8000000000000002,5,0.1,10,inner_steps
reptile,elqui,7,20,0.8571428571428571,0.9299999999999999,5,0.1,10,inner_steps
reptile,elqui,7,21,0.8888888888888888,0.89,5,0.1,10,inner_steps
reptile,elqui,7,22,0.9523809523809523,0.99,5,0.1,10,inner_steps
reptile,elqui,7,23,0.7058823529411765,0.9400000000000001,5,0.1,10,inner_steps
reptile,elqui,7,24,0.8181818181818182,0.79,5,0.1,10,inner_steps
reptile,elqui,7,25,0.9,0.9700000000000001,5,0.1,10,inner_steps
reptile,elqui,7,26,0.5333333333333333,0.88,5,0.1,10,inner_steps
reptile,elqui,7,27,0.5714285714285714,0.6700000000000002,5,0.1,10,inner_steps
reptile,elqui,7,28,0.8181818181818182,0.85,5,0.1,10,inner_steps
reptile,elqui,7,29,0.8181818181818182,0.9099999999999999,5,0.1,10,inner_steps
reptile,limari,7,0,0.5833333333333334,0.5449999999999999,5,0.1,10,inner_steps
reptile,limari,7,1,0.8,0.8,5,0.1,10,inner_steps
reptile,limari,7,2,0.6956521739130435,0.66,5,0.1,10,inner_steps
reptile,limari,7,3,0.7777777777777778,0.88,5,0.1,10,inner_steps
reptile,limari,7,4,0.6666666666666666,0.66,5,0.1,10,inner_steps
reptile,limari,7,5,0.8,0.8300000000000001,5,0.1,10,inner_steps
reptile,limari,7,6,0.8181818181818182,0.83,5,0.1,10,inner_steps
reptile,limari,7,7,0.5263157894736842,0.6,5,0.1,10,inner_steps
reptile,limari,7,8,0.6,0.76,5,0.1,10,inner_steps
reptile,limari,7,9,0.5454545454545454,0.56,5,0.1,10,inner_steps
reptile,limari,7,10,0.7,0.66,5,0.1,10,inner_steps
reptile,limari,7,11,0.6956521739130435,0.61,5,0.1,10,inner_steps
reptile,limari,7,12,0.8421052631578947,0.9299999999999999,5,0.1,10,inner_steps
reptile,limari,7,13,0.5333333333333333,0.76,5,0.1,10,inner_steps
reptile,limari,7,14,0.8421052631578947,0.9,5,0.1,10,inner_steps
reptile,limari,7,15,0.43478260869565216,0.32,5,0.1,10,inner_steps
reptile,limari,7,16,0.6666666666666666,0.7899999999999999,5,0.1,10,inner_steps
reptile,limari,7,17,0.8,0.8200000000000001,5,0.1,10,inner_steps
reptile,limari,7,18,0.631578947368421,0.72,5,0.1,10,inner_steps
reptile,limari,7,19,0.64,0.395,5,0.1,10,inner_steps
reptile,limari,7,20,0.5333333333333333,0.84,5,0.1,10,inner_steps
reptile,limari,7,21,0.631578947368421,0.74,5,0.1,10,inner_steps
reptile,limari,7,22,0.375,0.72,5,0.1,10,inner_steps
reptile,limari,7,23,0.8181818181818182,0.765,5,0.1,10,inner_steps
reptile,limari,7,24,0.7368421052631579,0.83,5,0.1,10,inner_steps
reptile,limari,7,25,0.5714285714285714,0.53,5,0.1,10,inner_steps
reptile,limari,7,26,0.5555555555555556,0.67,5,0.1,10,inner_steps
reptile,limari,7,27,0.6086956521739131,0.47,5,0.1,10,inner_steps
reptile,limari,7,28,0.6666666666666666,0.79,5,0.1,10,inner_steps
reptile,limari,7,29,0.7619047619047619,0.74,5,0.1,10,inner_steps
fomaml,copiapo,42,0,0.8235294117647058,0.99,5,0.1,10,inner_steps
fomaml,copiapo,42,1,0.8235294117647058,0.94,5,0.1,10,inner_steps
fomaml,copiapo,42,2,0.7692307692307693,0.9500000000000001,5,0.1,10,inner_steps
fomaml,copiapo,42,3,0.8333333333333334,0.93,5,0.1,10,inner_steps
fomaml,copiapo,42,4,0.7777777777777778,0.86,5,0.1,10,inner_steps
fomaml,copiapo,42,5,0.6666666666666666,0.79,5,0.1,10,inner_steps
fomaml,copiapo,42,6,0.6666666666666666,0.74,5,0.1,10,inner_steps
fomaml,copiapo,42,7,0.8695652173913043,0.9199999999999999,5,0.1,10,inner_steps
fomaml,copiapo,42,8,0.8571428571428571,0.97,5,0.1,10,inner_steps
fomaml,copiapo,42,9,0.8421052631578947,0.9800000000000001,5,0.1,10,inner_steps
fomaml,copiapo,42,10,0.8571428571428571,0.9499999999999998,5,0.1,10,inner_steps
fomaml,copiapo,42,11,0.782608695652174,0.9000000000000001,5,0.1,10,inner_steps
fomaml,copiapo,42,12,0.8333333333333334,0.9,5,0.1,10,inner_steps
fomaml,copiapo,42,13,0.7,0.845,5,0.1,10,inner_steps
fomaml,copiapo,42,14,0.4444444444444444,0.6799999999999999,5,0.1,10,inner_steps
fomaml,copiapo,42,15,0.8333333333333334,0.98,5,0.1,10,inner_steps
fomaml,copiapo,42,16,0.8421052631578947,0.98,5,0.1,10,inner_steps
fomaml,copiapo,42,17,0.9090909090909091,0.98,5,0.1,10,inner_steps
fomaml,copiapo,42,18,0.8888888888888888,0.96,5,0.1,10,inner_steps
fomaml,copiapo,42,19,0.8,0.92,5,0.1,10,inner_steps
fomaml,copiapo,42,20,0.8571428571428571,0.9800000000000001,5,0.1,10,inner_steps
fomaml,copiapo,42,21,0.9523809523809523,0.99,5,0.1,10,inner_steps
fomaml,copiapo,42,22,0.8695652173913043,0.9400000000000001,5,0.1,10,inner_steps
fomaml,copiapo,42,23,0.7777777777777778,0.8,5,0.1,10,inner_steps
fomaml,copiapo,42,24,0.9473684210526315,1.0,5,0.1,10,inner_steps
fomaml,copiapo,42,25,0.9,0.9500000000000002,5,0.1,10,inner_steps
fomaml,copiapo,42,26,0.8421052631578947,0.96,5,0.1,10,inner_steps
fomaml,copiapo,42,27,0.9,0.96,5,0.1,10,inner_steps
fomaml,copiapo,42,28,0.9,0.9,5,0.1,10,inner_steps
fomaml,copiapo,42,29,0.9,0.9600000000000001,5,0.1,10,inner_steps
fomaml,huasco,42,0,0.75,0.8800000000000001,5,0.1,10,inner_steps
fomaml,huasco,42,1,0.7777777777777778,0.97,5,0.1,10,inner_steps
fomaml,huasco,42,2,0.9090909090909091,0.9800000000000001,5,0.1,10,inner_steps
fomaml,huasco,42,3,0.9,0.9599999999999999,5,0.1,10,inner_steps
fomaml,huasco,42,4,0.8,0.8999999999999999,5,0.1,10,inner_steps
fomaml,huasco,42,5,0.6666666666666666,0.8900000000000001,5,0.1,10,inner_steps
fomaml,huasco,42,6,0.8695652173913043,0.9800000000000001,5,0.1,10,inner_steps
fomaml,huasco,42,7,0.7,0.81,5,0.1,10,inner_steps
fomaml,huasco,42,8,0.7058823529411765,0.9600000000000001,5,0.1,10,inner_steps
fomaml,huasco,42,9,0.9473684210526315,1.0,5,0.1,10,inner_steps
fomaml,huasco,42,10,0.75,0.8400000000000001,5,0.1,10,inner_steps
fomaml,huasco,42,11,0.8695652173913043,0.96,5,0.1,10,inner_steps
fomaml,huasco,42,12,0.8571428571428571,0.9200000000000002,5,0.1,10,inner_steps
fomaml,huasco,42,13,0.9473684210526315,1.0,5,0.1,10,inner_steps
fomaml,huasco,42,14,0.8695652173913043,0.8099999999999999,5,0.1,10,inner_steps
fomaml,huasco,42,15,0.7619047619047619,0.8300000000000001,5,0.1,10,inner_steps
fomaml,huasco,42,16,0.5882352941176471,0.8,5,0.1,10,inner_steps
fomaml,huasco,42,17,0.9090909090909091,0.97,5,0.1,10,inner_steps
fomaml,huasco,42,18,0.8333333333333334,0.89,5,0.1,10,inner_steps
fomaml,huasco,42,19,0.9523809523809523,0.97,5,0.1,10,inner_steps
fomaml,huasco,42,20,0.8888888888888888,0.9800000000000001,5,0.1,10,inner_steps
fomaml,huasco,42,21,0.8235294117647058,0.8600000000000001,5,0.1,10,inner_steps
fomaml,huasco,42,22,0.7619047619047619,0.7949999999999999,5,0.1,10,inner_steps
fomaml,huasco,42,23,0.8571428571428571,0.81,5,0.1,10,inner_steps
fomaml,huasco,42,24,0.8235294117647058,0.9500000000000002,5,0.1,10,inner_steps
fomaml,huasco,42,25,0.8888888888888888,0.96,5,0.1,10,inner_steps
fomaml,huasco,42,26,0.8181818181818182,0.9,5,0.1,10,inner_steps
fomaml,huasco,42,27,0.9523809523809523,0.98,5,0.1,10,inner_steps
fomaml,huasco,42,28,0.8695652173913043,0.87,5,0.1,10,inner_steps
fomaml,huasco,42,29,0.8888888888888888,1.0,5,0.1,10,inner_steps
fomaml,elqui,42,0,0.4444444444444444,0.56,5,0.1,10,inner_steps
fomaml,elqui,42,1,0.7777777777777778,0.88,5,0.1,10,inner_steps
fomaml,elqui,42,2,0.7368421052631579,0.85,5,0.1,10,inner_steps
fomaml,elqui,42,3,0.6666666666666666,0.77,5,0.1,10,inner_steps
fomaml,elqui,42,4,0.8235294117647058,0.98,5,0.1,10,inner_steps
fomaml,elqui,42,5,0.6666666666666666,0.8300000000000001,5,0.1,10,inner_steps
fomaml,elqui,42,6,0.6666666666666666,0.6799999999999999,5,0.1,10,inner_steps
fomaml,elqui,42,7,0.7368421052631579,0.8300000000000001,5,0.1,10,inner_steps
fomaml,elqui,42,8,0.7272727272727273,0.77,5,0.1,10,inner_steps
fomaml,elqui,42,9,0.7777777777777778,0.85,5,0.1,10,inner_steps
fomaml,elqui,42,10,0.8181818181818182,0.9,5,0.1,10,inner_steps
fomaml,elqui,42,11,0.7058823529411765,0.77,5,0.1,10,inner_steps
fomaml,elqui,42,12,0.7619047619047619,0.86,5,0.1,10,inner_steps
fomaml,elqui,42,13,0.8235294117647058,0.96,5,0.1,10,inner_steps
fomaml,elqui,42,14,0.8181818181818182,0.9400000000000001,5,0.1,10,inner_steps
fomaml,elqui,42,15,0.7272727272727273,0.9,5,0.1,10,inner_steps
fomaml,elqui,42,16,0.8571428571428571,0.9200000000000002,5,0.1,10,inner_steps
fomaml,elqui,42,17,0.7619047619047619,0.76,5,0.1,10,inner_steps
fomaml,elqui,42,18,0.8235294117647058,0.85,5,0.1,10,inner_steps
fomaml,elqui,42,19,0.782608695652174,0.84,5,0.1,10,inner_steps
fomaml,elqui,42,20,0.7777777777777778,0.89,5,0.1,10,inner_steps
fomaml,elqui,42,21,0.7272727272727273,0.8300000000000001,5,0.1,10,inner_steps
fomaml,elqui,42,22,0.625,0.86,5,0.1,10,inner_steps
fomaml,elqui,42,23,0.7272727272727273,0.76,5,0.1,10,inner_steps
fomaml,elqui,42,24,0.7777777777777778,0.8400000000000001,5,0.1,10,inner_steps
fomaml,elqui,42,25,0.9,0.99,5,0.1,10,inner_steps
fomaml,elqui,42,26,0.9523809523809523,0.97,5,0.1,10,inner_steps
fomaml,elqui,42,27,0.631578947368421,0.74,5,0.1,10,inner_steps
fomaml,elqui,42,28,0.8,0.8700000000000001,5,0.1,10,inner_steps
fomaml,elqui,42,29,0.8181818181818182,0.89,5,0.1,10,inner_steps
fomaml,limari,42,0,0.8421052631578947,0.8400000000000001,5,0.1,10,inner_steps
fomaml,limari,42,1,0.6086956521739131,0.52,5,0.1,10,inner_steps
fomaml,limari,42,2,0.5,0.66,5,0.1,10,inner_steps
fomaml,limari,42,3,0.4,0.38,5,0.1,10,inner_steps
fomaml,limari,42,4,0.6956521739130435,0.72,5,0.1,10,inner_steps
fomaml,limari,42,5,0.26666666666666666,0.55,5,0.1,10,inner_steps
fomaml,limari,42,6,0.7619047619047619,0.77,5,0.1,10,inner_steps
fomaml,limari,42,7,0.8421052631578947,0.94,5,0.1,10,inner_steps
fomaml,limari,42,8,0.5454545454545454,0.5700000000000001,5,0.1,10,inner_steps
fomaml,limari,42,9,0.47619047619047616,0.53,5,0.1,10,inner_steps
fomaml,limari,42,10,0.375,0.6799999999999999,5,0.1,10,inner_steps
fomaml,limari,42,11,0.9090909090909091,0.85,5,0.1,10,inner_steps
fomaml,limari,42,12,0.7368421052631579,0.82,5,0.1,10,inner_steps
fomaml,limari,42,13,0.782608695652174,0.8500000000000001,5,0.1,10,inner_steps
fomaml,limari,42,14,0.7368421052631579,0.88,5,0.1,10,inner_steps
fomaml,limari,42,15,0.8,0.86,5,0.1,10,inner_steps
fomaml,limari,42,16,0.5555555555555556,0.5900000000000001,5,0.1,10,inner_steps
fomaml,limari,42,17,0.4,0.6900000000000001,5,0.1,10,inner_steps
fomaml,limari,42,18,0.6086956521739131,0.49,5,0.1,10,inner_steps
fomaml,limari,42,19,0.8571428571428571,0.82,5,0.1,10,inner_steps
fomaml,limari,42,20,0.7,0.73,5,0.1,10,inner_steps
fomaml,limari,42,21,0.631578947368421,0.77,5,0.1,10,inner_steps
fomaml,limari,42,22,0.375,0.68,5,0.1,10,inner_steps
fomaml,limari,42,23,0.4444444444444444,0.5800000000000001,5,0.1,10,inner_steps
fomaml,limari,42,24,0.8695652173913043,0.8099999999999999,5,0.1,10,inner_steps
fomaml,limari,42,25,0.5,0.72,5,0.1,10,inner_steps
fomaml,limari,42,26,0.782608695652174,0.86,5,0.1,10,inner_steps
fomaml,limari,42,27,0.64,0.44000000000000006,5,0.1,10,inner_steps
fomaml,limari,42,28,0.6363636363636364,0.62,5,0.1,10,inner_steps
fomaml,limari,42,29,0.8181818181818182,0.7999999999999999,5,0.1,10,inner_steps
fomaml,copiapo,123,0,0.7777777777777778,0.95,5,0.1,10,inner_steps
fomaml,copiapo,123,1,0.782608695652174,0.82,5,0.1,10,inner_steps
fomaml,copiapo,123,2,0.8235294117647058,1.0,5,0.1,10,inner_steps
fomaml,copiapo,123,3,0.9,0.97,5,0.1,10,inner_steps
fomaml,copiapo,123,4,0.8421052631578947,0.96,5,0.1,10,inner_steps
fomaml,copiapo,123,5,0.5882352941176471,0.79,5,0.1,10,inner_steps
fomaml,copiapo,123,6,0.8695652173913043,0.96,5,0.1,10,inner_steps
fomaml,copiapo,123,7,0.6956521739130435,0.66,5,0.1,10,inner_steps
fomaml,copiapo,123,8,0.8421052631578947,0.8999999999999999,5,0.1,10,inner_steps
fomaml,copiapo,123,9,0.7777777777777778,0.96,5,0.1,10,inner_steps
fomaml,copiapo,123,10,0.7777777777777778,0.97,5,0.1,10,inner_steps
fomaml,copiapo,123,11,0.8235294117647058,1.0,5,0.1,10,inner_steps
fomaml,copiapo,123,12,0.5333333333333333,0.79,5,0.1,10,inner_steps
fomaml,copiapo,123,13,0.8,0.88,5,0.1,10,inner_steps
fomaml,copiapo,123,14,0.625,0.8200000000000001,5,0.1,10,inner_steps
fomaml,copiapo,123,15,0.9523809523809523,0.93,5,0.1,10,inner_steps
fomaml,copiapo,123,16,0.8333333333333334,0.9599999999999999,5,0.1,10,inner_steps
fomaml,copiapo,123,17,0.8421052631578947,0.8900000000000001,5,0.1,10,inner_steps
fomaml,copiapo,123,18,0.6666666666666666,0.87,5,0.1,10,inner_steps
fomaml,copiapo,123,19,0.9473684210526315,1.0,5,0.1,10,inner_steps
fomaml,copiapo,123,20,0.5555555555555556,0.685,5,0.1,10,inner_steps
fomaml,copiapo,123,21,0.9,0.9700000000000001,5,0.1,10,inner_steps
fomaml,copiapo,123,22,0.72,0.79,5,0.1,10,inner_steps
fomaml,copiapo,123,23,0.375,0.74,5,0.1,10,inner_steps
fomaml,copiapo,123,24,0.9090909090909091,0.8899999999999999,5,0.1,10,inner_steps
fomaml,copiapo,123,25,0.7777777777777778,0.88,5,0.1,10,inner_steps
fomaml,copiapo,123,26,0.7777777777777778,0.81,5,0.1,10,inner_steps
fomaml,copiapo,123,27,0.8571428571428571,0.97,5,0.1,10,inner_steps
fomaml,copiapo,123,28,0.782608695652174,0.92,5,0.1,10,inner_steps
fomaml,copiapo,123,29,0.8235294117647058,0.8900000000000001,5,0.1,10,inner_steps
fomaml,huasco,123,0,0.9090909090909091,0.9700000000000001,5,0.1,10,inner_steps
fomaml,huasco,123,1,0.9473684210526315,0.99,5,0.1,10,inner_steps
fomaml,huasco,123,2,0.8,0.9199999999999999,5,0.1,10,inner_steps
fomaml,huasco,123,3,0.8333333333333334,0.8549999999999999,5,0.1,10,inner_steps
fomaml,huasco,123,4,0.782608695652174,0.91,5,0.1,10,inner_steps
fomaml,huasco,123,5,0.7777777777777778,0.9,5,0.1,10,inner_steps
fomaml,huasco,123,6,0.8888888888888888,0.96,5,0.1,10,inner_steps
fomaml,huasco,123,7,0.7692307692307693,0.845,5,0.1,10,inner_steps
fomaml,huasco,123,8,0.9523809523809523,0.98,5,0.1,10,inner_steps
fomaml,huasco,123,9,0.8421052631578947,0.9700000000000001,5,0.1,10,inner_steps
fomaml,huasco,123,10,0.8571428571428571,0.98,5,0.1,10,inner_steps
fomaml,huasco,123,11,0.9523809523809523,0.95,5,0.1,10,inner_steps
fomaml,huasco,123,12,0.9,0.9700000000000001,5,0.1,10,inner_steps
fomaml,huasco,123,13,0.7368421052631579,0.825,5,0.1,10,inner_steps
fomaml,huasco,123,14,0.8695652173913043,0.92,5,0.1,10,inner_steps
fomaml,huasco,123,15,0.9473684210526315,0.99,5,0.1,10,inner_steps
fomaml,huasco,123,16,0.9,0.98,5,0.1,10,inner_steps
fomaml,huasco,123,17,0.9523809523809523,1.0,5,0.1,10,inner_steps
fomaml,huasco,123,18,0.8695652173913043,0.88,5,0.1,10,inner_steps
fomaml,huasco,123,19,0.7,0.8499999999999999,5,0.1,10,inner_steps
fomaml,huasco,123,20,0.42857142857142855,0.87,5,0.1,10,inner_steps
fomaml,huasco,123,21,0.9090909090909091,0.9149999999999999,5,0.1,10,inner_steps
fomaml,huasco,123,22,0.5333333333333333,0.8999999999999999,5,0.1,10,inner_steps
fomaml,huasco,123,23,0.8333333333333334,0.99,5,0.1,10,inner_steps
fomaml,huasco,123,24,1.0,1.0,5,0.1,10,inner_steps
fomaml,huasco,123,25,0.8181818181818182,0.82,5,0.1,10,inner_steps
fomaml,huasco,123,26,0.7777777777777778,0.9000000000000001,5,0.1,10,inner_steps
fomaml,huasco,123,27,0.8181818181818182,0.9000000000000001,5,0.1,10,inner_steps
fomaml,huasco,123,28,0.9090909090909091,0.97,5,0.1,10,inner_steps
fomaml,huasco,123,29,0.8235294117647058,1.0,5,0.1,10,inner_steps
fomaml,elqui,123,0,0.72,0.8200000000000001,5,0.1,10,inner_steps
fomaml,elqui,123,1,0.6666666666666666,0.79,5,0.1,10,inner_steps
fomaml,elqui,123,2,0.5714285714285714,0.52,5,0.1,10,inner_steps
fomaml,elqui,123,3,0.8695652173913043,0.9100000000000001,5,0.1,10,inner_steps
fomaml,elqui,123,4,0.7368421052631579,0.84,5,0.1,10,inner_steps
fomaml,elqui,123,5,0.8421052631578947,0.9,5,0.1,10,inner_steps
fomaml,elqui,123,6,0.8421052631578947,0.9400000000000002,5,0.1,10,inner_steps
fomaml,elqui,123,7,0.8421052631578947,0.81,5,0.1,10,inner_steps
fomaml,elqui,123,8,0.7619047619047619,0.755,5,0.1,10,inner_steps
fomaml,elqui,123,9,0.8571428571428571,0.88,5,0.1,10,inner_steps
fomaml,elqui,123,10,0.8,0.8600000000000001,5,0.1,10,inner_steps
fomaml,elqui,123,11,0.9473684210526315,1.0,5,0.1,10,inner_steps
fomaml,elqui,123,12,0.6666666666666666,0.77,5,0.1,10,inner_steps
fomaml,elqui,123,13,0.9,0.92,5,0.1,10,inner_steps
fomaml,elqui,123,14,0.8333333333333334,0.98,5,0.1,10,inner_steps
fomaml,elqui,123,15,0.7058823529411765,0.72,5,0.1,10,inner_steps
fomaml,elqui,123,16,0.9,0.9,5,0.1,10,inner_steps
fomaml,elqui,123,17,1.0,1.0,5,0.1,10,inner_steps
fomaml,elqui,123,18,0.8,0.98,5,0.1,10,inner_steps
fomaml,elqui,123,19,0.625,0.76,5,0.1,10,inner_steps
fomaml,elqui,123,20,0.8571428571428571,0.89,5,0.1,10,inner_steps
fomaml,elqui,123,21,0.9,0.92,5,0.1,10,inner_steps
fomaml,elqui,123,22,0.9,0.9400000000000001,5,0.1,10,inner_steps
fomaml,elqui,123,23,0.8571428571428571,0.96,5,0.1,10,inner_steps
fomaml,elqui,123,24,0.5882352941176471,0.77,5,0.1,10,inner_steps
fomaml,elqui,123,25,0.6666666666666666,0.71,5,0.1,10,inner_steps
fomaml,elqui,123,26,0.7692307692307693,0.9299999999999999,5,0.1,10,inner_steps
fomaml,elqui,123,27,0.7619047619047619,0.72,5,0.1,10,inner_steps
fomaml,elqui,123,28,0.46153846153846156,0.66,5,0.1,10,inner_steps
fomaml,elqui,123,29,0.7058823529411765,0.77,5,0.1,10,inner_steps
fomaml,limari,123,0,0.6,0.65,5,0.1,10,inner_steps
fomaml,limari,123,1,0.5,0.7,5,0.1,10,inner_steps
fomaml,limari,123,2,0.72,0.71,5,0.1,10,inner_steps
fomaml,limari,123,3,0.5882352941176471,0.7799999999999999,5,0.1,10,inner_steps
fomaml,limari,123,4,0.5555555555555556,0.6799999999999999,5,0.1,10,inner_steps
fomaml,limari,123,5,0.5714285714285714,0.5700000000000001,5,0.1,10,inner_steps
fomaml,limari,123,6,0.7777777777777778,0.8500000000000001,5,0.1,10,inner_steps
fomaml,limari,123,7,0.5,0.76,5,0.1,10,inner_steps
fomaml,limari,123,8,0.5454545454545454,0.45,5,0.1,10,inner_steps
fomaml,limari,123,9,0.7,0.75,5,0.1,10,inner_steps
fomaml,limari,123,10,0.625,0.87,5,0.1,10,inner_steps
fomaml,limari,123,11,0.5263157894736842,0.66,5,0.1,10,inner_steps
fomaml,limari,123,12,0.6666666666666666,0.69,5,0.1,10,inner_steps
fomaml,limari,123,13,0.631578947368421,0.71,5,0.1,10,inner_steps
fomaml,limari,123,14,0.7058823529411765,0.8099999999999999,5,0.1,10,inner_steps
fomaml,limari,123,15,0.782608695652174,0.77,5,0.1,10,inner_steps
fomaml,limari,123,16,0.631578947368421,0.65,5,0.1,10,inner_steps
fomaml,limari,123,17,0.8695652173913043,0.9,5,0.1,10,inner_steps
fomaml,limari,123,18,0.6666666666666666,0.78,5,0.1,10,inner_steps
fomaml,limari,123,19,0.7368421052631579,0.84,5,0.1,10,inner_steps
fomaml,limari,123,20,0.782608695652174,0.71,5,0.1,10,inner_steps
fomaml,limari,123,21,0.7619047619047619,0.9199999999999999,5,0.1,10,inner_steps
fomaml,limari,123,22,0.5,0.65,5,0.1,10,inner_steps
fomaml,limari,123,23,0.6,0.72,5,0.1,10,inner_steps
fomaml,limari,123,24,0.47058823529411764,0.6000000000000001,5,0.1,10,inner_steps
fomaml,limari,123,25,0.6153846153846154,0.42000000000000004,5,0.1,10,inner_steps
fomaml,limari,123,26,0.5714285714285714,0.62,5,0.1,10,inner_steps
fomaml,limari,123,27,0.6956521739130435,0.73,5,0.1,10,inner_steps
fomaml,limari,123,28,0.7272727272727273,0.76,5,0.1,10,inner_steps
fomaml,limari,123,29,0.3333333333333333,0.53,5,0.1,10,inner_steps
fomaml,copiapo,7,0,0.8695652173913043,0.96,5,0.1,10,inner_steps
fomaml,copiapo,7,1,0.9090909090909091,0.8999999999999999,5,0.1,10,inner_steps
fomaml,copiapo,7,2,0.9,0.94,5,0.1,10,inner_steps
fomaml,copiapo,7,3,0.8,0.88,5,0.1,10,inner_steps
fomaml,copiapo,7,4,0.7777777777777778,0.84,5,0.1,10,inner_steps
fomaml,copiapo,7,5,0.8695652173913043,0.905,5,0.1,10,inner_steps
fomaml,copiapo,7,6,0.8,0.9,5,0.1,10,inner_steps
fomaml,copiapo,7,7,0.6666666666666666,0.86,5,0.1,10,inner_steps
fomaml,copiapo,7,8,0.7619047619047619,0.8600000000000001,5,0.1,10,inner_steps
fomaml,copiapo,7,9,0.8,0.89,5,0.1,10,inner_steps
fomaml,copiapo,7,10,0.75,0.92,5,0.1,10,inner_steps
fomaml,copiapo,7,11,0.5,0.6900000000000001,5,0.1,10,inner_steps
fomaml,copiapo,7,12,0.8571428571428571,0.98,5,0.1,10,inner_steps
fomaml,copiapo,7,13,0.72,0.745,5,0.1,10,inner_steps
fomaml,copiapo,7,14,0.8181818181818182,0.9099999999999999,5,0.1,10,inner_steps
fomaml,copiapo,7,15,0.9523809523809523,0.9400000000000001,5,0.1,10,inner_steps
fomaml,copiapo,7,16,0.8571428571428571,0.9700000000000001,5,0.1,10,inner_steps
fomaml,copiapo,7,17,0.8888888888888888,0.92,5,0.1,10,inner_steps
fomaml,copiapo,7,18,0.7368421052631579,0.92,5,0.1,10,inner_steps
fomaml,copiapo,7,19,0.8421052631578947,0.91,5,0.1,10,inner_steps
fomaml,copiapo,7,20,0.7368421052631579,0.8899999999999999,5,0.1,10,inner_steps
fomaml,copiapo,7,21,0.7777777777777778,0.92,5,0.1,10,inner_steps
fomaml,copiapo,7,22,0.7368421052631579,0.8,5,0.1,10,inner_steps
fomaml,copiapo,7,23,0.631578947368421,0.79,5,0.1,10,inner_steps
fomaml,copiapo,7,24,0.8421052631578947,0.8300000000000001,5,0.1,10,inner_steps
fomaml,copiapo,7,25,0.7619047619047619,0.8799999999999999,5,0.1,10,inner_steps
fomaml,copiapo,7,26,0.9090909090909091,0.9199999999999999,5,0.1,10,inner_steps
fomaml,copiapo,7,27,0.75,0.84,5,0.1,10,inner_steps
fomaml,copiapo,7,28,0.6666666666666666,0.8800000000000001,5,0.1,10,inner_steps
fomaml,copiapo,7,29,0.7,0.8099999999999999,5,0.1,10,inner_steps
fomaml,huasco,7,0,0.8695652173913043,0.9599999999999999,5,0.1,10,inner_steps
fomaml,huasco,7,1,0.625,0.8899999999999999,5,0.1,10,inner_steps
fomaml,huasco,7,2,0.8421052631578947,0.91,5,0.1,10,inner_steps
fomaml,huasco,7,3,0.9473684210526315,1.0,5,0.1,10,inner_steps
fomaml,huasco,7,4,0.7619047619047619,0.8499999999999999,5,0.1,10,inner_steps
fomaml,huasco,7,5,0.9523809523809523,0.9899999999999999,5,0.1,10,inner_steps
fomaml,huasco,7,6,0.8571428571428571,0.9600000000000001,5,0.1,10,inner_steps
fomaml,huasco,7,7,0.7058823529411765,0.9,5,0.1,10,inner_steps
fomaml,huasco,7,8,0.8333333333333334,0.8300000000000001,5,0.1,10,inner_steps
fomaml,huasco,7,9,0.9090909090909091,0.93,5,0.1,10,inner_steps
fomaml,huasco,7,10,0.8571428571428571,0.98,5,0.1,10,inner_steps
fomaml,huasco,7,11,0.6923076923076923,0.8200000000000001,5,0.1,10,inner_steps
fomaml,huasco,7,12,0.8695652173913043,0.7500000000000001,5,0.1,10,inner_steps
fomaml,huasco,7,13,0.8181818181818182,0.815,5,0.1,10,inner_steps
fomaml,huasco,7,14,0.9523809523809523,1.0,5,0.1,10,inner_steps
fomaml,huasco,7,15,0.8181818181818182,0.825,5,0.1,10,inner_steps
fomaml,huasco,7,16,0.8333333333333334,0.91,5,0.1,10,inner_steps
fomaml,huasco,7,17,0.6666666666666666,0.6699999999999999,5,0.1,10,inner_steps
fomaml,huasco,7,18,0.9090909090909091,0.91,5,0.1,10,inner_steps
fomaml,huasco,7,19,0.9523809523809523,1.0,5,0.1,10,inner_steps
fomaml,huasco,7,20,0.7272727272727273,0.84,5,0.1,10,inner_steps
fomaml,huasco,7,21,0.9473684210526315,0.99,5,0.1,10,inner_steps
fomaml,huasco,7,22,0.7272727272727273,0.88,5,0.1,10,inner_steps
fomaml,huasco,7,23,0.7368421052631579,0.89,5,0.1,10,inner_steps
fomaml,huasco,7,24,0.9523809523809523,0.93,5,0.1,10,inner_steps
fomaml,huasco,7,25,0.6956521739130435,0.78,5,0.1,10,inner_steps
fomaml,huasco,7,26,0.8888888888888888,0.98,5,0.1,10,inner_steps
fomaml,huasco,7,27,0.6,0.72,5,0.1,10,inner_steps
fomaml,huasco,7,28,1.0,1.0,5,0.1,10,inner_steps
fomaml,huasco,7,29,0.8,0.9299999999999999,5,0.1,10,inner_steps
fomaml,elqui,7,0,0.7272727272727273,0.62,5,0.1,10,inner_steps
fomaml,elqui,7,1,0.8571428571428571,0.9400000000000001,5,0.1,10,inner_steps
fomaml,elqui,7,2,0.782608695652174,0.6699999999999999,5,0.1,10,inner_steps
fomaml,elqui,7,3,0.7,0.85,5,0.1,10,inner_steps
fomaml,elqui,7,4,0.8695652173913043,0.83,5,0.1,10,inner_steps
fomaml,elqui,7,5,0.631578947368421,0.6699999999999999,5,0.1,10,inner_steps
fomaml,elqui,7,6,0.625,0.8800000000000001,5,0.1,10,inner_steps
fomaml,elqui,7,7,0.8181818181818182,0.95,5,0.1,10,inner_steps
fomaml,elqui,7,8,0.6666666666666666,0.72,5,0.1,10,inner_steps
fomaml,elqui,7,9,0.7272727272727273,0.8600000000000001,5,0.1,10,inner_steps
fomaml,elqui,7,10,0.7368421052631579,0.8300000000000001,5,0.1,10,inner_steps
fomaml,elqui,7,11,0.6,0.75,5,0.1,10,inner_steps
fomaml,elqui,7,12,0.8,0.88,5,0.1,10,inner_steps
fomaml,elqui,7,13,0.7777777777777778,0.8500000000000001,5,0.1,10,inner_steps
fomaml,elqui,7,14,0.6666666666666666,0.76,5,0.1,10,inner_steps
fomaml,elqui,7,15,0.7058823529411765,0.84,5,0.1,10,inner_steps
fomaml,elqui,7,16,0.8,0.855,5,0.1,10,inner_steps
fomaml,elqui,7,17,0.6666666666666666,0.66,5,0.1,10,inner_steps
fomaml,elqui,7,18,0.6666666666666666,0.8600000000000001,5,0.1,10,inner_steps
fomaml,elqui,7,19,0.8,0.8700000000000001,5,0.1,10,inner_steps
fomaml,elqui,7,20,0.8571428571428571,0.9500000000000001,5,0.1,10,inner_steps
fomaml,elqui,7,21,0.631578947368421,0.72,5,0.1,10,inner_steps
fomaml,elqui,7,22,0.8181818181818182,0.95,5,0.1,10,inner_steps
fomaml,elqui,7,23,0.7142857142857143,0.67,5,0.1,10,inner_steps
fomaml,elqui,7,24,0.782608695652174,0.76,5,0.1,10,inner_steps
fomaml,elqui,7,25,0.7777777777777778,0.83,5,0.1,10,inner_steps
fomaml,elqui,7,26,0.8571428571428571,0.97,5,0.1,10,inner_steps
fomaml,elqui,7,27,0.8421052631578947,0.87,5,0.1,10,inner_steps
fomaml,elqui,7,28,0.8571428571428571,0.86,5,0.1,10,inner_steps
fomaml,elqui,7,29,0.7368421052631579,0.8999999999999999,5,0.1,10,inner_steps
fomaml,limari,7,0,0.7272727272727273,0.645,5,0.1,10,inner_steps
fomaml,limari,7,1,0.8695652173913043,0.94,5,0.1,10,inner_steps
fomaml,limari,7,2,0.4444444444444444,0.56,5,0.1,10,inner_steps
fomaml,limari,7,3,0.7272727272727273,0.7000000000000001,5,0.1,10,inner_steps
fomaml,limari,7,4,0.72,0.6699999999999999,5,0.1,10,inner_steps
fomaml,limari,7,5,0.47619047619047616,0.31,5,0.1,10,inner_steps
fomaml,limari,7,6,0.75,0.8099999999999999,5,0.1,10,inner_steps
fomaml,limari,7,7,0.5882352941176471,0.64,5,0.1,10,inner_steps
fomaml,limari,7,8,0.7,0.73,5,0.1,10,inner_steps
fomaml,limari,7,9,0.8333333333333334,0.6900000000000001,5,0.1,10,inner_steps
fomaml,limari,7,10,0.7368421052631579,0.81,5,0.1,10,inner_steps
fomaml,limari,7,11,0.72,0.51,5,0.1,10,inner_steps
fomaml,limari,7,12,0.8571428571428571,0.86,5,0.1,10,inner_steps
fomaml,limari,7,13,0.8333333333333334,0.85,5,0.1,10,inner_steps
fomaml,limari,7,14,0.8181818181818182,0.77,5,0.1,10,inner_steps
fomaml,limari,7,15,0.45454545454545453,0.34500000000000003,5,0.1,10,inner_steps
fomaml,limari,7,16,0.7619047619047619,0.66,5,0.1,10,inner_steps
fomaml,limari,7,17,0.6956521739130435,0.6699999999999999,5,0.1,10,inner_steps
fomaml,limari,7,18,0.7368421052631579,0.8600000000000001,5,0.1,10,inner_steps
fomaml,limari,7,19,0.4444444444444444,0.6,5,0.1,10,inner_steps
fomaml,limari,7,20,0.6666666666666666,0.58,5,0.1,10,inner_steps
fomaml,limari,7,21,0.7619047619047619,0.75,5,0.1,10,inner_steps
fomaml,limari,7,22,0.5217391304347826,0.44000000000000006,5,0.1,10,inner_steps
fomaml,limari,7,23,0.6666666666666666,0.62,5,0.1,10,inner_steps
fomaml,limari,7,24,0.75,0.7600000000000001,5,0.1,10,inner_steps
fomaml,limari,7,25,0.631578947368421,0.79,5,0.1,10,inner_steps
fomaml,limari,7,26,0.6956521739130435,0.76,5,0.1,10,inner_steps
fomaml,limari,7,27,0.8421052631578947,0.97,5,0.1,10,inner_steps
fomaml,limari,7,28,0.4,0.78,5,0.1,10,inner_steps
fomaml,limari,7,29,0.8181818181818182,0.86,5,0.1,10,inner_steps
reptile,copiapo,42,0,0.8571428571428571,0.93,10,0.1,10,inner_steps
reptile,copiapo,42,1,0.8571428571428571,0.94,10,0.1,10,inner_steps
reptile,copiapo,42,2,0.7368421052631579,0.8999999999999999,10,0.1,10,inner_steps
reptile,copiapo,42,3,0.8888888888888888,1.0,10,0.1,10,inner_steps
reptile,copiapo,42,4,0.8421052631578947,0.9500000000000001,10,0.1,10,inner_steps
reptile,copiapo,42,5,0.7619047619047619,0.845,10,0.1,10,inner_steps
reptile,copiapo,42,6,0.75,0.9600000000000001,10,0.1,10,inner_steps
reptile,copiapo,42,7,0.6666666666666666,0.86,10,0.1,10,inner_steps
reptile,copiapo,42,8,0.8888888888888888,0.9899999999999999,10,0.1,10,inner_steps
reptile,copiapo,42,9,0.8,0.7999999999999999,10,0.1,10,inner_steps
reptile,copiapo,42,10,0.5333333333333333,0.86,10,0.1,10,inner_steps
reptile,copiapo,42,11,0.8421052631578947,0.91,10,0.1,10,inner_steps
reptile,copiapo,42,12,0.6666666666666666,0.98,10,0.1,10,inner_steps
reptile,copiapo,42,13,0.9523809523809523,0.97,10,0.1,10,inner_steps
reptile,copiapo,42,14,0.5333333333333333,0.8400000000000001,10,0.1,10,inner_steps
reptile,copiapo,42,15,0.8421052631578947,0.97,10,0.1,10,inner_steps
reptile,copiapo,42,16,0.75,0.9600000000000001,10,0.1,10,inner_steps
reptile,copiapo,42,17,0.8571428571428571,0.875,10,0.1,10,inner_steps
reptile,copiapo,42,18,0.6666666666666666,0.83,10,0.1,10,inner_steps
reptile,copiapo,42,19,0.8888888888888888,0.9700000000000001,10,0.1,10,inner_steps
reptile,copiapo,42,20,0.7777777777777778,0.92,10,0.1,10,inner_steps
reptile,copiapo,42,21,0.782608695652174,0.8350000000000001,10,0.1,10,inner_steps
reptile,copiapo,42,22,0.8181818181818182,0.93,10,0.1,10,inner_steps
reptile,copiapo,42,23,0.75,1.0,10,0.1,10,inner_steps
reptile,copiapo,42,24,0.5833333333333334,0.42000000000000004,10,0.1,10,inner_steps
reptile,copiapo,42,25,0.8,0.89,10,0.1,10,inner_steps
reptile,copiapo,42,26,0.9,0.93,10,0.1,10,inner_steps
reptile,copiapo,42,27,0.7058823529411765,0.89,10,0.1,10,inner_steps
reptile,copiapo,42,28,0.7619047619047619,0.8500000000000001,10,0.1,10,inner_steps
reptile,copiapo,42,29,0.8888888888888888,1.0,10,0.1,10,inner_steps
reptile,huasco,42,0,0.75,1.0,10,0.1,10,inner_steps
reptile,huasco,42,1,0.631578947368421,0.82,10,0.1,10,inner_steps
reptile,huasco,42,2,0.9090909090909091,0.905,10,0.1,10,inner_steps
reptile,huasco,42,3,0.8571428571428571,0.92,10,0.1,10,inner_steps
reptile,huasco,42,4,0.9,0.9,10,0.1,10,inner_steps
reptile,huasco,42,5,0.7619047619047619,0.8099999999999999,10,0.1,10,inner_steps
reptile,huasco,42,6,0.9473684210526315,1.0,10,0.1,10,inner_steps
reptile,huasco,42,7,0.8695652173913043,0.87,10,0.1,10,inner_steps
reptile,huasco,42,8,0.8,0.89,10,0.1,10,inner_steps
reptile,huasco,42,9,0.8571428571428571,0.97,10,0.1,10,inner_steps
reptile,huasco,42,10,0.8181818181818182,0.91,10,0.1,10,inner_steps
reptile,huasco,42,11,0.8235294117647058,0.97,10,0.1,10,inner_steps
reptile,huasco,42,12,0.8235294117647058,1.0,10,0.1,10,inner_steps
reptile,huasco,42,13,0.7777777777777778,0.79,10,0.1,10,inner_steps
reptile,huasco,42,14,0.9523809523809523,0.93,10,0.1,10,inner_steps
reptile,huasco,42,15,0.75,1.0,10,0.1,10,inner_steps
reptile,huasco,42,16,0.8,0.89,10,0.1,10,inner_steps
reptile,huasco,42,17,0.7619047619047619,0.79,10,0.1,10,inner_steps
reptile,huasco,42,18,0.8235294117647058,0.98,10,0.1,10,inner_steps
reptile,huasco,42,19,0.7058823529411765,0.9,10,0.1,10,inner_steps
reptile,huasco,42,20,0.8571428571428571,0.9400000000000002,10,0.1,10,inner_steps
reptile,huasco,42,21,0.8695652173913043,0.96,10,0.1,10,inner_steps
reptile,huasco,42,22,0.8571428571428571,0.9150000000000001,10,0.1,10,inner_steps
reptile,huasco,42,23,0.5263157894736842,0.72,10,0.1,10,inner_steps
reptile,huasco,42,24,0.8333333333333334,0.69,10,0.1,10,inner_steps
reptile,huasco,42,25,0.9090909090909091,0.99,10,0.1,10,inner_steps
reptile,huasco,42,26,0.7368421052631579,0.91,10,0.1,10,inner_steps
reptile,huasco,42,27,0.9,0.98,10,0.1,10,inner_steps
reptile,huasco,42,28,0.8,0.88,10,0.1,10,inner_steps
reptile,huasco,42,29,0.8571428571428571,0.8200000000000001,10,0.1,10,inner_steps
reptile,elqui,42,0,0.8571428571428571,0.93,10,0.1,10,inner_steps
reptile,elqui,42,1,0.7368421052631579,0.8700000000000001,10,0.1,10,inner_steps
reptile,elqui,42,2,0.7368421052631579,0.755,10,0.1,10,inner_steps
reptile,elqui,42,3,0.8571428571428571,0.92,10,0.1,10,inner_steps
reptile,elqui,42,4,0.7692307692307693,0.76,10,0.1,10,inner_steps
reptile,elqui,42,5,0.5714285714285714,0.605,10,0.1,10,inner_steps
reptile,elqui,42,6,0.6923076923076923,0.8650000000000001,10,0.1,10,inner_steps
reptile,elqui,42,7,0.5555555555555556,0.81,10,0.1,10,inner_steps
reptile,elqui,42,8,0.8888888888888888,0.8700000000000001,10,0.1,10,inner_steps
reptile,elqui,42,9,0.6666666666666666,0.7799999999999999,10,0.1,10,inner_steps
reptile,elqui,42,10,0.625,0.68,10,0.1,10,inner_steps
reptile,elqui,42,11,0.75,0.83,10,0.1,10,inner_steps
reptile,elqui,42,12,0.8,0.88,10,0.1,10,inner_steps
reptile,elqui,42,13,0.8333333333333334,0.845,10,0.1,10,inner_steps
reptile,elqui,42,14,0.8,0.875,10,0.1,10,inner_steps
reptile,elqui,42,15,0.6666666666666666,0.8,10,0.1,10,inner_steps
reptile,elqui,42,16,0.7619047619047619,0.8400000000000001,10,0.1,10,inner_steps
reptile,elqui,42,17,0.782608695652174,0.84,10,0.1,10,inner_steps
reptile,elqui,42,18,0.8571428571428571,0.78,10,0.1,10,inner_steps
reptile,elqui,42,19,1.0,1.0,10,0.1,10,inner_steps
reptile,elqui,42,20,0.6956521739130435,0.7949999999999999,10,0.1,10,inner_steps
reptile,elqui,42,21,0.782608695652174,0.74,10,0.1,10,inner_steps
reptile,elqui,42,22,0.8421052631578947,0.9199999999999999,10,0.1,10,inner_steps
reptile,elqui,42,23,0.625,0.9,10,0.1,10,inner_steps
reptile,elqui,42,24,0.8571428571428571,0.94,10,0.1,10,inner_steps
reptile,elqui,42,25,0.7058823529411765,0.8899999999999999,10,0.1,10,inner_steps
reptile,elqui,42,26,0.625,0.8800000000000001,10,0.1,10,inner_steps
reptile,elqui,42,27,0.782608695652174,0.91,10,0.1,10,inner_steps
reptile,elqui,42,28,0.8181818181818182,0.8500000000000001,10,0.1,10,inner_steps
reptile,elqui,42,29,0.8571428571428571,0.91,10,0.1,10,inner_steps
reptile,limari,42,0,0.4,0.7200000000000001,10,0.1,10,inner_steps
reptile,limari,42,1,0.47619047619047616,0.54,10,0.1,10,inner_steps
reptile,limari,42,2,0.6086956521739131,0.63,10,0.1,10,inner_steps
reptile,limari,42,3,0.631578947368421,0.64,10,0.1,10,inner_steps
reptile,limari,42,4,0.7,0.82,10,0.1,10,inner_steps
reptile,limari,42,5,0.631578947368421,0.63,10,0.1,10,inner_steps
reptile,limari,42,6,0.23529411764705882,0.4600000000000001,10,0.1,10,inner_steps
reptile,limari,42,7,0.7058823529411765,0.7100000000000001,10,0.1,10,inner_steps
reptile,limari,42,8,0.7407407407407407,0.635,10,0.1,10,inner_steps
reptile,limari,42,9,0.3333333333333333,0.5,10,0.1,10,inner_steps
reptile,limari,42,10,0.26666666666666666,0.59,10,0.1,10,inner_steps
reptile,limari,42,11,0.625,0.65,10,0.1,10,inner_steps
reptile,limari,42,12,0.782608695652174,0.79,10,0.1,10,inner_steps
reptile,limari,42,13,0.631578947368421,0.63,10,0.1,10,inner_steps
reptile,limari,42,14,0.5882352941176471,0.72,10,0.1,10,inner_steps
reptile,limari,42,15,0.6363636363636364,0.585,10,0.1,10,inner_steps
reptile,limari,42,16,0.75,0.6,10,0.1,10,inner_steps
reptile,limari,42,17,0.5454545454545454,0.5800000000000001,10,0.1,10,inner_steps
reptile,limari,42,18,0.6666666666666666,0.8,10,0.1,10,inner_steps
reptile,limari,42,19,0.6,0.64,10,0.1,10,inner_steps
reptile,limari,42,20,0.782608695652174,0.81,10,0.1,10,inner_steps
reptile,limari,42,21,0.6,0.65,10,0.1,10,inner_steps
reptile,limari,42,22,0.6,0.59,10,0.1,10,inner_steps
reptile,limari,42,23,0.6363636363636364,0.71,10,0.1,10,inner_steps
reptile,limari,42,24,0.5263157894736842,0.67,10,0.1,10,inner_steps
reptile,limari,42,25,0.8421052631578947,0.86,10,0.1,10,inner_steps
reptile,limari,42,26,0.782608695652174,0.78,10,0.1,10,inner_steps
reptile,limari,42,27,0.45454545454545453,0.37,10,0.1,10,inner_steps
reptile,limari,42,28,0.47058823529411764,0.72,10,0.1,10,inner_steps
reptile,limari,42,29,0.5714285714285714,0.49000000000000005,10,0.1,10,inner_steps
reptile,copiapo,123,0,0.8,0.8250000000000001,10,0.1,10,inner_steps
reptile,copiapo,123,1,0.9090909090909091,0.96,10,0.1,10,inner_steps
reptile,copiapo,123,2,0.5333333333333333,0.8700000000000001,10,0.1,10,inner_steps
reptile,copiapo,123,3,0.9,0.95,10,0.1,10,inner_steps
reptile,copiapo,123,4,0.9,0.99,10,0.1,10,inner_steps
reptile,copiapo,123,5,0.7058823529411765,0.88,10,0.1,10,inner_steps
reptile,copiapo,123,6,0.8421052631578947,0.8900000000000001,10,0.1,10,inner_steps
reptile,copiapo,123,7,0.75,0.9099999999999999,10,0.1,10,inner_steps
reptile,copiapo,123,8,0.7619047619047619,0.78,10,0.1,10,inner_steps
reptile,copiapo,123,9,0.8333333333333334,0.845,10,0.1,10,inner_steps
reptile,copiapo,123,10,0.9523809523809523,0.97,10,0.1,10,inner_steps
reptile,copiapo,123,11,0.9090909090909091,0.89,10,0.1,10,inner_steps
reptile,copiapo,123,12,0.5882352941176471,0.8400000000000001,10,0.1,10,inner_steps
reptile,copiapo,123,13,0.8333333333333334,0.8200000000000001,10,0.1,10,inner_steps
reptile,copiapo,123,14,0.8571428571428571,0.84,10,0.1,10,inner_steps
reptile,copiapo,123,15,0.7368421052631579,0.91,10,0.1,10,inner_steps
reptile,copiapo,123,16,0.7619047619047619,0.88,10,0.1,10,inner_steps
reptile,copiapo,123,17,0.8181818181818182,0.8899999999999999,10,0.1,10,inner_steps
reptile,copiapo,123,18,0.8,0.7999999999999999,10,0.1,10,inner_steps
reptile,copiapo,123,19,0.7368421052631579,0.86,10,0.1,10,inner_steps
reptile,copiapo,123,20,0.8695652173913043,0.85,10,0.1,10,inner_steps
reptile,copiapo,123,21,0.8571428571428571,0.9299999999999999,10,0.1,10,inner_steps
reptile,copiapo,123,22,0.8571428571428571,0.96,10,0.1,10,inner_steps
reptile,copiapo,123,23,0.6666666666666666,0.8500000000000001,10,0.1,10,inner_steps
reptile,copiapo,123,24,0.8571428571428571,0.87,10,0.1,10,inner_steps
reptile,copiapo,123,25,0.7,0.78,10,0.1,10,inner_steps
reptile,copiapo,123,26,0.6666666666666666,0.9300000000000002,10,0.1,10,inner_steps
reptile,copiapo,123,27,0.8181818181818182,0.8200000000000001,10,0.1,10,inner_steps
reptile,copiapo,123,28,0.8888888888888888,0.99,10,0.1,10,inner_steps
reptile,copiapo,123,29,0.8181818181818182,0.8999999999999999,10,0.1,10,inner_steps
reptile,huasco,123,0,0.7,0.73,10,0.1,10,inner_steps
reptile,huasco,123,1,0.9,0.92,10,0.1,10,inner_steps
reptile,huasco,123,2,0.9090909090909091,0.9250000000000002,10,0.1,10,inner_steps
reptile,huasco,123,3,0.8571428571428571,0.8500000000000001,10,0.1,10,inner_steps
reptile,huasco,123,4,0.8235294117647058,0.99,10,0.1,10,inner_steps
reptile,huasco,123,5,0.8421052631578947,0.9600000000000001,10,0.1,10,inner_steps
reptile,huasco,123,6,0.9523809523809523,0.99,10,0.1,10,inner_steps
reptile,huasco,123,7,1.0,1.0,10,0.1,10,inner_steps
reptile,huasco,123,8,0.8,0.8900000000000001,10,0.1,10,inner_steps
reptile,huasco,123,9,0.9,0.9600000000000001,10,0.1,10,inner_steps
reptile,huasco,123,10,0.9523809523809523,0.9500000000000001,10,0.1,10,inner_steps
reptile,huasco,123,11,0.9523809523809523,0.98,10,0.1,10,inner_steps
reptile,huasco,123,12,0.8888888888888888,0.8900000000000001,10,0.1,10,inner_steps
reptile,huasco,123,13,0.9,0.93,10,0.1,10,inner_steps
reptile,huasco,123,14,1.0,1.0,10,0.1,10,inner_steps
reptile,huasco,123,15,0.9523809523809523,0.9500000000000001,10,0.1,10,inner_steps
reptile,huasco,123,16,0.9523809523809523,0.9500000000000001,10,0.1,10,inner_steps
reptile,huasco,123,17,0.8,0.96,10,0.1,10,inner_steps
reptile,huasco,123,18,0.9,0.98,10,0.1,10,inner_steps
reptile,huasco,123,19,0.8181818181818182,0.87,10,0.1,10,inner_steps
reptile,huasco,123,20,0.9523809523809523,0.92,10,0.1,10,inner_steps
reptile,huasco,123,21,0.8888888888888888,1.0,10,0.1,10,inner_steps
reptile,huasco,123,22,0.8695652173913043,0.9250000000000002,10,0.1,10,inner_steps
reptile,huasco,123,23,0.6666666666666666,0.63,10,0.1,10,inner_steps
reptile,huasco,123,24,0.8,0.8599999999999999,10,0.1,10,inner_steps
reptile,huasco,123,25,0.8571428571428571,0.9400000000000001,10,0.1,10,inner_steps
reptile,huasco,123,26,0.6666666666666666,0.94,10,0.1,10,inner_steps
reptile,huasco,123,27,1.0,1.0,10,0.1,10,inner_steps
reptile,huasco,123,28,0.64,0.49,10,0.1,10,inner_steps
reptile,huasco,123,29,0.5555555555555556,0.81,10,0.1,10,inner_steps
reptile,elqui,123,0,0.7368421052631579,0.8300000000000001,10,0.1,10,inner_steps
reptile,elqui,123,1,0.9523809523809523,0.9,10,0.1,10,inner_steps
reptile,elqui,123,2,0.8,0.9199999999999999,10,0.1,10,inner_steps
reptile,elqui,123,3,0.6666666666666666,0.86,10,0.1,10,inner_steps
reptile,elqui,123,4,0.9,0.9400000000000001,10,0.1,10,inner_steps
reptile,elqui,123,5,0.9523809523809523,0.9,10,0.1,10,inner_steps
reptile,elqui,123,6,0.9523809523809523,0.96,10,0.1,10,inner_steps
reptile,elqui,123,7,0.6956521739130435,0.755,10,0.1,10,inner_steps
reptile,elqui,123,8,0.8181818181818182,0.9199999999999999,10,0.1,10,inner_steps
reptile,elqui,123,9,0.5555555555555556,0.8200000000000001,10,0.1,10,inner_steps
reptile,elqui,123,10,0.8,0.92,10,0.1,10,inner_steps
reptile,elqui,123,11,0.8421052631578947,0.9400000000000001,10,0.1,10,inner_steps
reptile,elqui,123,12,0.8695652173913043,0.82,10,0.1,10,inner_steps
reptile,elqui,123,13,0.625,0.95,10,0.1,10,inner_steps
reptile,elqui,123,14,0.7407407407407407,0.74,10,0.1,10,inner_steps
reptile,elqui,123,15,0.8571428571428571,0.92,10,0.1,10,inner_steps
reptile,elqui,123,16,0.7619047619047619,0.76,10,0.1,10,inner_steps
reptile,elqui,123,17,0.7272727272727273,0.78,10,0.1,10,inner_steps
reptile,elqui,123,18,0.782608695652174,0.92,10,0.1,10,inner_steps
reptile,elqui,123,19,0.8,0.9299999999999999,10,0.1,10,inner_steps
reptile,elqui,123,20,0.9,0.95,10,0.1,10,inner_steps
reptile,elqui,123,21,0.9090909090909091,0.9199999999999999,10,0.1,10,inner_steps
reptile,elqui,123,22,0.75,0.93,10,0.1,10,inner_steps
reptile,elqui,123,23,0.631578947368421,0.8100000000000002,10,0.1,10,inner_steps
reptile,elqui,123,24,0.6956521739130435,0.72,10,0.1,10,inner_steps
reptile,elqui,123,25,0.9090909090909091,0.91,10,0.1,10,inner_steps
reptile,elqui,123,26,0.8333333333333334,0.9400000000000001,10,0.1,10,inner_steps
reptile,elqui,123,27,0.8,0.87,10,0.1,10,inner_steps
reptile,elqui,123,28,0.7,0.83,10,0.1,10,inner_steps
reptile,elqui,123,29,0.7,0.76,10,0.1,10,inner_steps
reptile,limari,123,0,0.5714285714285714,0.8,10,0.1,10,inner_steps
reptile,limari,123,1,0.75,0.8,10,0.1,10,inner_steps
reptile,limari,123,2,0.6666666666666666,0.89,10,0.1,10,inner_steps
reptile,limari,123,3,0.6666666666666666,0.6900000000000001,10,0.1,10,inner_steps
reptile,limari,123,4,0.42105263157894735,0.56,10,0.1,10,inner_steps
reptile,limari,123,5,0.6363636363636364,0.53,10,0.1,10,inner_steps
reptile,limari,123,6,0.5714285714285714,0.71,10,0.1,10,inner_steps
reptile,limari,123,7,0.7368421052631579,0.74,10,0.1,10,inner_steps
reptile,limari,123,8,0.6666666666666666,0.67,10,0.1,10,inner_steps
reptile,limari,123,9,0.8,0.87,10,0.1,10,inner_steps
reptile,limari,123,10,0.8571428571428571,0.85,10,0.1,10,inner_steps
reptile,limari,123,11,0.6086956521739131,0.66,10,0.1,10,inner_steps
reptile,limari,123,12,0.6,0.48,10,0.1,10,inner_steps
reptile,limari,123,13,0.7272727272727273,0.82,10,0.1,10,inner_steps
reptile,limari,123,14,0.7368421052631579,0.8200000000000001,10,0.1,10,inner_steps
reptile,limari,123,15,0.5263157894736842,0.54,10,0.1,10,inner_steps
reptile,limari,123,16,0.5714285714285714,0.62,10,0.1,10,inner_steps
reptile,limari,123,17,0.5217391304347826,0.39999999999999997,10,0.1,10,inner_steps
reptile,limari,123,18,0.7,0.77,10,0.1,10,inner_steps
reptile,limari,123,19,0.7619047619047619,0.81,10,0.1,10,inner_steps
reptile,limari,123,20,0.6666666666666666,0.69,10,0.1,10,inner_steps
reptile,limari,123,21,0.8571428571428571,0.8600000000000001,10,0.1,10,inner_steps
reptile,limari,123,22,0.7619047619047619,0.77,10,0.1,10,inner_steps
reptile,limari,123,23,0.6956521739130435,0.62,10,0.1,10,inner_steps
reptile,limari,123,24,0.375,0.67,10,0.1,10,inner_steps
reptile,limari,123,25,0.5714285714285714,0.53,10,0.1,10,inner_steps
reptile,limari,123,26,0.6666666666666666,0.84,10,0.1,10,inner_steps
reptile,limari,123,27,0.8571428571428571,0.89,10,0.1,10,inner_steps
reptile,limari,123,28,0.3333333333333333,0.8500000000000001,10,0.1,10,inner_steps
reptile,limari,123,29,0.625,0.83,10,0.1,10,inner_steps
reptile,copiapo,7,0,0.7368421052631579,0.85,10,0.1,10,inner_steps
reptile,copiapo,7,1,0.8,0.9500000000000001,10,0.1,10,inner_steps
reptile,copiapo,7,2,0.8695652173913043,0.97,10,0.1,10,inner_steps
reptile,copiapo,7,3,0.75,0.97,10,0.1,10,inner_steps
reptile,copiapo,7,4,0.35294117647058826,0.54,10,0.1,10,inner_steps
reptile,copiapo,7,5,0.6666666666666666,0.84,10,0.1,10,inner_steps
reptile,copiapo,7,6,0.625,0.56,10,0.1,10,inner_steps
reptile,copiapo,7,7,0.7619047619047619,0.88,10,0.1,10,inner_steps
reptile,copiapo,7,8,0.5333333333333333,0.8800000000000001,10,0.1,10,inner_steps
reptile,copiapo,7,9,0.8235294117647058,0.97,10,0.1,10,inner_steps
reptile,copiapo,7,10,0.782608695652174,0.79,10,0.1,10,inner_steps
reptile,copiapo,7,11,0.5714285714285714,0.96,10,0.1,10,inner_steps
reptile,copiapo,7,12,0.7058823529411765,0.9099999999999999,10,0.1,10,inner_steps
reptile,copiapo,7,13,0.8695652173913043,0.9,10,0.1,10,inner_steps
reptile,copiapo,7,14,0.8181818181818182,0.83,10,0.1,10,inner_steps
reptile,copiapo,7,15,0.8181818181818182,0.86,10,0.1,10,inner_steps
reptile,copiapo,7,16,0.8181818181818182,0.9,10,0.1,10,inner_steps
reptile,copiapo,7,17,0.7368421052631579,0.91,10,0.1,10,inner_steps
reptile,copiapo,7,18,0.75,1.0,10,0.1,10,inner_steps
reptile,copiapo,7,19,0.8571428571428571,0.9600000000000001,10,0.1,10,inner_steps
reptile,copiapo,7,20,0.6666666666666666,0.81,10,0.1,10,inner_steps
reptile,copiapo,7,21,0.9090909090909091,0.9000000000000001,10,0.1,10,inner_steps
reptile,copiapo,7,22,0.8333333333333334,0.97,10,0.1,10,inner_steps
reptile,copiapo,7,23,0.7272727272727273,0.78,10,0.1,10,inner_steps
reptile,copiapo,7,24,0.7272727272727273,0.85,10,0.1,10,inner_steps
reptile,copiapo,7,25,0.8571428571428571,0.98,10,0.1,10,inner_steps
reptile,copiapo,7,26,0.7619047619047619,0.7749999999999999,10,0.1,10,inner_steps
reptile,copiapo,7,27,0.7777777777777778,0.94,10,0.1,10,inner_steps
reptile,copiapo,7,28,0.625,0.87,10,0.1,10,inner_steps
reptile,copiapo,7,29,0.8181818181818182,0.845,10,0.1,10,inner_steps
reptile,huasco,7,0,0.75,0.55,10,0.1,10,inner_steps
reptile,huasco,7,1,0.8571428571428571,0.9100000000000001,10,0.1,10,inner_steps
reptile,huasco,7,2,0.5882352941176471,0.82,10,0.1,10,inner_steps
reptile,huasco,7,3,0.8235294117647058,0.99,10,0.1,10,inner_steps
reptile,huasco,7,4,0.7692307692307693,0.73,10,0.1,10,inner_steps
reptile,huasco,7,5,0.7058823529411765,0.9199999999999999,10,0.1,10,inner_steps
reptile,huasco,7,6,0.6666666666666666,0.8900000000000001,10,0.1,10,inner_steps
reptile,huasco,7,7,0.9523809523809523,0.97,10,0.1,10,inner_steps
reptile,huasco,7,8,0.8,0.8799999999999999,10,0.1,10,inner_steps
reptile,huasco,7,9,0.72,0.75,10,0.1,10,inner_steps
reptile,huasco,7,10,0.8333333333333334,0.8450000000000001,10,0.1,10,inner_steps
reptile,huasco,7,11,0.8421052631578947,0.9300000000000002,10,0.1,10,inner_steps
reptile,huasco,7,12,0.6666666666666666,0.73,10,0.1,10,inner_steps
reptile,huasco,7,13,0.9,0.9500000000000001,10,0.1,10,inner_steps
reptile,huasco,7,14,0.6666666666666666,0.9199999999999999,10,0.1,10,inner_steps
reptile,huasco,7,15,0.9090909090909091,0.945,10,0.1,10,inner_steps
reptile,huasco,7,16,0.7058823529411765,0.93,10,0.1,10,inner_steps
reptile,huasco,7,17,0.9090909090909091,0.8699999999999999,10,0.1,10,inner_steps
reptile,huasco,7,18,0.8888888888888888,0.98,10,0.1,10,inner_steps
reptile,huasco,7,19,0.8,0.83,10,0.1,10,inner_steps
reptile,huasco,7,20,0.7619047619047619,0.78,10,0.1,10,inner_steps
reptile,huasco,7,21,0.8,0.84,10,0.1,10,inner_steps
reptile,huasco,7,22,0.7777777777777778,0.93,10,0.1,10,inner_steps
reptile,huasco,7,23,0.8695652173913043,0.8150000000000001,10,0.1,10,inner_steps
reptile,huasco,7,24,0.8,0.9400000000000001,10,0.1,10,inner_steps
reptile,huasco,7,25,0.8571428571428571,0.8700000000000001,10,0.1,10,inner_steps
reptile,huasco,7,26,0.6,0.69,10,0.1,10,inner_steps
reptile,huasco,7,27,0.7619047619047619,0.81,10,0.1,10,inner_steps
reptile,huasco,7,28,0.8,0.9199999999999999,10,0.1,10,inner_steps
reptile,huasco,7,29,0.9473684210526315,1.0,10,0.1,10,inner_steps
reptile,elqui,7,0,0.625,0.6499999999999999,10,0.1,10,inner_steps
reptile,elqui,7,1,0.8,0.83,10,0.1,10,inner_steps
reptile,elqui,7,2,0.8333333333333334,0.9499999999999998,10,0.1,10,inner_steps
reptile,elqui,7,3,0.8,0.91,10,0.1,10,inner_steps
reptile,elqui,7,4,0.7777777777777778,0.84,10,0.1,10,inner_steps
reptile,elqui,7,5,0.7058823529411765,0.92,10,0.1,10,inner_steps
reptile,elqui,7,6,0.6666666666666666,0.84,10,0.1,10,inner_steps
reptile,elqui,7,7,0.782608695652174,0.77,10,0.1,10,inner_steps
reptile,elqui,7,8,0.8333333333333334,0.9099999999999999,10,0.1,10,inner_steps
reptile,elqui,7,9,0.8421052631578947,0.89,10,0.1,10,inner_steps
reptile,elqui,7,10,0.6666666666666666,0.8500000000000001,10,0.1,10,inner_steps
reptile,elqui,7,11,0.8888888888888888,0.92,10,0.1,10,inner_steps
reptile,elqui,7,12,0.8571428571428571,0.92,10,0.1,10,inner_steps
reptile,elqui,7,13,0.782608695652174,0.74,10,0.1,10,inner_steps
reptile,elqui,7,14,0.7058823529411765,0.83,10,0.1,10,inner_steps
reptile,elqui,7,15,0.9,0.9700000000000001,10,0.1,10,inner_steps
reptile,elqui,7,16,0.7058823529411765,0.85,10,0.1,10,inner_steps
reptile,elqui,7,17,0.8421052631578947,0.96,10,0.1,10,inner_steps
reptile,elqui,7,18,0.7,0.8,10,0.1,10,inner_steps
reptile,elqui,7,19,0.6666666666666666,0.78,10,0.1,10,inner_steps
reptile,elqui,7,20,0.9,0.95,10,0.1,10,inner_steps
reptile,elqui,7,21,0.8235294117647058,0.88,10,0.1,10,inner_steps
reptile,elqui,7,22,0.9523809523809523,0.98,10,0.1,10,inner_steps
reptile,elqui,7,23,0.75,0.9600000000000001,10,0.1,10,inner_steps
reptile,elqui,7,24,0.782608695652174,0.7899999999999999,10,0.1,10,inner_steps
reptile,elqui,7,25,0.8695652173913043,0.98,10,0.1,10,inner_steps
reptile,elqui,7,26,0.5333333333333333,0.88,10,0.1,10,inner_steps
reptile,elqui,7,27,0.5714285714285714,0.72,10,0.1,10,inner_steps
reptile,elqui,7,28,0.8181818181818182,0.85,10,0.1,10,inner_steps
reptile,elqui,7,29,0.8571428571428571,0.94,10,0.1,10,inner_steps
reptile,limari,7,0,0.6153846153846154,0.54,10,0.1,10,inner_steps
reptile,limari,7,1,0.7777777777777778,0.8,10,0.1,10,inner_steps
reptile,limari,7,2,0.6956521739130435,0.575,10,0.1,10,inner_steps
reptile,limari,7,3,0.7368421052631579,0.86,10,0.1,10,inner_steps
reptile,limari,7,4,0.6,0.67,10,0.1,10,inner_steps
reptile,limari,7,5,0.8,0.85,10,0.1,10,inner_steps
reptile,limari,7,6,0.8181818181818182,0.7900000000000001,10,0.1,10,inner_steps
reptile,limari,7,7,0.42105263157894735,0.56,10,0.1,10,inner_steps
reptile,limari,7,8,0.5263157894736842,0.72,10,0.1,10,inner_steps
reptile,limari,7,9,0.5714285714285714,0.6,10,0.1,10,inner_steps
reptile,limari,7,10,0.6,0.6599999999999999,10,0.1,10,inner_steps
reptile,limari,7,11,0.7272727272727273,0.61,10,0.1,10,inner_steps
reptile,limari,7,12,0.7777777777777778,0.9199999999999999,10,0.1,10,inner_steps
reptile,limari,7,13,0.4,0.8099999999999999,10,0.1,10,inner_steps
reptile,limari,7,14,0.8,0.8900000000000001,10,0.1,10,inner_steps
reptile,limari,7,15,0.5,0.29,10,0.1,10,inner_steps
reptile,limari,7,16,0.6666666666666666,0.7799999999999999,10,0.1,10,inner_steps
reptile,limari,7,17,0.7368421052631579,0.81,10,0.1,10,inner_steps
reptile,limari,7,18,0.631578947368421,0.78,10,0.1,10,inner_steps
reptile,limari,7,19,0.5833333333333334,0.39,10,0.1,10,inner_steps
reptile,limari,7,20,0.5333333333333333,0.8300000000000001,10,0.1,10,inner_steps
reptile,limari,7,21,0.5,0.75,10,0.1,10,inner_steps
reptile,limari,7,22,0.47058823529411764,0.72,10,0.1,10,inner_steps
reptile,limari,7,23,0.782608695652174,0.745,10,0.1,10,inner_steps
reptile,limari,7,24,0.8,0.8200000000000001,10,0.1,10,inner_steps
reptile,limari,7,25,0.5714285714285714,0.53,10,0.1,10,inner_steps
reptile,limari,7,26,0.6666666666666666,0.65,10,0.1,10,inner_steps
reptile,limari,7,27,0.6086956521739131,0.39,10,0.1,10,inner_steps
reptile,limari,7,28,0.42857142857142855,0.85,10,0.1,10,inner_steps
reptile,limari,7,29,0.7619047619047619,0.77,10,0.1,10,inner_steps
fomaml,copiapo,42,0,0.8235294117647058,0.99,10,0.1,10,inner_steps
fomaml,copiapo,42,1,0.8235294117647058,0.9299999999999999,10,0.1,10,inner_steps
fomaml,copiapo,42,2,0.7692307692307693,0.94,10,0.1,10,inner_steps
fomaml,copiapo,42,3,0.8333333333333334,0.93,10,0.1,10,inner_steps
fomaml,copiapo,42,4,0.7777777777777778,0.86,10,0.1,10,inner_steps
fomaml,copiapo,42,5,0.6363636363636364,0.78,10,0.1,10,inner_steps
fomaml,copiapo,42,6,0.7368421052631579,0.7900000000000001,10,0.1,10,inner_steps
fomaml,copiapo,42,7,0.8695652173913043,0.93,10,0.1,10,inner_steps
fomaml,copiapo,42,8,0.9,0.97,10,0.1,10,inner_steps
fomaml,copiapo,42,9,0.9,0.98,10,0.1,10,inner_steps
fomaml,copiapo,42,10,0.8571428571428571,0.9499999999999998,10,0.1,10,inner_steps
fomaml,copiapo,42,11,0.8181818181818182,0.93,10,0.1,10,inner_steps
fomaml,copiapo,42,12,0.8695652173913043,0.97,10,0.1,10,inner_steps
fomaml,copiapo,42,13,0.7,0.84,10,0.1,10,inner_steps
fomaml,copiapo,42,14,0.4444444444444444,0.6799999999999999,10,0.1,10,inner_steps
fomaml,copiapo,42,15,0.8333333333333334,0.98,10,0.1,10,inner_steps
fomaml,copiapo,42,16,0.8421052631578947,0.96,10,0.1,10,inner_steps
fomaml,copiapo,42,17,0.9090909090909091,0.98,10,0.1,10,inner_steps
fomaml,copiapo,42,18,0.8888888888888888,0.9400000000000002,10,0.1,10,inner_steps
fomaml,copiapo,42,19,0.7368421052631579,0.93,10,0.1,10,inner_steps
fomaml,copiapo,42,20,0.9,0.9800000000000001,10,0.1,10,inner_steps
fomaml,copiapo,42,21,0.9090909090909091,0.9900000000000001,10,0.1,10,inner_steps
fomaml,copiapo,42,22,0.8333333333333334,0.9400000000000001,10,0.1,10,inner_steps
fomaml,copiapo,42,23,0.7777777777777778,0.8,10,0.1,10,inner_steps
fomaml,copiapo,42,24,0.8888888888888888,1.0,10,0.1,10,inner_steps
fomaml,copiapo,42,25,0.9473684210526315,0.9700000000000001,10,0.1,10,inner_steps
fomaml,copiapo,42,26,0.9,0.96,10,0.1,10,inner_steps
fomaml,copiapo,42,27,0.8571428571428571,0.9499999999999998,10,0.1,10,inner_steps
fomaml,copiapo,42,28,0.9,0.9,10,0.1,10,inner_steps
fomaml,copiapo,42,29,0.9,0.96,10,0.1,10,inner_steps
fomaml,huasco,42,0,0.75,0.88,10,0.1,10,inner_steps
fomaml,huasco,42,1,0.7777777777777778,0.97,10,0.1,10,inner_steps
fomaml,huasco,42,2,0.8571428571428571,0.98,10,0.1,10,inner_steps
fomaml,huasco,42,3,0.9,0.9599999999999999,10,0.1,10,inner_steps
fomaml,huasco,42,4,0.8,0.8799999999999999,10,0.1,10,inner_steps
fomaml,huasco,42,5,0.6666666666666666,0.8600000000000001,10,0.1,10,inner_steps
fomaml,huasco,42,6,0.8695652173913043,0.9800000000000001,10,0.1,10,inner_steps
fomaml,huasco,42,7,0.7368421052631579,0.8300000000000001,10,0.1,10,inner_steps
fomaml,huasco,42,8,0.7058823529411765,0.95,10,0.1,10,inner_steps
fomaml,huasco,42,9,0.9473684210526315,0.99,10,0.1,10,inner_steps
fomaml,huasco,42,10,0.6666666666666666,0.8400000000000001,10,0.1,10,inner_steps
fomaml,huasco,42,11,0.8695652173913043,0.9900000000000001,10,0.1,10,inner_steps
fomaml,huasco,42,12,0.8,0.87,10,0.1,10,inner_steps
fomaml,huasco,42,13,0.9473684210526315,1.0,10,0.1,10,inner_steps
fomaml,huasco,42,14,0.8695652173913043,0.81,10,0.1,10,inner_steps
fomaml,huasco,42,15,0.7,0.86,10,0.1,10,inner_steps
fomaml,huasco,42,16,0.6666666666666666,0.8,10,0.1,10,inner_steps
fomaml,huasco,42,17,0.9090909090909091,0.9500000000000001,10,0.1,10,inner_steps
fomaml,huasco,42,18,0.8333333333333334,0.86,10,0.1,10,inner_steps
fomaml,huasco,42,19,0.9,0.96,10,0.1,10,inner_steps
fomaml,huasco,42,20,0.8888888888888888,0.9800000000000001,10,0.1,10,inner_steps
fomaml,huasco,42,21,0.8235294117647058,0.9100000000000001,10,0.1,10,inner_steps
fomaml,huasco,42,22,0.7619047619047619,0.7849999999999999,10,0.1,10,inner_steps
fomaml,huasco,42,23,0.8571428571428571,0.8400000000000001,10,0.1,10,inner_steps
fomaml,huasco,42,24,0.8888888888888888,0.9600000000000001,10,0.1,10,inner_steps
fomaml,huasco,42,25,0.8888888888888888,0.98,10,0.1,10,inner_steps
fomaml,huasco,42,26,0.8,0.9,10,0.1,10,inner_steps
fomaml,huasco,42,27,0.9523809523809523,0.9899999999999999,10,0.1,10,inner_steps
fomaml,huasco,42,28,0.8695652173913043,0.8699999999999999,10,0.1,10,inner_steps
fomaml,huasco,42,29,0.9,0.99,10,0.1,10,inner_steps
fomaml,elqui,42,0,0.4444444444444444,0.5700000000000001,10,0.1,10,inner_steps
fomaml,elqui,42,1,0.7058823529411765,0.85,10,0.1,10,inner_steps
fomaml,elqui,42,2,0.8,0.85,10,0.1,10,inner_steps
fomaml,elqui,42,3,0.7,0.77,10,0.1,10,inner_steps
fomaml,elqui,42,4,0.8888888888888888,0.9700000000000001,10,0.1,10,inner_steps
fomaml,elqui,42,5,0.7272727272727273,0.8300000000000001,10,0.1,10,inner_steps
fomaml,elqui,42,6,0.7,0.645,10,0.1,10,inner_steps
fomaml,elqui,42,7,0.7777777777777778,0.89,10,0.1,10,inner_steps
fomaml,elqui,42,8,0.7272727272727273,0.78,10,0.1,10,inner_steps
fomaml,elqui,42,9,0.7368421052631579,0.82,10,0.1,10,inner_steps
fomaml,elqui,42,10,0.8571428571428571,0.9600000000000001,10,0.1,10,inner_steps
fomaml,elqui,42,11,0.6666666666666666,0.75,10,0.1,10,inner_steps
fomaml,elqui,42,12,0.7619047619047619,0.86,10,0.1,10,inner_steps
fomaml,elqui,42,13,0.8235294117647058,0.96,10,0.1,10,inner_steps
fomaml,elqui,42,14,0.8181818181818182,0.9200000000000002,10,0.1,10,inner_steps
fomaml,elqui,42,15,0.7272727272727273,0.85,10,0.1,10,inner_steps
fomaml,elqui,42,16,0.8571428571428571,0.8600000000000001,10,0.1,10,inner_steps
fomaml,elqui,42,17,0.7619047619047619,0.81,10,0.1,10,inner_steps
fomaml,elqui,42,18,0.8235294117647058,0.85,10,0.1,10,inner_steps
fomaml,elqui,42,19,0.6666666666666666,0.78,10,0.1,10,inner_steps
fomaml,elqui,42,20,0.7777777777777778,0.9299999999999999,10,0.1,10,inner_steps
fomaml,elqui,42,21,0.7272727272727273,0.86,10,0.1,10,inner_steps
fomaml,elqui,42,22,0.625,0.8,10,0.1,10,inner_steps
fomaml,elqui,42,23,0.7272727272727273,0.76,10,0.1,10,inner_steps
fomaml,elqui,42,24,0.7058823529411765,0.84,10,0.1,10,inner_steps
fomaml,elqui,42,25,0.9,0.99,10,0.1,10,inner_steps
fomaml,elqui,42,26,0.9523809523809523,0.97,10,0.1,10,inner_steps
fomaml,elqui,42,27,0.631578947368421,0.7500000000000001,10,0.1,10,inner_steps
fomaml,elqui,42,28,0.8571428571428571,0.8400000000000001,10,0.1,10,inner_steps
fomaml,elqui,42,29,0.8181818181818182,0.89,10,0.1,10,inner_steps
fomaml,limari,42,0,0.8421052631578947,0.82,10,0.1,10,inner_steps
fomaml,limari,42,1,0.6086956521739131,0.5,10,0.1,10,inner_steps
fomaml,limari,42,2,0.47058823529411764,0.67,10,0.1,10,inner_steps
fomaml,limari,42,3,0.38095238095238093,0.39,10,0.1,10,inner_steps
fomaml,limari,42,4,0.6956521739130435,0.76,10,0.1,10,inner_steps
fomaml,limari,42,5,0.375,0.52,10,0.1,10,inner_steps
fomaml,limari,42,6,0.8181818181818182,0.71,10,0.1,10,inner_steps
fomaml,limari,42,7,0.7777777777777778,0.94,10,0.1,10,inner_steps
fomaml,limari,42,8,0.6086956521739131,0.5900000000000001,10,0.1,10,inner_steps
fomaml,limari,42,9,0.5714285714285714,0.51,10,0.1,10,inner_steps
fomaml,limari,42,10,0.375,0.6799999999999999,10,0.1,10,inner_steps
fomaml,limari,42,11,0.9090909090909091,0.84,10,0.1,10,inner_steps
fomaml,limari,42,12,0.7368421052631579,0.82,10,0.1,10,inner_steps
fomaml,limari,42,13,0.782608695652174,0.8300000000000001,10,0.1,10,inner_steps
fomaml,limari,42,14,0.7368421052631579,0.88,10,0.1,10,inner_steps
fomaml,limari,42,15,0.8,0.85,10,0.1,10,inner_steps
fomaml,limari,42,16,0.47058823529411764,0.6799999999999999,10,0.1,10,inner_steps
fomaml,limari,42,17,0.5,0.6900000000000001,10,0.1,10,inner_steps
fomaml,limari,42,18,0.47619047619047616,0.4600000000000001,10,0.1,10,inner_steps
fomaml,limari,42,19,0.8571428571428571,0.82,10,0.1,10,inner_steps
fomaml,limari,42,20,0.7368421052631579,0.77,10,0.1,10,inner_steps
fomaml,limari,42,21,0.631578947368421,0.8,10,0.1,10,inner_steps
fomaml,limari,42,22,0.375,0.64,10,0.1,10,inner_steps
fomaml,limari,42,23,0.42105263157894735,0.56,10,0.1,10,inner_steps
fomaml,limari,42,24,0.8695652173913043,0.84,10,0.1,10,inner_steps
fomaml,limari,42,25,0.5882352941176471,0.74,10,0.1,10,inner_steps
fomaml,limari,42,26,0.782608695652174,0.89,10,0.1,10,inner_steps
fomaml,limari,42,27,0.64,0.42000000000000004,10,0.1,10,inner_steps
fomaml,limari,42,28,0.6363636363636364,0.61,10,0.1,10,inner_steps
fomaml,limari,42,29,0.8181818181818182,0.8099999999999999,10,0.1,10,inner_steps
fomaml,copiapo,123,0,0.7777777777777778,0.94,10,0.1,10,inner_steps
fomaml,copiapo,123,1,0.782608695652174,0.78,10,0.1,10,inner_steps
fomaml,copiapo,123,2,0.75,1.0,10,0.1,10,inner_steps
fomaml,copiapo,123,3,0.9,0.97,10,0.1,10,inner_steps
fomaml,copiapo,123,4,0.8421052631578947,0.9600000000000001,10,0.1,10,inner_steps
fomaml,copiapo,123,5,0.6666666666666666,0.84,10,0.1,10,inner_steps
fomaml,copiapo,123,6,0.8695652173913043,0.9700000000000001,10,0.1,10,inner_steps
fomaml,copiapo,123,7,0.6956521739130435,0.6799999999999999,10,0.1,10,inner_steps
fomaml,copiapo,123,8,0.7777777777777778,0.87,10,0.1,10,inner_steps
fomaml,copiapo,123,9,0.7058823529411765,0.9400000000000001,10,0.1,10,inner_steps
fomaml,copiapo,123,10,0.7777777777777778,0.9700000000000001,10,0.1,10,inner_steps
fomaml,copiapo,123,11,0.8235294117647058,1.0,10,0.1,10,inner_steps
fomaml,copiapo,123,12,0.7058823529411765,0.79,10,0.1,10,inner_steps
fomaml,copiapo,123,13,0.7619047619047619,0.87,10,0.1,10,inner_steps
fomaml,copiapo,123,14,0.6666666666666666,0.84,10,0.1,10,inner_steps
fomaml,copiapo,123,15,0.9523809523809523,0.93,10,0.1,10,inner_steps
fomaml,copiapo,123,16,0.8333333333333334,0.9400000000000001,10,0.1,10,inner_steps
fomaml,copiapo,123,17,0.8421052631578947,0.8900000000000001,10,0.1,10,inner_steps
fomaml,copiapo,123,18,0.6666666666666666,0.85,10,0.1,10,inner_steps
fomaml,copiapo,123,19,0.9473684210526315,1.0,10,0.1,10,inner_steps
fomaml,copiapo,123,20,0.5555555555555556,0.685,10,0.1,10,inner_steps
fomaml,copiapo,123,21,0.9,0.98,10,0.1,10,inner_steps
fomaml,copiapo,123,22,0.72,0.76,10,0.1,10,inner_steps
fomaml,copiapo,123,23,0.5555555555555556,0.76,10,0.1,10,inner_steps
fomaml,copiapo,123,24,0.9090909090909091,0.9199999999999999,10,0.1,10,inner_steps
fomaml,copiapo,123,25,0.8235294117647058,0.88,10,0.1,10,inner_steps
fomaml,copiapo,123,26,0.7777777777777778,0.84,10,0.1,10,inner_steps
fomaml,copiapo,123,27,0.8571428571428571,0.97,10,0.1,10,inner_steps
fomaml,copiapo,123,28,0.782608695652174,0.9100000000000001,10,0.1,10,inner_steps
fomaml,copiapo,123,29,0.8235294117647058,0.89,10,0.1,10,inner_steps
fomaml,huasco,123,0,0.9090909090909091,0.97,10,0.1,10,inner_steps
fomaml,huasco,123,1,0.9473684210526315,1.0,10,0.1,10,inner_steps
fomaml,huasco,123,2,0.8,0.9,10,0.1,10,inner_steps
fomaml,huasco,123,3,0.8333333333333334,0.8999999999999999,10,0.1,10,inner_steps
fomaml,huasco,123,4,0.782608695652174,0.91,10,0.1,10,inner_steps
fomaml,huasco,123,5,0.625,0.91,10,0.1,10,inner_steps
fomaml,huasco,123,6,0.8421052631578947,0.94,10,0.1,10,inner_steps
fomaml,huasco,123,7,0.7692307692307693,0.855,10,0.1,10,inner_steps
fomaml,huasco,123,8,0.9523809523809523,0.9900000000000001,10,0.1,10,inner_steps
fomaml,huasco,123,9,0.8421052631578947,0.9800000000000001,10,0.1,10,inner_steps
fomaml,huasco,123,10,0.8571428571428571,0.9800000000000001,10,0.1,10,inner_steps
fomaml,huasco,123,11,0.9,0.95,10,0.1,10,inner_steps
fomaml,huasco,123,12,0.9,0.9800000000000001,10,0.1,10,inner_steps
fomaml,huasco,123,13,0.8,0.825,10,0.1,10,inner_steps
fomaml,huasco,123,14,0.8695652173913043,0.9,10,0.1,10,inner_steps
fomaml,huasco,123,15,0.9473684210526315,0.99,10,0.1,10,inner_steps
fomaml,huasco,123,16,0.9,0.98,10,0.1,10,inner_steps
fomaml,huasco,123,17,0.9523809523809523,0.99,10,0.1,10,inner_steps
fomaml,huasco,123,18,0.9090909090909091,0.92,10,0.1,10,inner_steps
fomaml,huasco,123,19,0.7,0.85,10,0.1,10,inner_steps
fomaml,huasco,123,20,0.5333333333333333,0.87,10,0.1,10,inner_steps
fomaml,huasco,123,21,0.9090909090909091,0.9199999999999999,10,0.1,10,inner_steps
fomaml,huasco,123,22,0.5333333333333333,0.8999999999999999,10,0.1,10,inner_steps
fomaml,huasco,123,23,0.8333333333333334,1.0,10,0.1,10,inner_steps
fomaml,huasco,123,24,1.0,1.0,10,0.1,10,inner_steps
fomaml,huasco,123,25,0.8181818181818182,0.85,10,0.1,10,inner_steps
fomaml,huasco,123,26,0.7777777777777778,0.92,10,0.1,10,inner_steps
fomaml,huasco,123,27,0.8181818181818182,0.8999999999999999,10,0.1,10,inner_steps
fomaml,huasco,123,28,0.9523809523809523,0.97,10,0.1,10,inner_steps
fomaml,huasco,123,29,0.8235294117647058,1.0,10,0.1,10,inner_steps
fomaml,elqui,123,0,0.6923076923076923,0.8300000000000001,10,0.1,10,inner_steps
fomaml,elqui,123,1,0.5,0.7999999999999999,10,0.1,10,inner_steps
fomaml,elqui,123,2,0.6363636363636364,0.54,10,0.1,10,inner_steps
fomaml,elqui,123,3,0.8695652173913043,0.89,10,0.1,10,inner_steps
fomaml,elqui,123,4,0.5882352941176471,0.84,10,0.1,10,inner_steps
fomaml,elqui,123,5,0.8421052631578947,0.8900000000000001,10,0.1,10,inner_steps
fomaml,elqui,123,6,0.8421052631578947,0.9300000000000002,10,0.1,10,inner_steps
fomaml,elqui,123,7,0.8421052631578947,0.81,10,0.1,10,inner_steps
fomaml,elqui,123,8,0.6666666666666666,0.78,10,0.1,10,inner_steps
fomaml,elqui,123,9,0.8571428571428571,0.89,10,0.1,10,inner_steps
fomaml,elqui,123,10,0.8181818181818182,0.8700000000000001,10,0.1,10,inner_steps
fomaml,elqui,123,11,0.9473684210526315,1.0,10,0.1,10,inner_steps
fomaml,elqui,123,12,0.7,0.77,10,0.1,10,inner_steps
fomaml,elqui,123,13,0.9,0.92,10,0.1,10,inner_steps
fomaml,elqui,123,14,0.8333333333333334,0.99,10,0.1,10,inner_steps
fomaml,elqui,123,15,0.6666666666666666,0.72,10,0.1,10,inner_steps
fomaml,elqui,123,16,0.9,0.9,10,0.1,10,inner_steps
fomaml,elqui,123,17,0.9473684210526315,1.0,10,0.1,10,inner_steps
fomaml,elqui,123,18,0.8333333333333334,0.97,10,0.1,10,inner_steps
fomaml,elqui,123,19,0.6666666666666666,0.75,10,0.1,10,inner_steps
fomaml,elqui,123,20,0.8571428571428571,0.865,10,0.1,10,inner_steps
fomaml,elqui,123,21,0.8421052631578947,0.96,10,0.1,10,inner_steps
fomaml,elqui,123,22,0.8,0.94,10,0.1,10,inner_steps
fomaml,elqui,123,23,0.9,0.9299999999999999,10,0.1,10,inner_steps
fomaml,elqui,123,24,0.6666666666666666,0.7799999999999999,10,0.1,10,inner_steps
fomaml,elqui,123,25,0.6666666666666666,0.73,10,0.1,10,inner_steps
fomaml,elqui,123,26,0.7692307692307693,0.93,10,0.1,10,inner_steps
fomaml,elqui,123,27,0.7619047619047619,0.71,10,0.1,10,inner_steps
fomaml,elqui,123,28,0.35294117647058826,0.66,10,0.1,10,inner_steps
fomaml,elqui,123,29,0.7058823529411765,0.78,10,0.1,10,inner_steps
fomaml,limari,123,0,0.6,0.6400000000000001,10,0.1,10,inner_steps
fomaml,limari,123,1,0.5,0.7200000000000001,10,0.1,10,inner_steps
fomaml,limari,123,2,0.72,0.75,10,0.1,10,inner_steps
fomaml,limari,123,3,0.7058823529411765,0.81,10,0.1,10,inner_steps
fomaml,limari,123,4,0.5555555555555556,0.73,10,0.1,10,inner_steps
fomaml,limari,123,5,0.5714285714285714,0.5800000000000001,10,0.1,10,inner_steps
fomaml,limari,123,6,0.7777777777777778,0.89,10,0.1,10,inner_steps
fomaml,limari,123,7,0.5882352941176471,0.75,10,0.1,10,inner_steps
fomaml,limari,123,8,0.5454545454545454,0.44,10,0.1,10,inner_steps
fomaml,limari,123,9,0.7,0.78,10,0.1,10,inner_steps
fomaml,limari,123,10,0.3333333333333333,0.95,10,0.1,10,inner_steps
fomaml,limari,123,11,0.4444444444444444,0.63,10,0.1,10,inner_steps
fomaml,limari,123,12,0.5555555555555556,0.6799999999999999,10,0.1,10,inner_steps
fomaml,limari,123,13,0.5555555555555556,0.72,10,0.1,10,inner_steps
fomaml,limari,123,14,0.7058823529411765,0.8200000000000001,10,0.1,10,inner_steps
fomaml,limari,123,15,0.8181818181818182,0.77,10,0.1,10,inner_steps
fomaml,limari,123,16,0.631578947368421,0.6799999999999999,10,0.1,10,inner_steps
fomaml,limari,123,17,0.9090909090909091,0.89,10,0.1,10,inner_steps
fomaml,limari,123,18,0.6666666666666666,0.71,10,0.1,10,inner_steps
fomaml,limari,123,19,0.7368421052631579,0.8099999999999999,10,0.1,10,inner_steps
fomaml,limari,123,20,0.8333333333333334,0.68,10,0.1,10,inner_steps
fomaml,limari,123,21,0.7619047619047619,0.9,10,0.1,10,inner_steps
fomaml,limari,123,22,0.5,0.6,10,0.1,10,inner_steps
fomaml,limari,123,23,0.6666666666666666,0.74,10,0.1,10,inner_steps
fomaml,limari,123,24,0.5263157894736842,0.5700000000000001,10,0.1,10,inner_steps
fomaml,limari,123,25,0.6666666666666666,0.45,10,0.1,10,inner_steps
fomaml,limari,123,26,0.6666666666666666,0.63,10,0.1,10,inner_steps
fomaml,limari,123,27,0.6956521739130435,0.71,10,0.1,10,inner_steps
fomaml,limari,123,28,0.6956521739130435,0.77,10,0.1,10,inner_steps
fomaml,limari,123,29,0.3333333333333333,0.5,10,0.1,10,inner_steps
fomaml,copiapo,7,0,0.8695652173913043,0.9600000000000001,10,0.1,10,inner_steps
fomaml,copiapo,7,1,0.8,0.91,10,0.1,10,inner_steps
fomaml,copiapo,7,2,0.8571428571428571,0.9200000000000002,10,0.1,10,inner_steps
fomaml,copiapo,7,3,0.8181818181818182,0.88,10,0.1,10,inner_steps
fomaml,copiapo,7,4,0.7368421052631579,0.8300000000000001,10,0.1,10,inner_steps
fomaml,copiapo,7,5,0.8333333333333334,0.9,10,0.1,10,inner_steps
fomaml,copiapo,7,6,0.8571428571428571,0.89,10,0.1,10,inner_steps
fomaml,copiapo,7,7,0.6666666666666666,0.8800000000000001,10,0.1,10,inner_steps
fomaml,copiapo,7,8,0.7368421052631579,0.86,10,0.1,10,inner_steps
fomaml,copiapo,7,9,0.8,0.91,10,0.1,10,inner_steps
fomaml,copiapo,7,10,0.75,0.92,10,0.1,10,inner_steps
fomaml,copiapo,7,11,0.5,0.7000000000000001,10,0.1,10,inner_steps
fomaml,copiapo,7,12,0.8571428571428571,0.98,10,0.1,10,inner_steps
fomaml,copiapo,7,13,0.72,0.8099999999999999,10,0.1,10,inner_steps
fomaml,copiapo,7,14,0.8181818181818182,0.88,10,0.1,10,inner_steps
fomaml,copiapo,7,15,0.9523809523809523,0.95,10,0.1,10,inner_steps
fomaml,copiapo,7,16,0.8571428571428571,0.9699999999999999,10,0.1,10,inner_steps
fomaml,copiapo,7,17,0.8888888888888888,0.92,10,0.1,10,inner_steps
fomaml,copiapo,7,18,0.7368421052631579,0.91,10,0.1,10,inner_steps
fomaml,copiapo,7,19,0.8421052631578947,0.89,10,0.1,10,inner_steps
fomaml,copiapo,7,20,0.8,0.8899999999999999,10,0.1,10,inner_steps
fomaml,copiapo,7,21,0.8235294117647058,0.91,10,0.1,10,inner_steps
fomaml,copiapo,7,22,0.8,0.8200000000000001,10,0.1,10,inner_steps
fomaml,copiapo,7,23,0.631578947368421,0.79,10,0.1,10,inner_steps
fomaml,copiapo,7,24,0.8888888888888888,0.8500000000000001,10,0.1,10,inner_steps
fomaml,copiapo,7,25,0.7,0.8999999999999999,10,0.1,10,inner_steps
fomaml,copiapo,7,26,0.9090909090909091,0.92,10,0.1,10,inner_steps
fomaml,copiapo,7,27,0.75,0.8300000000000001,10,0.1,10,inner_steps
fomaml,copiapo,7,28,0.6666666666666666,0.8200000000000001,10,0.1,10,inner_steps
fomaml,copiapo,7,29,0.6666666666666666,0.8099999999999999,10,0.1,10,inner_steps
fomaml,huasco,7,0,0.8695652173913043,0.9599999999999999,10,0.1,10,inner_steps
fomaml,huasco,7,1,0.7058823529411765,0.8999999999999999,10,0.1,10,inner_steps
fomaml,huasco,7,2,0.8421052631578947,0.905,10,0.1,10,inner_steps
fomaml,huasco,7,3,0.9473684210526315,1.0,10,0.1,10,inner_steps
fomaml,huasco,7,4,0.7619047619047619,0.7799999999999999,10,0.1,10,inner_steps
fomaml,huasco,7,5,0.9523809523809523,1.0,10,0.1,10,inner_steps
fomaml,huasco,7,6,0.8571428571428571,0.9400000000000001,10,0.1,10,inner_steps
fomaml,huasco,7,7,0.7058823529411765,0.9200000000000002,10,0.1,10,inner_steps
fomaml,huasco,7,8,0.8333333333333334,0.855,10,0.1,10,inner_steps
fomaml,huasco,7,9,0.8695652173913043,0.92,10,0.1,10,inner_steps
fomaml,huasco,7,10,0.8571428571428571,0.98,10,0.1,10,inner_steps
fomaml,huasco,7,11,0.6923076923076923,0.78,10,0.1,10,inner_steps
fomaml,huasco,7,12,0.8695652173913043,0.75,10,0.1,10,inner_steps
fomaml,huasco,7,13,0.7619047619047619,0.835,10,0.1,10,inner_steps
fomaml,huasco,7,14,1.0,1.0,10,0.1,10,inner_steps
fomaml,huasco,7,15,0.782608695652174,0.8350000000000001,10,0.1,10,inner_steps
fomaml,huasco,7,16,0.8333333333333334,0.89,10,0.1,10,inner_steps
fomaml,huasco,7,17,0.6666666666666666,0.67,10,0.1,10,inner_steps
fomaml,huasco,7,18,0.9090909090909091,0.91,10,0.1,10,inner_steps
fomaml,huasco,7,19,0.9523809523809523,1.0,10,0.1,10,inner_steps
fomaml,huasco,7,20,0.7272727272727273,0.82,10,0.1,10,inner_steps
fomaml,huasco,7,21,0.9473684210526315,0.99,10,0.1,10,inner_steps
fomaml,huasco,7,22,0.782608695652174,0.88,10,0.1,10,inner_steps
fomaml,huasco,7,23,0.7368421052631579,0.89,10,0.1,10,inner_steps
fomaml,huasco,7,24,0.9523809523809523,0.93,10,0.1,10,inner_steps
fomaml,huasco,7,25,0.6363636363636364,0.76,10,0.1,10,inner_steps
fomaml,huasco,7,26,0.8888888888888888,0.98,10,0.1,10,inner_steps
fomaml,huasco,7,27,0.6,0.72,10,0.1,10,inner_steps
fomaml,huasco,7,28,1.0,1.0,10,0.1,10,inner_steps
fomaml,huasco,7,29,0.8,0.94,10,0.1,10,inner_steps
fomaml,elqui,7,0,0.7272727272727273,0.67,10,0.1,10,inner_steps
fomaml,elqui,7,1,0.8571428571428571,0.92,10,0.1,10,inner_steps
fomaml,elqui,7,2,0.782608695652174,0.675,10,0.1,10,inner_steps
fomaml,elqui,7,3,0.7,0.83,10,0.1,10,inner_steps
fomaml,elqui,7,4,0.8333333333333334,0.84,10,0.1,10,inner_steps
fomaml,elqui,7,5,0.7,0.6799999999999999,10,0.1,10,inner_steps
fomaml,elqui,7,6,0.625,0.88,10,0.1,10,inner_steps
fomaml,elqui,7,7,0.8571428571428571,0.9400000000000001,10,0.1,10,inner_steps
fomaml,elqui,7,8,0.6,0.6799999999999999,10,0.1,10,inner_steps
fomaml,elqui,7,9,0.7272727272727273,0.835,10,0.1,10,inner_steps
fomaml,elqui,7,10,0.7368421052631579,0.8300000000000001,10,0.1,10,inner_steps
fomaml,elqui,7,11,0.6,0.74,10,0.1,10,inner_steps
fomaml,elqui,7,12,0.7368421052631579,0.88,10,0.1,10,inner_steps
fomaml,elqui,7,13,0.7777777777777778,0.9000000000000001,10,0.1,10,inner_steps
fomaml,elqui,7,14,0.7619047619047619,0.77,10,0.1,10,inner_steps
fomaml,elqui,7,15,0.8,0.8500000000000001,10,0.1,10,inner_steps
fomaml,elqui,7,16,0.8,0.86,10,0.1,10,inner_steps
fomaml,elqui,7,17,0.7272727272727273,0.67,10,0.1,10,inner_steps
fomaml,elqui,7,18,0.6666666666666666,0.8500000000000001,10,0.1,10,inner_steps
fomaml,elqui,7,19,0.8,0.8700000000000001,10,0.1,10,inner_steps
fomaml,elqui,7,20,0.8181818181818182,0.9299999999999999,10,0.1,10,inner_steps
fomaml,elqui,7,21,0.5263157894736842,0.72,10,0.1,10,inner_steps
fomaml,elqui,7,22,0.8695652173913043,0.95,10,0.1,10,inner_steps
fomaml,elqui,7,23,0.7142857142857143,0.61,10,0.1,10,inner_steps
fomaml,elqui,7,24,0.7272727272727273,0.69,10,0.1,10,inner_steps
fomaml,elqui,7,25,0.7777777777777778,0.8200000000000001,10,0.1,10,inner_steps
fomaml,elqui,7,26,0.8571428571428571,0.97,10,0.1,10,inner_steps
fomaml,elqui,7,27,0.8,0.88,10,0.1,10,inner_steps
fomaml,elqui,7,28,0.8181818181818182,0.8500000000000001,10,0.1,10,inner_steps
fomaml,elqui,7,29,0.7368421052631579,0.8999999999999999,10,0.1,10,inner_steps
fomaml,limari,7,0,0.6666666666666666,0.665,10,0.1,10,inner_steps
fomaml,limari,7,1,0.8571428571428571,0.91,10,0.1,10,inner_steps
fomaml,limari,7,2,0.4444444444444444,0.56,10,0.1,10,inner_steps
fomaml,limari,7,3,0.7272727272727273,0.72,10,0.1,10,inner_steps
fomaml,limari,7,4,0.72,0.61,10,0.1,10,inner_steps
fomaml,limari,7,5,0.47619047619047616,0.37,10,0.1,10,inner_steps
fomaml,limari,7,6,0.8,0.81,10,0.1,10,inner_steps
fomaml,limari,7,7,0.631578947368421,0.64,10,0.1,10,inner_steps
fomaml,limari,7,8,0.7,0.76,10,0.1,10,inner_steps
fomaml,limari,7,9,0.8333333333333334,0.65,10,0.1,10,inner_steps
fomaml,limari,7,10,0.7619047619047619,0.81,10,0.1,10,inner_steps
fomaml,limari,7,11,0.72,0.49,10,0.1,10,inner_steps
fomaml,limari,7,12,0.8,0.86,10,0.1,10,inner_steps
fomaml,limari,7,13,0.8333333333333334,0.8600000000000001,10,0.1,10,inner_steps
fomaml,limari,7,14,0.8181818181818182,0.78,10,0.1,10,inner_steps
fomaml,limari,7,15,0.45454545454545453,0.38,10,0.1,10,inner_steps
fomaml,limari,7,16,0.7619047619047619,0.6900000000000001,10,0.1,10,inner_steps
fomaml,limari,7,17,0.6956521739130435,0.6799999999999999,10,0.1,10,inner_steps
fomaml,limari,7,18,0.6666666666666666,0.86,10,0.1,10,inner_steps
fomaml,limari,7,19,0.4444444444444444,0.59,10,0.1,10,inner_steps
fomaml,limari,7,20,0.5882352941176471,0.59,10,0.1,10,inner_steps
fomaml,limari,7,21,0.7619047619047619,0.75,10,0.1,10,inner_steps
fomaml,limari,7,22,0.5217391304347826,0.41000000000000003,10,0.1,10,inner_steps
fomaml,limari,7,23,0.6666666666666666,0.59,10,0.1,10,inner_steps
fomaml,limari,7,24,0.75,0.7100000000000001,10,0.1,10,inner_steps
fomaml,limari,7,25,0.6666666666666666,0.77,10,0.1,10,inner_steps
fomaml,limari,7,26,0.6956521739130435,0.78,10,0.1,10,inner_steps
fomaml,limari,7,27,0.9523809523809523,0.9800000000000001,10,0.1,10,inner_steps
fomaml,limari,7,28,0.4,0.76,10,0.1,10,inner_steps
fomaml,limari,7,29,0.8181818181818182,0.8699999999999999,10,0.1,10,inner_steps
reptile,copiapo,42,0,0.8181818181818182,0.9299999999999999,5,0.05,10,eps
reptile,copiapo,42,1,0.9090909090909091,0.9800000000000001,5,0.05,10,eps
reptile,copiapo,42,2,0.7,0.8300000000000001,5,0.05,10,eps
reptile,copiapo,42,3,0.8888888888888888,0.9800000000000001,5,0.05,10,eps
reptile,copiapo,42,4,0.9,0.97,5,0.05,10,eps
reptile,copiapo,42,5,0.8695652173913043,0.875,5,0.05,10,eps
reptile,copiapo,42,6,0.8421052631578947,0.98,5,0.05,10,eps
reptile,copiapo,42,7,0.75,0.9199999999999999,5,0.05,10,eps
reptile,copiapo,42,8,0.8888888888888888,1.0,5,0.05,10,eps
reptile,copiapo,42,9,0.8,0.88,5,0.05,10,eps
reptile,copiapo,42,10,0.5333333333333333,0.81,5,0.05,10,eps
reptile,copiapo,42,11,0.8421052631578947,0.92,5,0.05,10,eps
reptile,copiapo,42,12,0.6666666666666666,0.94,5,0.05,10,eps
reptile,copiapo,42,13,0.9523809523809523,0.99,5,0.05,10,eps
reptile,copiapo,42,14,0.5333333333333333,0.83,5,0.05,10,eps
reptile,copiapo,42,15,0.8235294117647058,1.0,5,0.05,10,eps
reptile,copiapo,42,16,0.75,0.9400000000000001,5,0.05,10,eps
reptile,copiapo,42,17,0.8421052631578947,0.94,5,0.05,10,eps
reptile,copiapo,42,18,0.7058823529411765,0.85,5,0.05,10,eps
reptile,copiapo,42,19,0.8888888888888888,0.9900000000000001,5,0.05,10,eps
reptile,copiapo,42,20,0.7058823529411765,0.9400000000000001,5,0.05,10,eps
reptile,copiapo,42,21,0.7619047619047619,0.9099999999999999,5,0.05,10,eps
reptile,copiapo,42,22,0.8,0.94,5,0.05,10,eps
reptile,copiapo,42,23,0.75,1.0,5,0.05,10,eps
reptile,copiapo,42,24,0.64,0.77,5,0.05,10,eps
reptile,copiapo,42,25,0.8,0.9,5,0.05,10,eps
reptile,copiapo,42,26,0.8571428571428571,0.9400000000000002,5,0.05,10,eps
reptile,copiapo,42,27,0.7058823529411765,0.94,5,0.05,10,eps
reptile,copiapo,42,28,0.782608695652174,0.92,5,0.05,10,eps
reptile,copiapo,42,29,0.9473684210526315,1.0,5,0.05,10,eps
reptile,huasco,42,0,0.9473684210526315,1.0,5,0.05,10,eps
reptile,huasco,42,1,0.6666666666666666,0.7999999999999999,5,0.05,10,eps
reptile,huasco,42,2,0.9090909090909091,0.92,5,0.05,10,eps
reptile,huasco,42,3,0.9523809523809523,0.99,5,0.05,10,eps
reptile,huasco,42,4,0.9,0.9400000000000001,5,0.05,10,eps
reptile,huasco,42,5,0.8181818181818182,0.78,5,0.05,10,eps
reptile,huasco,42,6,0.9,0.99,5,0.05,10,eps
reptile,huasco,42,7,0.9090909090909091,0.8800000000000001,5,0.05,10,eps
reptile,huasco,42,8,0.7368421052631579,0.88,5,0.05,10,eps
reptile,huasco,42,9,0.9,0.96,5,0.05,10,eps
reptile,huasco,42,10,0.8571428571428571,0.9599999999999999,5,0.05,10,eps
reptile,huasco,42,11,0.8235294117647058,0.9600000000000001,5,0.05,10,eps
reptile,huasco,42,12,0.8888888888888888,1.0,5,0.05,10,eps
reptile,huasco,42,13,0.7777777777777778,0.84,5,0.05,10,eps
reptile,huasco,42,14,0.8421052631578947,0.94,5,0.05,10,eps
reptile,huasco,42,15,0.8235294117647058,0.9499999999999998,5,0.05,10,eps
reptile,huasco,42,16,0.8,0.88,5,0.05,10,eps
reptile,huasco,42,17,0.7619047619047619,0.84,5,0.05,10,eps
reptile,huasco,42,18,0.8235294117647058,0.96,5,0.05,10,eps
reptile,huasco,42,19,0.5333333333333333,0.91,5,0.05,10,eps
reptile,huasco,42,20,0.8571428571428571,0.9,5,0.05,10,eps
reptile,huasco,42,21,0.8695652173913043,0.97,5,0.05,10,eps
reptile,huasco,42,22,0.8571428571428571,0.88,5,0.05,10,eps
reptile,huasco,42,23,0.5263157894736842,0.6599999999999999,5,0.05,10,eps
reptile,huasco,42,24,0.8,0.82,5,0.05,10,eps
reptile,huasco,42,25,0.9090909090909091,0.95,5,0.05,10,eps
reptile,huasco,42,26,0.625,0.9,5,0.05,10,eps
reptile,huasco,42,27,0.9473684210526315,1.0,5,0.05,10,eps
reptile,huasco,42,28,0.8571428571428571,0.835,5,0.05,10,eps
reptile,huasco,42,29,0.782608695652174,0.7200000000000001,5,0.05,10,eps
reptile,elqui,42,0,0.8571428571428571,0.9400000000000001,5,0.05,10,eps
reptile,elqui,42,1,0.5882352941176471,0.86,5,0.05,10,eps
reptile,elqui,42,2,0.7368421052631579,0.8,5,0.05,10,eps
reptile,elqui,42,3,0.8181818181818182,0.92,5,0.05,10,eps
reptile,elqui,42,4,0.8333333333333334,0.7949999999999999,5,0.05,10,eps
reptile,elqui,42,5,0.5714285714285714,0.64,5,0.05,10,eps
reptile,elqui,42,6,0.75,0.81,5,0.05,10,eps
reptile,elqui,42,7,0.8421052631578947,0.91,5,0.05,10,eps
reptile,elqui,42,8,0.8888888888888888,0.93,5,0.05,10,eps
reptile,elqui,42,9,0.5882352941176471,0.86,5,0.05,10,eps
reptile,elqui,42,10,0.42857142857142855,0.66,5,0.05,10,eps
reptile,elqui,42,11,0.75,0.81,5,0.05,10,eps
reptile,elqui,42,12,0.7,0.725,5,0.05,10,eps
reptile,elqui,42,13,0.8333333333333334,0.92,5,0.05,10,eps
reptile,elqui,42,14,0.7777777777777778,0.89,5,0.05,10,eps
reptile,elqui,42,15,0.6666666666666666,0.81,5,0.05,10,eps
reptile,elqui,42,16,0.7272727272727273,0.7799999999999999,5,0.05,10,eps
reptile,elqui,42,17,0.782608695652174,0.84,5,0.05,10,eps
reptile,elqui,42,18,0.8571428571428571,0.79,5,0.05,10,eps
reptile,elqui,42,19,0.9523809523809523,1.0,5,0.05,10,eps
reptile,elqui,42,20,0.782608695652174,0.79,5,0.05,10,eps
reptile,elqui,42,21,0.782608695652174,0.8200000000000001,5,0.05,10,eps
reptile,elqui,42,22,0.7777777777777778,0.9300000000000002,5,0.05,10,eps
reptile,elqui,42,23,0.7777777777777778,0.85,5,0.05,10,eps
reptile,elqui,42,24,0.8181818181818182,0.9600000000000001,5,0.05,10,eps
reptile,elqui,42,25,0.42857142857142855,0.8400000000000001,5,0.05,10,eps
reptile,elqui,42,26,0.625,0.93,5,0.05,10,eps
reptile,elqui,42,27,0.782608695652174,0.88,5,0.05,10,eps
reptile,elqui,42,28,0.782608695652174,0.8500000000000001,5,0.05,10,eps
reptile,elqui,42,29,0.8571428571428571,0.9499999999999998,5,0.05,10,eps
reptile,limari,42,0,0.4,0.7200000000000001,5,0.05,10,eps
reptile,limari,42,1,0.6363636363636364,0.57,5,0.05,10,eps
reptile,limari,42,2,0.6153846153846154,0.64,5,0.05,10,eps
reptile,limari,42,3,0.7,0.7100000000000001,5,0.05,10,eps
reptile,limari,42,4,0.6666666666666666,0.82,5,0.05,10,eps
reptile,limari,42,5,0.5,0.53,5,0.05,10,eps
reptile,limari,42,6,0.26666666666666666,0.46,5,0.05,10,eps
reptile,limari,42,7,0.5882352941176471,0.78,5,0.05,10,eps
reptile,limari,42,8,0.72,0.47,5,0.05,10,eps
reptile,limari,42,9,0.5,0.55,5,0.05,10,eps
reptile,limari,42,10,0.35294117647058826,0.45999999999999996,5,0.05,10,eps
reptile,limari,42,11,0.5882352941176471,0.61,5,0.05,10,eps
reptile,limari,42,12,0.782608695652174,0.83,5,0.05,10,eps
reptile,limari,42,13,0.5555555555555556,0.45999999999999996,5,0.05,10,eps
reptile,limari,42,14,0.631578947368421,0.65,5,0.05,10,eps
reptile,limari,42,15,0.5714285714285714,0.645,5,0.05,10,eps
reptile,limari,42,16,0.7272727272727273,0.76,5,0.05,10,eps
reptile,limari,42,17,0.47619047619047616,0.54,5,0.05,10,eps
reptile,limari,42,18,0.6666666666666666,0.85,5,0.05,10,eps
reptile,limari,42,19,0.6,0.64,5,0.05,10,eps
reptile,limari,42,20,0.782608695652174,0.79,5,0.05,10,eps
reptile,limari,42,21,0.6,0.64,5,0.05,10,eps
reptile,limari,42,22,0.75,0.66,5,0.05,10,eps
reptile,limari,42,23,0.6666666666666666,0.76,5,0.05,10,eps
reptile,limari,42,24,0.5263157894736842,0.68,5,0.05,10,eps
reptile,limari,42,25,0.8421052631578947,0.8699999999999999,5,0.05,10,eps
reptile,limari,42,26,0.782608695652174,0.79,5,0.05,10,eps
reptile,limari,42,27,0.6923076923076923,0.47000000000000003,5,0.05,10,eps
reptile,limari,42,28,0.631578947368421,0.7100000000000001,5,0.05,10,eps
reptile,limari,42,29,0.5714285714285714,0.51,5,0.05,10,eps
reptile,copiapo,123,0,0.8571428571428571,0.85,5,0.05,10,eps
reptile,copiapo,123,1,0.8571428571428571,0.94,5,0.05,10,eps
reptile,copiapo,123,2,0.5882352941176471,0.85,5,0.05,10,eps
reptile,copiapo,123,3,0.9,0.97,5,0.05,10,eps
reptile,copiapo,123,4,0.9,0.98,5,0.05,10,eps
reptile,copiapo,123,5,0.7058823529411765,0.9,5,0.05,10,eps
reptile,copiapo,123,6,0.8421052631578947,0.89,5,0.05,10,eps
reptile,copiapo,123,7,0.75,0.95,5,0.05,10,eps
reptile,copiapo,123,8,0.7619047619047619,0.85,5,0.05,10,eps
reptile,copiapo,123,9,0.8333333333333334,0.92,5,0.05,10,eps
reptile,copiapo,123,10,0.9523809523809523,0.98,5,0.05,10,eps
reptile,copiapo,123,11,0.9090909090909091,0.9600000000000001,5,0.05,10,eps
reptile,copiapo,123,12,0.8571428571428571,0.9099999999999999,5,0.05,10,eps
reptile,copiapo,123,13,0.7692307692307693,0.81,5,0.05,10,eps
reptile,copiapo,123,14,0.8,0.81,5,0.05,10,eps
reptile,copiapo,123,15,0.7777777777777778,0.9400000000000001,5,0.05,10,eps
reptile,copiapo,123,16,0.9,0.9,5,0.05,10,eps
reptile,copiapo,123,17,0.8181818181818182,0.9700000000000001,5,0.05,10,eps
reptile,copiapo,123,18,0.8571428571428571,0.94,5,0.05,10,eps
reptile,copiapo,123,19,0.8,0.8999999999999999,5,0.05,10,eps
reptile,copiapo,123,20,0.6666666666666666,0.83,5,0.05,10,eps
reptile,copiapo,123,21,0.8571428571428571,0.94,5,0.05,10,eps
reptile,copiapo,123,22,0.9523809523809523,0.99,5,0.05,10,eps
reptile,copiapo,123,23,0.8,0.81,5,0.05,10,eps
reptile,copiapo,123,24,0.9,0.9199999999999999,5,0.05,10,eps
reptile,copiapo,123,25,0.7,0.89,5,0.05,10,eps
reptile,copiapo,123,26,0.6666666666666666,0.9400000000000001,5,0.05,10,eps
reptile,copiapo,123,27,0.782608695652174,0.87,5,0.05,10,eps
reptile,copiapo,123,28,0.8888888888888888,0.99,5,0.05,10,eps
reptile,copiapo,123,29,0.8181818181818182,0.9299999999999999,5,0.05,10,eps
reptile,huasco,123,0,0.7,0.77,5,0.05,10,eps
reptile,huasco,123,1,0.9,0.9099999999999999,5,0.05,10,eps
reptile,huasco,123,2,0.9090909090909091,0.9500000000000001,5,0.05,10,eps
reptile,huasco,123,3,0.8571428571428571,0.825,5,0.05,10,eps
reptile,huasco,123,4,0.8235294117647058,0.86,5,0.05,10,eps
reptile,huasco,123,5,0.8888888888888888,0.9600000000000001,5,0.05,10,eps
reptile,huasco,123,6,0.9523809523809523,0.94,5,0.05,10,eps
reptile,huasco,123,7,1.0,1.0,5,0.05,10,eps
reptile,huasco,123,8,0.8,0.9,5,0.05,10,eps
reptile,huasco,123,9,0.8888888888888888,0.9800000000000001,5,0.05,10,eps
reptile,huasco,123,10,0.9523809523809523,0.9500000000000001,5,0.05,10,eps
reptile,huasco,123,11,0.9090909090909091,1.0,5,0.05,10,eps
reptile,huasco,123,12,0.8888888888888888,0.8700000000000001,5,0.05,10,eps
reptile,huasco,123,13,0.8421052631578947,0.93,5,0.05,10,eps
reptile,huasco,123,14,1.0,1.0,5,0.05,10,eps
reptile,huasco,123,15,0.9,0.9800000000000001,5,0.05,10,eps
reptile,huasco,123,16,0.9,0.9400000000000001,5,0.05,10,eps
reptile,huasco,123,17,0.8888888888888888,0.97,5,0.05,10,eps
reptile,huasco,123,18,0.9523809523809523,0.99,5,0.05,10,eps
reptile,huasco,123,19,0.782608695652174,0.85,5,0.05,10,eps
reptile,huasco,123,20,0.9523809523809523,0.93,5,0.05,10,eps
reptile,huasco,123,21,0.9473684210526315,1.0,5,0.05,10,eps
reptile,huasco,123,22,0.8695652173913043,0.9800000000000001,5,0.05,10,eps
reptile,huasco,123,23,0.6086956521739131,0.5700000000000001,5,0.05,10,eps
reptile,huasco,123,24,0.8,0.8999999999999999,5,0.05,10,eps
reptile,huasco,123,25,0.9090909090909091,0.95,5,0.05,10,eps
reptile,huasco,123,26,0.7058823529411765,0.96,5,0.05,10,eps
reptile,huasco,123,27,1.0,1.0,5,0.05,10,eps
reptile,huasco,123,28,0.64,0.535,5,0.05,10,eps
reptile,huasco,123,29,0.631578947368421,0.8200000000000001,5,0.05,10,eps
reptile,elqui,123,0,0.7368421052631579,0.86,5,0.05,10,eps
reptile,elqui,123,1,0.9523809523809523,0.92,5,0.05,10,eps
reptile,elqui,123,2,0.8,0.9600000000000001,5,0.05,10,eps
reptile,elqui,123,3,0.8,0.825,5,0.05,10,eps
reptile,elqui,123,4,0.7368421052631579,0.845,5,0.05,10,eps
reptile,elqui,123,5,0.9523809523809523,0.9,5,0.05,10,eps
reptile,elqui,123,6,0.9090909090909091,0.94,5,0.05,10,eps
reptile,elqui,123,7,0.6956521739130435,0.78,5,0.05,10,eps
reptile,elqui,123,8,0.8695652173913043,0.885,5,0.05,10,eps
reptile,elqui,123,9,0.47058823529411764,0.78,5,0.05,10,eps
reptile,elqui,123,10,0.8421052631578947,0.91,5,0.05,10,eps
reptile,elqui,123,11,0.8421052631578947,0.9,5,0.05,10,eps
reptile,elqui,123,12,0.7692307692307693,0.74,5,0.05,10,eps
reptile,elqui,123,13,0.6666666666666666,0.9400000000000001,5,0.05,10,eps
reptile,elqui,123,14,0.7407407407407407,0.79,5,0.05,10,eps
reptile,elqui,123,15,0.9,0.96,5,0.05,10,eps
reptile,elqui,123,16,0.7,0.78,5,0.05,10,eps
reptile,elqui,123,17,0.7619047619047619,0.82,5,0.05,10,eps
reptile,elqui,123,18,0.8181818181818182,0.92,5,0.05,10,eps
reptile,elqui,123,19,0.8421052631578947,0.96,5,0.05,10,eps
reptile,elqui,123,20,0.9,0.9100000000000001,5,0.05,10,eps
reptile,elqui,123,21,0.7619047619047619,0.8999999999999999,5,0.05,10,eps
reptile,elqui,123,22,0.72,0.84,5,0.05,10,eps
reptile,elqui,123,23,0.8181818181818182,0.87,5,0.05,10,eps
reptile,elqui,123,24,0.6,0.75,5,0.05,10,eps
reptile,elqui,123,25,0.9090909090909091,0.9599999999999999,5,0.05,10,eps
reptile,elqui,123,26,0.75,0.9400000000000001,5,0.05,10,eps
reptile,elqui,123,27,0.8421052631578947,0.88,5,0.05,10,eps
reptile,elqui,123,28,0.6666666666666666,0.7999999999999999,5,0.05,10,eps
reptile,elqui,123,29,0.6666666666666666,0.76,5,0.05,10,eps
reptile,limari,123,0,0.3333333333333333,0.79,5,0.05,10,eps
reptile,limari,123,1,0.6666666666666666,0.78,5,0.05,10,eps
reptile,limari,123,2,0.7058823529411765,0.8400000000000001,5,0.05,10,eps
reptile,limari,123,3,0.6,0.66,5,0.05,10,eps
reptile,limari,123,4,0.42105263157894735,0.5800000000000001,5,0.05,10,eps
reptile,limari,123,5,0.6363636363636364,0.5700000000000001,5,0.05,10,eps
reptile,limari,123,6,0.5714285714285714,0.6900000000000001,5,0.05,10,eps
reptile,limari,123,7,0.631578947368421,0.76,5,0.05,10,eps
reptile,limari,123,8,0.6666666666666666,0.71,5,0.05,10,eps
reptile,limari,123,9,0.6666666666666666,0.9,5,0.05,10,eps
reptile,limari,123,10,0.8,0.86,5,0.05,10,eps
reptile,limari,123,11,0.6086956521739131,0.59,5,0.05,10,eps
reptile,limari,123,12,0.631578947368421,0.47,5,0.05,10,eps
reptile,limari,123,13,0.6956521739130435,0.76,5,0.05,10,eps
reptile,limari,123,14,0.75,0.88,5,0.05,10,eps
reptile,limari,123,15,0.5714285714285714,0.55,5,0.05,10,eps
reptile,limari,123,16,0.6,0.64,5,0.05,10,eps
reptile,limari,123,17,0.47619047619047616,0.4,5,0.05,10,eps
reptile,limari,123,18,0.5882352941176471,0.7899999999999999,5,0.05,10,eps
reptile,limari,123,19,0.782608695652174,0.88,5,0.05,10,eps
reptile,limari,123,20,0.75,0.69,5,0.05,10,eps
reptile,limari,123,21,0.8571428571428571,0.81,5,0.05,10,eps
reptile,limari,123,22,0.782608695652174,0.74,5,0.05,10,eps
reptile,limari,123,23,0.6956521739130435,0.65,5,0.05,10,eps
reptile,limari,123,24,0.4,0.63,5,0.05,10,eps
reptile,limari,123,25,0.5714285714285714,0.55,5,0.05,10,eps
reptile,limari,123,26,0.6956521739130435,0.75,5,0.05,10,eps
reptile,limari,123,27,0.8571428571428571,0.86,5,0.05,10,eps
reptile,limari,123,28,0.7058823529411765,0.8600000000000002,5,0.05,10,eps
reptile,limari,123,29,0.6666666666666666,0.84,5,0.05,10,eps
reptile,copiapo,7,0,0.7272727272727273,0.86,5,0.05,10,eps
reptile,copiapo,7,1,0.9,0.9600000000000001,5,0.05,10,eps
reptile,copiapo,7,2,0.8695652173913043,0.98,5,0.05,10,eps
reptile,copiapo,7,3,0.8235294117647058,0.98,5,0.05,10,eps
reptile,copiapo,7,4,0.5555555555555556,0.73,5,0.05,10,eps
reptile,copiapo,7,5,0.7368421052631579,0.87,5,0.05,10,eps
reptile,copiapo,7,6,0.5333333333333333,0.8999999999999999,5,0.05,10,eps
reptile,copiapo,7,7,0.8,0.93,5,0.05,10,eps
reptile,copiapo,7,8,0.42857142857142855,0.91,5,0.05,10,eps
reptile,copiapo,7,9,0.8235294117647058,0.9500000000000001,5,0.05,10,eps
reptile,copiapo,7,10,0.782608695652174,0.88,5,0.05,10,eps
reptile,copiapo,7,11,0.75,0.9500000000000001,5,0.05,10,eps
reptile,copiapo,7,12,0.7058823529411765,0.9199999999999999,5,0.05,10,eps
reptile,copiapo,7,13,0.8181818181818182,0.9400000000000001,5,0.05,10,eps
reptile,copiapo,7,14,0.8181818181818182,0.88,5,0.05,10,eps
reptile,copiapo,7,15,0.8571428571428571,0.9000000000000001,5,0.05,10,eps
reptile,copiapo,7,16,0.8181818181818182,0.92,5,0.05,10,eps
reptile,copiapo,7,17,0.7777777777777778,0.92,5,0.05,10,eps
reptile,copiapo,7,18,0.75,1.0,5,0.05,10,eps
reptile,copiapo,7,19,0.8571428571428571,0.9600000000000001,5,0.05,10,eps
reptile,copiapo,7,20,0.7058823529411765,0.8,5,0.05,10,eps
reptile,copiapo,7,21,0.9090909090909091,0.9600000000000001,5,0.05,10,eps
reptile,copiapo,7,22,0.8333333333333334,0.97,5,0.05,10,eps
reptile,copiapo,7,23,0.7272727272727273,0.755,5,0.05,10,eps
reptile,copiapo,7,24,0.7619047619047619,0.8999999999999999,5,0.05,10,eps
reptile,copiapo,7,25,0.9,0.99,5,0.05,10,eps
reptile,copiapo,7,26,0.8,0.785,5,0.05,10,eps
reptile,copiapo,7,27,0.9473684210526315,0.9899999999999999,5,0.05,10,eps
reptile,copiapo,7,28,0.7058823529411765,0.89,5,0.05,10,eps
reptile,copiapo,7,29,0.8181818181818182,0.84,5,0.05,10,eps
reptile,huasco,7,0,0.75,0.555,5,0.05,10,eps
reptile,huasco,7,1,0.8571428571428571,0.97,5,0.05,10,eps
reptile,huasco,7,2,0.7368421052631579,0.85,5,0.05,10,eps
reptile,huasco,7,3,0.8888888888888888,1.0,5,0.05,10,eps
reptile,huasco,7,4,0.7692307692307693,0.71,5,0.05,10,eps
reptile,huasco,7,5,0.7058823529411765,0.92,5,0.05,10,eps
reptile,huasco,7,6,0.6666666666666666,0.8500000000000001,5,0.05,10,eps
reptile,huasco,7,7,0.9523809523809523,0.9400000000000001,5,0.05,10,eps
reptile,huasco,7,8,0.8,0.84,5,0.05,10,eps
reptile,huasco,7,9,0.6666666666666666,0.7,5,0.05,10,eps
reptile,huasco,7,10,0.8333333333333334,0.8200000000000001,5,0.05,10,eps
reptile,huasco,7,11,0.8181818181818182,0.96,5,0.05,10,eps
reptile,huasco,7,12,0.6666666666666666,0.72,5,0.05,10,eps
reptile,huasco,7,13,0.7777777777777778,0.91,5,0.05,10,eps
reptile,huasco,7,14,0.75,0.9,5,0.05,10,eps
reptile,huasco,7,15,0.8695652173913043,0.9199999999999999,5,0.05,10,eps
reptile,huasco,7,16,0.7058823529411765,0.9500000000000001,5,0.05,10,eps
reptile,huasco,7,17,0.8,0.8699999999999999,5,0.05,10,eps
reptile,huasco,7,18,0.8888888888888888,0.98,5,0.05,10,eps
reptile,huasco,7,19,0.8,0.8450000000000001,5,0.05,10,eps
reptile,huasco,7,20,0.7619047619047619,0.85,5,0.05,10,eps
reptile,huasco,7,21,0.7368421052631579,0.8300000000000001,5,0.05,10,eps
reptile,huasco,7,22,0.7368421052631579,0.88,5,0.05,10,eps
reptile,huasco,7,23,0.8695652173913043,0.81,5,0.05,10,eps
reptile,huasco,7,24,0.8571428571428571,0.9600000000000001,5,0.05,10,eps
reptile,huasco,7,25,0.9090909090909091,0.93,5,0.05,10,eps
reptile,huasco,7,26,0.6,0.7000000000000001,5,0.05,10,eps
reptile,huasco,7,27,0.7619047619047619,0.84,5,0.05,10,eps
reptile,huasco,7,28,0.8421052631578947,0.9400000000000001,5,0.05,10,eps
reptile,huasco,7,29,0.9473684210526315,1.0,5,0.05,10,eps
reptile,elqui,7,0,0.5,0.6299999999999999,5,0.05,10,eps
reptile,elqui,7,1,0.7692307692307693,0.77,5,0.05,10,eps
reptile,elqui,7,2,0.8,0.96,5,0.05,10,eps
reptile,elqui,7,3,0.8181818181818182,0.9200000000000002,5,0.05,10,eps
reptile,elqui,7,4,0.7368421052631579,0.84,5,0.05,10,eps
reptile,elqui,7,5,0.7058823529411765,0.9300000000000002,5,0.05,10,eps
reptile,elqui,7,6,0.7777777777777778,0.95,5,0.05,10,eps
reptile,elqui,7,7,0.782608695652174,0.74,5,0.05,10,eps
reptile,elqui,7,8,0.782608695652174,0.81,5,0.05,10,eps
reptile,elqui,7,9,0.9,0.9300000000000002,5,0.05,10,eps
reptile,elqui,7,10,0.8235294117647058,0.87,5,0.05,10,eps
reptile,elqui,7,11,0.8888888888888888,0.97,5,0.05,10,eps
reptile,elqui,7,12,0.9090909090909091,0.9400000000000001,5,0.05,10,eps
reptile,elqui,7,13,0.782608695652174,0.75,5,0.05,10,eps
reptile,elqui,7,14,0.75,0.8200000000000001,5,0.05,10,eps
reptile,elqui,7,15,0.8421052631578947,0.9400000000000001,5,0.05,10,eps
reptile,elqui,7,16,0.8235294117647058,0.87,5,0.05,10,eps
reptile,elqui,7,17,0.8571428571428571,0.97,5,0.05,10,eps
reptile,elqui,7,18,0.8,0.81,5,0.05,10,eps
reptile,elqui,7,19,0.7058823529411765,0.8,5,0.05,10,eps
reptile,elqui,7,20,0.782608695652174,0.83,5,0.05,10,eps
reptile,elqui,7,21,0.8888888888888888,0.89,5,0.05,10,eps
reptile,elqui,7,22,0.9523809523809523,0.98,5,0.05,10,eps
reptile,elqui,7,23,0.8421052631578947,0.8800000000000001,5,0.05,10,eps
reptile,elqui,7,24,0.8181818181818182,0.78,5,0.05,10,eps
reptile,elqui,7,25,0.9523809523809523,0.9800000000000001,5,0.05,10,eps
reptile,elqui,7,26,0.5333333333333333,0.8100000000000002,5,0.05,10,eps
reptile,elqui,7,27,0.6666666666666666,0.6699999999999999,5,0.05,10,eps
reptile,elqui,7,28,0.8181818181818182,0.86,5,0.05,10,eps
reptile,elqui,7,29,0.8181818181818182,0.94,5,0.05,10,eps
reptile,limari,7,0,0.5217391304347826,0.5449999999999999,5,0.05,10,eps
reptile,limari,7,1,0.6666666666666666,0.78,5,0.05,10,eps
reptile,limari,7,2,0.75,0.74,5,0.05,10,eps
reptile,limari,7,3,0.7777777777777778,0.87,5,0.05,10,eps
reptile,limari,7,4,0.6,0.67,5,0.05,10,eps
reptile,limari,7,5,0.8,0.86,5,0.05,10,eps
reptile,limari,7,6,0.8571428571428571,0.8,5,0.05,10,eps
reptile,limari,7,7,0.5263157894736842,0.5800000000000001,5,0.05,10,eps
reptile,limari,7,8,0.6666666666666666,0.77,5,0.05,10,eps
reptile,limari,7,9,0.47619047619047616,0.52,5,0.05,10,eps
reptile,limari,7,10,0.631578947368421,0.68,5,0.05,10,eps
reptile,limari,7,11,0.6956521739130435,0.61,5,0.05,10,eps
reptile,limari,7,12,0.9,0.9,5,0.05,10,eps
reptile,limari,7,13,0.42857142857142855,0.83,5,0.05,10,eps
reptile,limari,7,14,0.7619047619047619,0.8900000000000001,5,0.05,10,eps
reptile,limari,7,15,0.5,0.3,5,0.05,10,eps
reptile,limari,7,16,0.7368421052631579,0.7899999999999999,5,0.05,10,eps
reptile,limari,7,17,0.6666666666666666,0.8600000000000001,5,0.05,10,eps
reptile,limari,7,18,0.631578947368421,0.69,5,0.05,10,eps
reptile,limari,7,19,0.64,0.46499999999999997,5,0.05,10,eps
reptile,limari,7,20,0.5333333333333333,0.88,5,0.05,10,eps
reptile,limari,7,21,0.5555555555555556,0.73,5,0.05,10,eps
reptile,limari,7,22,0.375,0.72,5,0.05,10,eps
reptile,limari,7,23,0.8181818181818182,0.755,5,0.05,10,eps
reptile,limari,7,24,0.7368421052631579,0.8,5,0.05,10,eps
reptile,limari,7,25,0.5714285714285714,0.54,5,0.05,10,eps
reptile,limari,7,26,0.5555555555555556,0.7,5,0.05,10,eps
reptile,limari,7,27,0.5833333333333334,0.44,5,0.05,10,eps
reptile,limari,7,28,0.5263157894736842,0.65,5,0.05,10,eps
reptile,limari,7,29,0.7619047619047619,0.75,5,0.05,10,eps
reptile,copiapo,42,0,0.8571428571428571,0.94,5,0.1,10,eps
reptile,copiapo,42,1,0.9,0.97,5,0.1,10,eps
reptile,copiapo,42,2,0.7777777777777778,0.9199999999999999,5,0.1,10,eps
reptile,copiapo,42,3,0.8888888888888888,0.9800000000000001,5,0.1,10,eps
reptile,copiapo,42,4,0.9473684210526315,0.99,5,0.1,10,eps
reptile,copiapo,42,5,0.8695652173913043,0.855,5,0.1,10,eps
reptile,copiapo,42,6,0.9,0.97,5,0.1,10,eps
reptile,copiapo,42,7,0.5882352941176471,0.88,5,0.1,10,eps
reptile,copiapo,42,8,1.0,1.0,5,0.1,10,eps
reptile,copiapo,42,9,0.7619047619047619,0.8099999999999999,5,0.1,10,eps
reptile,copiapo,42,10,0.6666666666666666,0.85,5,0.1,10,eps
reptile,copiapo,42,11,0.8421052631578947,0.9000000000000001,5,0.1,10,eps
reptile,copiapo,42,12,0.6666666666666666,0.9199999999999999,5,0.1,10,eps
reptile,copiapo,42,13,0.9523809523809523,0.9800000000000001,5,0.1,10,eps
reptile,copiapo,42,14,0.5333333333333333,0.8300000000000001,5,0.1,10,eps
reptile,copiapo,42,15,0.9,0.98,5,0.1,10,eps
reptile,copiapo,42,16,0.8235294117647058,0.9500000000000001,5,0.1,10,eps
reptile,copiapo,42,17,0.8,0.875,5,0.1,10,eps
reptile,copiapo,42,18,0.7058823529411765,0.85,5,0.1,10,eps
reptile,copiapo,42,19,0.9473684210526315,0.97,5,0.1,10,eps
reptile,copiapo,42,20,0.7058823529411765,0.92,5,0.1,10,eps
reptile,copiapo,42,21,0.782608695652174,0.8,5,0.1,10,eps
reptile,copiapo,42,22,0.8181818181818182,0.9400000000000001,5,0.1,10,eps
reptile,copiapo,42,23,0.75,0.99,5,0.1,10,eps
reptile,copiapo,42,24,0.64,0.64,5,0.1,10,eps
reptile,copiapo,42,25,0.8421052631578947,0.9199999999999999,5,0.1,10,eps
reptile,copiapo,42,26,0.8571428571428571,0.9400000000000001,5,0.1,10,eps
reptile,copiapo,42,27,0.7777777777777778,0.92,5,0.1,10,eps
reptile,copiapo,42,28,0.8181818181818182,0.9400000000000001,5,0.1,10,eps
reptile,copiapo,42,29,1.0,1.0,5,0.1,10,eps
reptile,huasco,42,0,0.8235294117647058,1.0,5,0.1,10,eps
reptile,huasco,42,1,0.7,0.7899999999999999,5,0.1,10,eps
reptile,huasco,42,2,0.9090909090909091,0.92,5,0.1,10,eps
reptile,huasco,42,3,0.9090909090909091,0.97,5,0.1,10,eps
reptile,huasco,42,4,0.8421052631578947,0.9500000000000001,5,0.1,10,eps
reptile,huasco,42,5,0.8181818181818182,0.7899999999999999,5,0.1,10,eps
reptile,huasco,42,6,0.9523809523809523,0.99,5,0.1,10,eps
reptile,huasco,42,7,0.8695652173913043,0.88,5,0.1,10,eps
reptile,huasco,42,8,0.7368421052631579,0.89,5,0.1,10,eps
reptile,huasco,42,9,0.9090909090909091,0.9400000000000001,5,0.1,10,eps
reptile,huasco,42,10,0.8181818181818182,0.9199999999999999,5,0.1,10,eps
reptile,huasco,42,11,0.8235294117647058,0.97,5,0.1,10,eps
reptile,huasco,42,12,0.8888888888888888,0.9999999999999999,5,0.1,10,eps
reptile,huasco,42,13,0.7368421052631579,0.8200000000000001,5,0.1,10,eps
reptile,huasco,42,14,0.9523809523809523,0.95,5,0.1,10,eps
reptile,huasco,42,15,0.8235294117647058,0.98,5,0.1,10,eps
reptile,huasco,42,16,0.8,0.8900000000000001,5,0.1,10,eps
reptile,huasco,42,17,0.7619047619047619,0.8300000000000001,5,0.1,10,eps
reptile,huasco,42,18,0.8235294117647058,0.98,5,0.1,10,eps
reptile,huasco,42,19,0.5333333333333333,0.9,5,0.1,10,eps
reptile,huasco,42,20,0.9523809523809523,0.93,5,0.1,10,eps
reptile,huasco,42,21,0.8695652173913043,0.97,5,0.1,10,eps
reptile,huasco,42,22,0.8571428571428571,0.91,5,0.1,10,eps
reptile,huasco,42,23,0.5,0.67,5,0.1,10,eps
reptile,huasco,42,24,0.8,0.73,5,0.1,10,eps
reptile,huasco,42,25,0.9090909090909091,0.925,5,0.1,10,eps
reptile,huasco,42,26,0.625,0.9099999999999999,5,0.1,10,eps
reptile,huasco,42,27,0.9,0.9899999999999999,5,0.1,10,eps
reptile,huasco,42,28,0.8571428571428571,0.855,5,0.1,10,eps
reptile,huasco,42,29,0.8181818181818182,0.8,5,0.1,10,eps
reptile,elqui,42,0,0.8571428571428571,0.9400000000000002,5,0.1,10,eps
reptile,elqui,42,1,0.6666666666666666,0.79,5,0.1,10,eps
reptile,elqui,42,2,0.7777777777777778,0.8,5,0.1,10,eps
reptile,elqui,42,3,0.8571428571428571,0.92,5,0.1,10,eps
reptile,elqui,42,4,0.8695652173913043,0.7699999999999999,5,0.1,10,eps
reptile,elqui,42,5,0.5714285714285714,0.65,5,0.1,10,eps
reptile,elqui,42,6,0.6923076923076923,0.855,5,0.1,10,eps
reptile,elqui,42,7,0.6666666666666666,0.85,5,0.1,10,eps
reptile,elqui,42,8,0.8888888888888888,0.8700000000000001,5,0.1,10,eps
reptile,elqui,42,9,0.5882352941176471,0.86,5,0.1,10,eps
reptile,elqui,42,10,0.42857142857142855,0.6799999999999999,5,0.1,10,eps
reptile,elqui,42,11,0.75,0.825,5,0.1,10,eps
reptile,elqui,42,12,0.6666666666666666,0.785,5,0.1,10,eps
reptile,elqui,42,13,0.8333333333333334,0.89,5,0.1,10,eps
reptile,elqui,42,14,0.8421052631578947,0.9099999999999999,5,0.1,10,eps
reptile,elqui,42,15,0.6086956521739131,0.8,5,0.1,10,eps
reptile,elqui,42,16,0.7272727272727273,0.82,5,0.1,10,eps
reptile,elqui,42,17,0.782608695652174,0.79,5,0.1,10,eps
reptile,elqui,42,18,0.8571428571428571,0.8300000000000001,5,0.1,10,eps
reptile,elqui,42,19,0.9523809523809523,1.0,5,0.1,10,eps
reptile,elqui,42,20,0.75,0.7599999999999999,5,0.1,10,eps
reptile,elqui,42,21,0.782608695652174,0.8,5,0.1,10,eps
reptile,elqui,42,22,0.8235294117647058,0.9400000000000001,5,0.1,10,eps
reptile,elqui,42,23,0.7058823529411765,0.8500000000000001,5,0.1,10,eps
reptile,elqui,42,24,0.8571428571428571,0.96,5,0.1,10,eps
reptile,elqui,42,25,0.5333333333333333,0.86,5,0.1,10,eps
reptile,elqui,42,26,0.625,0.92,5,0.1,10,eps
reptile,elqui,42,27,0.7619047619047619,0.91,5,0.1,10,eps
reptile,elqui,42,28,0.8181818181818182,0.86,5,0.1,10,eps
reptile,elqui,42,29,0.8571428571428571,0.96,5,0.1,10,eps
reptile,limari,42,0,0.5,0.7200000000000001,5,0.1,10,eps
reptile,limari,42,1,0.5714285714285714,0.56,5,0.1,10,eps
reptile,limari,42,2,0.56,0.6499999999999999,5,0.1,10,eps
reptile,limari,42,3,0.7,0.69,5,0.1,10,eps
reptile,limari,42,4,0.631578947368421,0.81,5,0.1,10,eps
reptile,limari,42,5,0.5263157894736842,0.6,5,0.1,10,eps
reptile,limari,42,6,0.25,0.46,5,0.1,10,eps
reptile,limari,42,7,0.7058823529411765,0.73,5,0.1,10,eps
reptile,limari,42,8,0.72,0.52,5,0.1,10,eps
reptile,limari,42,9,0.5,0.52,5,0.1,10,eps
reptile,limari,42,10,0.35294117647058826,0.48,5,0.1,10,eps
reptile,limari,42,11,0.5882352941176471,0.6300000000000001,5,0.1,10,eps
reptile,limari,42,12,0.782608695652174,0.77,5,0.1,10,eps
reptile,limari,42,13,0.5555555555555556,0.39,5,0.1,10,eps
reptile,limari,42,14,0.631578947368421,0.71,5,0.1,10,eps
reptile,limari,42,15,0.5,0.615,5,0.1,10,eps
reptile,limari,42,16,0.7619047619047619,0.76,5,0.1,10,eps
reptile,limari,42,17,0.6086956521739131,0.5700000000000001,5,0.1,10,eps
reptile,limari,42,18,0.6666666666666666,0.85,5,0.1,10,eps
reptile,limari,42,19,0.6,0.64,5,0.1,10,eps
reptile,limari,42,20,0.8181818181818182,0.8099999999999999,5,0.1,10,eps
reptile,limari,42,21,0.6,0.66,5,0.1,10,eps
reptile,limari,42,22,0.75,0.5800000000000001,5,0.1,10,eps
reptile,limari,42,23,0.6363636363636364,0.71,5,0.1,10,eps
reptile,limari,42,24,0.5263157894736842,0.64,5,0.1,10,eps
reptile,limari,42,25,0.8421052631578947,0.8300000000000001,5,0.1,10,eps
reptile,limari,42,26,0.8181818181818182,0.79,5,0.1,10,eps
reptile,limari,42,27,0.6923076923076923,0.4,5,0.1,10,eps
reptile,limari,42,28,0.47058823529411764,0.65,5,0.1,10,eps
reptile,limari,42,29,0.6363636363636364,0.53,5,0.1,10,eps
reptile,copiapo,123,0,0.8571428571428571,0.8200000000000001,5,0.1,10,eps
reptile,copiapo,123,1,0.8571428571428571,0.94,5,0.1,10,eps
reptile,copiapo,123,2,0.5882352941176471,0.8700000000000001,5,0.1,10,eps
reptile,copiapo,123,3,0.9,0.9600000000000001,5,0.1,10,eps
reptile,copiapo,123,4,0.9,0.96,5,0.1,10,eps
reptile,copiapo,123,5,0.7058823529411765,0.9,5,0.1,10,eps
reptile,copiapo,123,6,0.7777777777777778,0.89,5,0.1,10,eps
reptile,copiapo,123,7,0.75,0.96,5,0.1,10,eps
reptile,copiapo,123,8,0.7619047619047619,0.84,5,0.1,10,eps
reptile,copiapo,123,9,0.8333333333333334,0.885,5,0.1,10,eps
reptile,copiapo,123,10,0.9523809523809523,0.98,5,0.1,10,eps
reptile,copiapo,123,11,0.9090909090909091,0.9400000000000001,5,0.1,10,eps
reptile,copiapo,123,12,0.6666666666666666,0.89,5,0.1,10,eps
reptile,copiapo,123,13,0.7692307692307693,0.825,5,0.1,10,eps
reptile,copiapo,123,14,0.8571428571428571,0.8400000000000001,5,0.1,10,eps
reptile,copiapo,123,15,0.7368421052631579,0.9400000000000001,5,0.1,10,eps
reptile,copiapo,123,16,0.7619047619047619,0.89,5,0.1,10,eps
reptile,copiapo,123,17,0.8181818181818182,0.9199999999999999,5,0.1,10,eps
reptile,copiapo,123,18,0.8,0.8799999999999999,5,0.1,10,eps
reptile,copiapo,123,19,0.8,0.89,5,0.1,10,eps
reptile,copiapo,123,20,0.6666666666666666,0.7799999999999999,5,0.1,10,eps
reptile,copiapo,123,21,0.8571428571428571,0.92,5,0.1,10,eps
reptile,copiapo,123,22,0.9,0.98,5,0.1,10,eps
reptile,copiapo,123,23,0.7368421052631579,0.8200000000000001,5,0.1,10,eps
reptile,copiapo,123,24,0.8571428571428571,0.96,5,0.1,10,eps
reptile,copiapo,123,25,0.7,0.85,5,0.1,10,eps
reptile,copiapo,123,26,0.625,0.9199999999999999,5,0.1,10,eps
reptile,copiapo,123,27,0.782608695652174,0.88,5,0.1,10,eps
reptile,copiapo,123,28,0.9523809523809523,0.9899999999999999,5,0.1,10,eps
reptile,copiapo,123,29,0.8333333333333334,0.91,5,0.1,10,eps
reptile,huasco,123,0,0.7,0.77,5,0.1,10,eps
reptile,huasco,123,1,0.8571428571428571,0.9099999999999999,5,0.1,10,eps
reptile,huasco,123,2,0.9090909090909091,0.92,5,0.1,10,eps
reptile,huasco,123,3,0.8571428571428571,0.825,5,0.1,10,eps
reptile,huasco,123,4,0.8235294117647058,0.95,5,0.1,10,eps
reptile,huasco,123,5,0.8421052631578947,0.9600000000000001,5,0.1,10,eps
reptile,huasco,123,6,0.9523809523809523,0.95,5,0.1,10,eps
reptile,huasco,123,7,1.0,1.0,5,0.1,10,eps
reptile,huasco,123,8,0.8,0.8900000000000001,5,0.1,10,eps
reptile,huasco,123,9,0.8421052631578947,0.97,5,0.1,10,eps
reptile,huasco,123,10,0.9,0.99,5,0.1,10,eps
reptile,huasco,123,11,0.9523809523809523,1.0,5,0.1,10,eps
reptile,huasco,123,12,0.8888888888888888,0.81,5,0.1,10,eps
reptile,huasco,123,13,0.8421052631578947,0.93,5,0.1,10,eps
reptile,huasco,123,14,1.0,1.0,5,0.1,10,eps
reptile,huasco,123,15,0.9523809523809523,0.99,5,0.1,10,eps
reptile,huasco,123,16,0.9,0.9400000000000001,5,0.1,10,eps
reptile,huasco,123,17,0.8888888888888888,0.9600000000000001,5,0.1,10,eps
reptile,huasco,123,18,0.9523809523809523,0.99,5,0.1,10,eps
reptile,huasco,123,19,0.7272727272727273,0.855,5,0.1,10,eps
reptile,huasco,123,20,0.9523809523809523,0.93,5,0.1,10,eps
reptile,huasco,123,21,1.0,1.0,5,0.1,10,eps
reptile,huasco,123,22,0.8695652173913043,0.9800000000000001,5,0.1,10,eps
reptile,huasco,123,23,0.6086956521739131,0.5700000000000001,5,0.1,10,eps
reptile,huasco,123,24,0.8571428571428571,0.8599999999999999,5,0.1,10,eps
reptile,huasco,123,25,0.9090909090909091,0.9400000000000001,5,0.1,10,eps
reptile,huasco,123,26,0.6666666666666666,0.95,5,0.1,10,eps
reptile,huasco,123,27,1.0,1.0,5,0.1,10,eps
reptile,huasco,123,28,0.64,0.545,5,0.1,10,eps
reptile,huasco,123,29,0.7,0.8200000000000001,5,0.1,10,eps
reptile,elqui,123,0,0.7368421052631579,0.8500000000000001,5,0.1,10,eps
reptile,elqui,123,1,0.7692307692307693,0.92,5,0.1,10,eps
reptile,elqui,123,2,0.8888888888888888,0.9500000000000001,5,0.1,10,eps
reptile,elqui,123,3,0.8,0.85,5,0.1,10,eps
reptile,elqui,123,4,0.6666666666666666,0.845,5,0.1,10,eps
reptile,elqui,123,5,0.9523809523809523,0.9,5,0.1,10,eps
reptile,elqui,123,6,0.9523809523809523,0.9400000000000001,5,0.1,10,eps
reptile,elqui,123,7,0.6956521739130435,0.745,5,0.1,10,eps
reptile,elqui,123,8,0.8695652173913043,0.8849999999999999,5,0.1,10,eps
reptile,elqui,123,9,0.47058823529411764,0.8,5,0.1,10,eps
reptile,elqui,123,10,0.8,0.9299999999999999,5,0.1,10,eps
reptile,elqui,123,11,0.8421052631578947,0.92,5,0.1,10,eps
reptile,elqui,123,12,0.7692307692307693,0.71,5,0.1,10,eps
reptile,elqui,123,13,0.6666666666666666,0.97,5,0.1,10,eps
reptile,elqui,123,14,0.7142857142857143,0.74,5,0.1,10,eps
reptile,elqui,123,15,0.8571428571428571,0.9500000000000001,5,0.1,10,eps
reptile,elqui,123,16,0.7,0.78,5,0.1,10,eps
reptile,elqui,123,17,0.7619047619047619,0.8400000000000001,5,0.1,10,eps
reptile,elqui,123,18,0.7619047619047619,0.92,5,0.1,10,eps
reptile,elqui,123,19,0.8421052631578947,0.96,5,0.1,10,eps
reptile,elqui,123,20,0.9,0.93,5,0.1,10,eps
reptile,elqui,123,21,0.9090909090909091,0.97,5,0.1,10,eps
reptile,elqui,123,22,0.75,0.8500000000000001,5,0.1,10,eps
reptile,elqui,123,23,0.8181818181818182,0.84,5,0.1,10,eps
reptile,elqui,123,24,0.6,0.75,5,0.1,10,eps
reptile,elqui,123,25,0.8571428571428571,0.9599999999999999,5,0.1,10,eps
reptile,elqui,123,26,0.782608695652174,0.9400000000000002,5,0.1,10,eps
reptile,elqui,123,27,0.8,0.87,5,0.1,10,eps
reptile,elqui,123,28,0.7,0.75,5,0.1,10,eps
reptile,elqui,123,29,0.6666666666666666,0.74,5,0.1,10,eps
reptile,limari,123,0,0.625,0.7999999999999999,5,0.1,10,eps
reptile,limari,123,1,0.8181818181818182,0.8,5,0.1,10,eps
reptile,limari,123,2,0.625,0.8200000000000001,5,0.1,10,eps
reptile,limari,123,3,0.631578947368421,0.67,5,0.1,10,eps
reptile,limari,123,4,0.42105263157894735,0.5800000000000001,5,0.1,10,eps
reptile,limari,123,5,0.6956521739130435,0.51,5,0.1,10,eps
reptile,limari,123,6,0.5714285714285714,0.7000000000000001,5,0.1,10,eps
reptile,limari,123,7,0.7,0.73,5,0.1,10,eps
reptile,limari,123,8,0.6666666666666666,0.6799999999999999,5,0.1,10,eps
reptile,limari,123,9,0.6666666666666666,0.8699999999999999,5,0.1,10,eps
reptile,limari,123,10,0.8,0.84,5,0.1,10,eps
reptile,limari,123,11,0.6363636363636364,0.5800000000000001,5,0.1,10,eps
reptile,limari,123,12,0.631578947368421,0.44,5,0.1,10,eps
reptile,limari,123,13,0.6666666666666666,0.81,5,0.1,10,eps
reptile,limari,123,14,0.7777777777777778,0.88,5,0.1,10,eps
reptile,limari,123,15,0.6,0.56,5,0.1,10,eps
reptile,limari,123,16,0.5714285714285714,0.55,5,0.1,10,eps
reptile,limari,123,17,0.47619047619047616,0.38999999999999996,5,0.1,10,eps
reptile,limari,123,18,0.7,0.8,5,0.1,10,eps
reptile,limari,123,19,0.7619047619047619,0.88,5,0.1,10,eps
reptile,limari,123,20,0.75,0.7,5,0.1,10,eps
reptile,limari,123,21,0.8571428571428571,0.8500000000000001,5,0.1,10,eps
reptile,limari,123,22,0.8181818181818182,0.79,5,0.1,10,eps
reptile,limari,123,23,0.6956521739130435,0.66,5,0.1,10,eps
reptile,limari,123,24,0.375,0.62,5,0.1,10,eps
reptile,limari,123,25,0.6363636363636364,0.54,5,0.1,10,eps
reptile,limari,123,26,0.6956521739130435,0.79,5,0.1,10,eps
reptile,limari,123,27,0.8571428571428571,0.87,5,0.1,10,eps
reptile,limari,123,28,0.5714285714285714,0.8599999999999999,5,0.1,10,eps
reptile,limari,123,29,0.625,0.86,5,0.1,10,eps
reptile,copiapo,7,0,0.8,0.84,5,0.1,10,eps
reptile,copiapo,7,1,0.8421052631578947,0.9600000000000001,5,0.1,10,eps
reptile,copiapo,7,2,0.8695652173913043,0.9599999999999999,5,0.1,10,eps
reptile,copiapo,7,3,0.75,0.97,5,0.1,10,eps
reptile,copiapo,7,4,0.4444444444444444,0.5800000000000001,5,0.1,10,eps
reptile,copiapo,7,5,0.6666666666666666,0.85,5,0.1,10,eps
reptile,copiapo,7,6,0.625,0.87,5,0.1,10,eps
reptile,copiapo,7,7,0.8,0.9099999999999999,5,0.1,10,eps
reptile,copiapo,7,8,0.42857142857142855,0.88,5,0.1,10,eps
reptile,copiapo,7,9,0.8235294117647058,0.96,5,0.1,10,eps
reptile,copiapo,7,10,0.782608695652174,0.8200000000000001,5,0.1,10,eps
reptile,copiapo,7,11,0.5714285714285714,0.98,5,0.1,10,eps
reptile,copiapo,7,12,0.7058823529411765,0.91,5,0.1,10,eps
reptile,copiapo,7,13,0.8181818181818182,0.93,5,0.1,10,eps
reptile,copiapo,7,14,0.8181818181818182,0.85,5,0.1,10,eps
reptile,copiapo,7,15,0.782608695652174,0.8900000000000001,5,0.1,10,eps
reptile,copiapo,7,16,0.8181818181818182,0.9,5,0.1,10,eps
reptile,copiapo,7,17,0.7368421052631579,0.91,5,0.1,10,eps
reptile,copiapo,7,18,0.75,1.0,5,0.1,10,eps
reptile,copiapo,7,19,0.8571428571428571,0.9600000000000001,5,0.1,10,eps
reptile,copiapo,7,20,0.6666666666666666,0.76,5,0.1,10,eps
reptile,copiapo,7,21,0.8695652173913043,0.94,5,0.1,10,eps
reptile,copiapo,7,22,0.8,0.9600000000000001,5,0.1,10,eps
reptile,copiapo,7,23,0.7272727272727273,0.735,5,0.1,10,eps
reptile,copiapo,7,24,0.7619047619047619,0.87,5,0.1,10,eps
reptile,copiapo,7,25,0.8571428571428571,0.9700000000000001,5,0.1,10,eps
reptile,copiapo,7,26,0.7619047619047619,0.77,5,0.1,10,eps
reptile,copiapo,7,27,0.8421052631578947,0.97,5,0.1,10,eps
reptile,copiapo,7,28,0.7058823529411765,0.89,5,0.1,10,eps
reptile,copiapo,7,29,0.8181818181818182,0.845,5,0.1,10,eps
reptile,huasco,7,0,0.75,0.565,5,0.1,10,eps
reptile,huasco,7,1,0.8571428571428571,0.96,5,0.1,10,eps
reptile,huasco,7,2,0.7368421052631579,0.8500000000000001,5,0.1,10,eps
reptile,huasco,7,3,0.8888888888888888,1.0,5,0.1,10,eps
reptile,huasco,7,4,0.7692307692307693,0.68,5,0.1,10,eps
reptile,huasco,7,5,0.625,0.92,5,0.1,10,eps
reptile,huasco,7,6,0.8,0.8900000000000001,5,0.1,10,eps
reptile,huasco,7,7,0.9523809523809523,0.9700000000000001,5,0.1,10,eps
reptile,huasco,7,8,0.8,0.84,5,0.1,10,eps
reptile,huasco,7,9,0.72,0.7050000000000001,5,0.1,10,eps
reptile,huasco,7,10,0.8333333333333334,0.825,5,0.1,10,eps
reptile,huasco,7,11,0.8571428571428571,0.97,5,0.1,10,eps
reptile,huasco,7,12,0.6666666666666666,0.74,5,0.1,10,eps
reptile,huasco,7,13,0.7777777777777778,0.93,5,0.1,10,eps
reptile,huasco,7,14,0.6666666666666666,0.9199999999999999,5,0.1,10,eps
reptile,huasco,7,15,0.8695652173913043,0.895,5,0.1,10,eps
reptile,huasco,7,16,0.7058823529411765,0.94,5,0.1,10,eps
reptile,huasco,7,17,0.8,0.8650000000000001,5,0.1,10,eps
reptile,huasco,7,18,0.8888888888888888,0.9899999999999999,5,0.1,10,eps
reptile,huasco,7,19,0.8,0.845,5,0.1,10,eps
reptile,huasco,7,20,0.7619047619047619,0.7999999999999999,5,0.1,10,eps
reptile,huasco,7,21,0.7368421052631579,0.83,5,0.1,10,eps
reptile,huasco,7,22,0.7777777777777778,0.9199999999999999,5,0.1,10,eps
reptile,huasco,7,23,0.8695652173913043,0.815,5,0.1,10,eps
reptile,huasco,7,24,0.8571428571428571,0.96,5,0.1,10,eps
reptile,huasco,7,25,0.9090909090909091,0.92,5,0.1,10,eps
reptile,huasco,7,26,0.7272727272727273,0.6900000000000001,5,0.1,10,eps
reptile,huasco,7,27,0.7619047619047619,0.79,5,0.1,10,eps
reptile,huasco,7,28,0.8421052631578947,0.9300000000000002,5,0.1,10,eps
reptile,huasco,7,29,0.9473684210526315,1.0,5,0.1,10,eps
reptile,elqui,7,0,0.625,0.69,5,0.1,10,eps
reptile,elqui,7,1,0.7692307692307693,0.7849999999999999,5,0.1,10,eps
reptile,elqui,7,2,0.8,0.9199999999999999,5,0.1,10,eps
reptile,elqui,7,3,0.8333333333333334,0.89,5,0.1,10,eps
reptile,elqui,7,4,0.7368421052631579,0.81,5,0.1,10,eps
reptile,elqui,7,5,0.7058823529411765,0.9299999999999999,5,0.1,10,eps
reptile,elqui,7,6,0.7777777777777778,0.91,5,0.1,10,eps
reptile,elqui,7,7,0.782608695652174,0.78,5,0.1,10,eps
reptile,elqui,7,8,0.8,0.88,5,0.1,10,eps
reptile,elqui,7,9,0.9,0.9400000000000002,5,0.1,10,eps
reptile,elqui,7,10,0.8235294117647058,0.89,5,0.1,10,eps
reptile,elqui,7,11,0.8888888888888888,0.9500000000000002,5,0.1,10,eps
reptile,elqui,7,12,0.8695652173913043,0.91,5,0.1,10,eps
reptile,elqui,7,13,0.782608695652174,0.74,5,0.1,10,eps
reptile,elqui,7,14,0.75,0.81,5,0.1,10,eps
reptile,elqui,7,15,0.9,0.97,5,0.1,10,eps
reptile,elqui,7,16,0.8235294117647058,0.86,5,0.1,10,eps
reptile,elqui,7,17,0.8571428571428571,0.9500000000000001,5,0.1,10,eps
reptile,elqui,7,18,0.7368421052631579,0.8000000000000002,5,0.1,10,eps
reptile,elqui,7,19,0.7058823529411765,0.8000000000000002,5,0.1,10,eps
reptile,elqui,7,20,0.8571428571428571,0.9299999999999999,5,0.1,10,eps
reptile,elqui,7,21,0.8888888888888888,0.89,5,0.1,10,eps
reptile,elqui,7,22,0.9523809523809523,0.99,5,0.1,10,eps
reptile,elqui,7,23,0.7058823529411765,0.9400000000000001,5,0.1,10,eps
reptile,elqui,7,24,0.8181818181818182,0.79,5,0.1,10,eps
reptile,elqui,7,25,0.9,0.9700000000000001,5,0.1,10,eps
reptile,elqui,7,26,0.5333333333333333,0.88,5,0.1,10,eps
reptile,elqui,7,27,0.5714285714285714,0.6700000000000002,5,0.1,10,eps
reptile,elqui,7,28,0.8181818181818182,0.85,5,0.1,10,eps
reptile,elqui,7,29,0.8181818181818182,0.9099999999999999,5,0.1,10,eps
reptile,limari,7,0,0.5833333333333334,0.5449999999999999,5,0.1,10,eps
reptile,limari,7,1,0.8,0.8,5,0.1,10,eps
reptile,limari,7,2,0.6956521739130435,0.66,5,0.1,10,eps
reptile,limari,7,3,0.7777777777777778,0.88,5,0.1,10,eps
reptile,limari,7,4,0.6666666666666666,0.66,5,0.1,10,eps
reptile,limari,7,5,0.8,0.8300000000000001,5,0.1,10,eps
reptile,limari,7,6,0.8181818181818182,0.83,5,0.1,10,eps
reptile,limari,7,7,0.5263157894736842,0.6,5,0.1,10,eps
reptile,limari,7,8,0.6,0.76,5,0.1,10,eps
reptile,limari,7,9,0.5454545454545454,0.56,5,0.1,10,eps
reptile,limari,7,10,0.7,0.66,5,0.1,10,eps
reptile,limari,7,11,0.6956521739130435,0.61,5,0.1,10,eps
reptile,limari,7,12,0.8421052631578947,0.9299999999999999,5,0.1,10,eps
reptile,limari,7,13,0.5333333333333333,0.76,5,0.1,10,eps
reptile,limari,7,14,0.8421052631578947,0.9,5,0.1,10,eps
reptile,limari,7,15,0.43478260869565216,0.32,5,0.1,10,eps
reptile,limari,7,16,0.6666666666666666,0.7899999999999999,5,0.1,10,eps
reptile,limari,7,17,0.8,0.8200000000000001,5,0.1,10,eps
reptile,limari,7,18,0.631578947368421,0.72,5,0.1,10,eps
reptile,limari,7,19,0.64,0.395,5,0.1,10,eps
reptile,limari,7,20,0.5333333333333333,0.84,5,0.1,10,eps
reptile,limari,7,21,0.631578947368421,0.74,5,0.1,10,eps
reptile,limari,7,22,0.375,0.72,5,0.1,10,eps
reptile,limari,7,23,0.8181818181818182,0.765,5,0.1,10,eps
reptile,limari,7,24,0.7368421052631579,0.83,5,0.1,10,eps
reptile,limari,7,25,0.5714285714285714,0.53,5,0.1,10,eps
reptile,limari,7,26,0.5555555555555556,0.67,5,0.1,10,eps
reptile,limari,7,27,0.6086956521739131,0.47,5,0.1,10,eps
reptile,limari,7,28,0.6666666666666666,0.79,5,0.1,10,eps
reptile,limari,7,29,0.7619047619047619,0.74,5,0.1,10,eps
reptile,copiapo,42,0,0.8571428571428571,0.96,5,0.3,10,eps
reptile,copiapo,42,1,0.9090909090909091,0.9900000000000001,5,0.3,10,eps
reptile,copiapo,42,2,0.7368421052631579,0.9199999999999999,5,0.3,10,eps
reptile,copiapo,42,3,0.8888888888888888,1.0,5,0.3,10,eps
reptile,copiapo,42,4,0.9523809523809523,0.98,5,0.3,10,eps
reptile,copiapo,42,5,0.8695652173913043,0.88,5,0.3,10,eps
reptile,copiapo,42,6,0.9,0.96,5,0.3,10,eps
reptile,copiapo,42,7,0.6666666666666666,0.86,5,0.3,10,eps
reptile,copiapo,42,8,1.0,1.0,5,0.3,10,eps
reptile,copiapo,42,9,0.8,0.7999999999999999,5,0.3,10,eps
reptile,copiapo,42,10,0.625,0.86,5,0.3,10,eps
reptile,copiapo,42,11,0.8421052631578947,0.9400000000000001,5,0.3,10,eps
reptile,copiapo,42,12,0.8235294117647058,0.98,5,0.3,10,eps
reptile,copiapo,42,13,0.9523809523809523,1.0,5,0.3,10,eps
reptile,copiapo,42,14,0.5333333333333333,0.86,5,0.3,10,eps
reptile,copiapo,42,15,0.8888888888888888,1.0,5,0.3,10,eps
reptile,copiapo,42,16,0.75,0.9600000000000001,5,0.3,10,eps
reptile,copiapo,42,17,0.8421052631578947,0.9299999999999999,5,0.3,10,eps
reptile,copiapo,42,18,0.7058823529411765,0.9100000000000001,5,0.3,10,eps
reptile,copiapo,42,19,0.8888888888888888,0.97,5,0.3,10,eps
reptile,copiapo,42,20,0.9,0.91,5,0.3,10,eps
reptile,copiapo,42,21,0.7619047619047619,0.83,5,0.3,10,eps
reptile,copiapo,42,22,0.8181818181818182,0.9300000000000002,5,0.3,10,eps
reptile,copiapo,42,23,0.8235294117647058,0.98,5,0.3,10,eps
reptile,copiapo,42,24,0.64,0.5,5,0.3,10,eps
reptile,copiapo,42,25,0.8421052631578947,0.9299999999999999,5,0.3,10,eps
reptile,copiapo,42,26,0.7777777777777778,0.9499999999999998,5,0.3,10,eps
reptile,copiapo,42,27,0.7777777777777778,0.89,5,0.3,10,eps
reptile,copiapo,42,28,0.8571428571428571,0.9299999999999999,5,0.3,10,eps
reptile,copiapo,42,29,0.9473684210526315,1.0,5,0.3,10,eps
reptile,huasco,42,0,0.6666666666666666,0.9999999999999999,5,0.3,10,eps
reptile,huasco,42,1,0.7368421052631579,0.7999999999999999,5,0.3,10,eps
reptile,huasco,42,2,0.9090909090909091,0.95,5,0.3,10,eps
reptile,huasco,42,3,0.8421052631578947,0.9800000000000001,5,0.3,10,eps
reptile,huasco,42,4,0.9,0.93,5,0.3,10,eps
reptile,huasco,42,5,0.7619047619047619,0.79,5,0.3,10,eps
reptile,huasco,42,6,0.9473684210526315,1.0,5,0.3,10,eps
reptile,huasco,42,7,0.8695652173913043,0.87,5,0.3,10,eps
reptile,huasco,42,8,0.8571428571428571,0.89,5,0.3,10,eps
reptile,huasco,42,9,0.8,0.9600000000000001,5,0.3,10,eps
reptile,huasco,42,10,0.8,0.92,5,0.3,10,eps
reptile,huasco,42,11,0.8235294117647058,0.9700000000000001,5,0.3,10,eps
reptile,huasco,42,12,0.8235294117647058,1.0,5,0.3,10,eps
reptile,huasco,42,13,0.7777777777777778,0.8,5,0.3,10,eps
reptile,huasco,42,14,0.9523809523809523,0.9500000000000001,5,0.3,10,eps
reptile,huasco,42,15,0.8888888888888888,0.98,5,0.3,10,eps
reptile,huasco,42,16,0.8,0.9,5,0.3,10,eps
reptile,huasco,42,17,0.7619047619047619,0.82,5,0.3,10,eps
reptile,huasco,42,18,0.8235294117647058,1.0,5,0.3,10,eps
reptile,huasco,42,19,0.5333333333333333,0.91,5,0.3,10,eps
reptile,huasco,42,20,0.9,0.97,5,0.3,10,eps
reptile,huasco,42,21,0.9090909090909091,0.9800000000000001,5,0.3,10,eps
reptile,huasco,42,22,0.8571428571428571,0.91,5,0.3,10,eps
reptile,huasco,42,23,0.6,0.76,5,0.3,10,eps
reptile,huasco,42,24,0.72,0.8200000000000001,5,0.3,10,eps
reptile,huasco,42,25,0.9090909090909091,0.99,5,0.3,10,eps
reptile,huasco,42,26,0.6666666666666666,0.9199999999999999,5,0.3,10,eps
reptile,huasco,42,27,0.9523809523809523,0.9899999999999999,5,0.3,10,eps
reptile,huasco,42,28,0.9,0.885,5,0.3,10,eps
reptile,huasco,42,29,0.8333333333333334,0.73,5,0.3,10,eps
reptile,elqui,42,0,0.8571428571428571,0.93,5,0.3,10,eps
reptile,elqui,42,1,0.625,0.86,5,0.3,10,eps
reptile,elqui,42,2,0.5882352941176471,0.8,5,0.3,10,eps
reptile,elqui,42,3,0.8571428571428571,0.9500000000000001,5,0.3,10,eps
reptile,elqui,42,4,0.7692307692307693,0.8099999999999999,5,0.3,10,eps
reptile,elqui,42,5,0.5714285714285714,0.64,5,0.3,10,eps
reptile,elqui,42,6,0.72,0.8400000000000001,5,0.3,10,eps
reptile,elqui,42,7,0.631578947368421,0.8300000000000001,5,0.3,10,eps
reptile,elqui,42,8,0.8888888888888888,0.8800000000000001,5,0.3,10,eps
reptile,elqui,42,9,0.5882352941176471,0.84,5,0.3,10,eps
reptile,elqui,42,10,0.5333333333333333,0.84,5,0.3,10,eps
reptile,elqui,42,11,0.75,0.8800000000000001,5,0.3,10,eps
reptile,elqui,42,12,0.7368421052631579,0.84,5,0.3,10,eps
reptile,elqui,42,13,0.8333333333333334,0.8899999999999999,5,0.3,10,eps
reptile,elqui,42,14,0.7368421052631579,0.9,5,0.3,10,eps
reptile,elqui,42,15,0.6086956521739131,0.78,5,0.3,10,eps
reptile,elqui,42,16,0.7619047619047619,0.8099999999999999,5,0.3,10,eps
reptile,elqui,42,17,0.7272727272727273,0.8,5,0.3,10,eps
reptile,elqui,42,18,0.8571428571428571,0.8300000000000001,5,0.3,10,eps
reptile,elqui,42,19,1.0,1.0,5,0.3,10,eps
reptile,elqui,42,20,0.75,0.75,5,0.3,10,eps
reptile,elqui,42,21,0.782608695652174,0.76,5,0.3,10,eps
reptile,elqui,42,22,0.8421052631578947,0.9299999999999999,5,0.3,10,eps
reptile,elqui,42,23,0.625,0.9100000000000001,5,0.3,10,eps
reptile,elqui,42,24,0.8571428571428571,0.97,5,0.3,10,eps
reptile,elqui,42,25,0.625,0.88,5,0.3,10,eps
reptile,elqui,42,26,0.5333333333333333,0.8700000000000001,5,0.3,10,eps
reptile,elqui,42,27,0.7272727272727273,0.8900000000000001,5,0.3,10,eps
reptile,elqui,42,28,0.75,0.81,5,0.3,10,eps
reptile,elqui,42,29,0.8571428571428571,0.94,5,0.3,10,eps
reptile,limari,42,0,0.4,0.7400000000000001,5,0.3,10,eps
reptile,limari,42,1,0.5,0.56,5,0.3,10,eps
reptile,limari,42,2,0.6363636363636364,0.69,5,0.3,10,eps
reptile,limari,42,3,0.6,0.62,5,0.3,10,eps
reptile,limari,42,4,0.7368421052631579,0.8099999999999999,5,0.3,10,eps
reptile,limari,42,5,0.5263157894736842,0.6,5,0.3,10,eps
reptile,limari,42,6,0.25,0.54,5,0.3,10,eps
reptile,limari,42,7,0.5714285714285714,0.74,5,0.3,10,eps
reptile,limari,42,8,0.6956521739130435,0.61,5,0.3,10,eps
reptile,limari,42,9,0.3333333333333333,0.51,5,0.3,10,eps
reptile,limari,42,10,0.25,0.5700000000000001,5,0.3,10,eps
reptile,limari,42,11,0.5555555555555556,0.69,5,0.3,10,eps
reptile,limari,42,12,0.8181818181818182,0.78,5,0.3,10,eps
reptile,limari,42,13,0.5555555555555556,0.59,5,0.3,10,eps
reptile,limari,42,14,0.5,0.5700000000000001,5,0.3,10,eps
reptile,limari,42,15,0.5555555555555556,0.63,5,0.3,10,eps
reptile,limari,42,16,0.782608695652174,0.6900000000000001,5,0.3,10,eps
reptile,limari,42,17,0.6363636363636364,0.6000000000000001,5,0.3,10,eps
reptile,limari,42,18,0.7058823529411765,0.82,5,0.3,10,eps
reptile,limari,42,19,0.5714285714285714,0.71,5,0.3,10,eps
reptile,limari,42,20,0.8181818181818182,0.8300000000000001,5,0.3,10,eps
reptile,limari,42,21,0.6,0.62,5,0.3,10,eps
reptile,limari,42,22,0.7619047619047619,0.73,5,0.3,10,eps
reptile,limari,42,23,0.6363636363636364,0.73,5,0.3,10,eps
reptile,limari,42,24,0.5263157894736842,0.65,5,0.3,10,eps
reptile,limari,42,25,0.8421052631578947,0.8800000000000001,5,0.3,10,eps
reptile,limari,42,26,0.782608695652174,0.77,5,0.3,10,eps
reptile,limari,42,27,0.56,0.32999999999999996,5,0.3,10,eps
reptile,limari,42,28,0.47058823529411764,0.73,5,0.3,10,eps
reptile,limari,42,29,0.5,0.51,5,0.3,10,eps
reptile,copiapo,123,0,0.8571428571428571,0.9,5,0.3,10,eps
reptile,copiapo,123,1,0.8421052631578947,0.92,5,0.3,10,eps
reptile,copiapo,123,2,0.625,0.88,5,0.3,10,eps
reptile,copiapo,123,3,0.9,0.96,5,0.3,10,eps
reptile,copiapo,123,4,0.9090909090909091,0.9,5,0.3,10,eps
reptile,copiapo,123,5,0.7368421052631579,0.77,5,0.3,10,eps
reptile,copiapo,123,6,0.7368421052631579,0.88,5,0.3,10,eps
reptile,copiapo,123,7,0.6666666666666666,0.9,5,0.3,10,eps
reptile,copiapo,123,8,0.7619047619047619,0.8,5,0.3,10,eps
reptile,copiapo,123,9,0.8333333333333334,0.855,5,0.3,10,eps
reptile,copiapo,123,10,0.9523809523809523,0.97,5,0.3,10,eps
reptile,copiapo,123,11,0.9090909090909091,0.86,5,0.3,10,eps
reptile,copiapo,123,12,0.5555555555555556,0.84,5,0.3,10,eps
reptile,copiapo,123,13,0.7692307692307693,0.8200000000000001,5,0.3,10,eps
reptile,copiapo,123,14,0.7,0.81,5,0.3,10,eps
reptile,copiapo,123,15,0.7368421052631579,0.9000000000000001,5,0.3,10,eps
reptile,copiapo,123,16,0.8181818181818182,0.89,5,0.3,10,eps
reptile,copiapo,123,17,0.8571428571428571,0.89,5,0.3,10,eps
reptile,copiapo,123,18,0.8,0.84,5,0.3,10,eps
reptile,copiapo,123,19,0.8,0.87,5,0.3,10,eps
reptile,copiapo,123,20,0.6666666666666666,0.8099999999999999,5,0.3,10,eps
reptile,copiapo,123,21,0.8571428571428571,0.8599999999999999,5,0.3,10,eps
reptile,copiapo,123,22,0.8571428571428571,0.9299999999999999,5,0.3,10,eps
reptile,copiapo,123,23,0.631578947368421,0.78,5,0.3,10,eps
reptile,copiapo,123,24,0.8571428571428571,0.91,5,0.3,10,eps
reptile,copiapo,123,25,0.8181818181818182,0.78,5,0.3,10,eps
reptile,copiapo,123,26,0.625,0.89,5,0.3,10,eps
reptile,copiapo,123,27,0.782608695652174,0.79,5,0.3,10,eps
reptile,copiapo,123,28,0.9523809523809523,0.9999999999999999,5,0.3,10,eps
reptile,copiapo,123,29,0.8181818181818182,0.89,5,0.3,10,eps
reptile,huasco,123,0,0.7,0.73,5,0.3,10,eps
reptile,huasco,123,1,0.9,0.95,5,0.3,10,eps
reptile,huasco,123,2,0.9090909090909091,0.87,5,0.3,10,eps
reptile,huasco,123,3,0.8571428571428571,0.8500000000000001,5,0.3,10,eps
reptile,huasco,123,4,1.0,1.0,5,0.3,10,eps
reptile,huasco,123,5,0.8888888888888888,0.9600000000000001,5,0.3,10,eps
reptile,huasco,123,6,0.9523809523809523,0.98,5,0.3,10,eps
reptile,huasco,123,7,0.9523809523809523,1.0,5,0.3,10,eps
reptile,huasco,123,8,0.8,0.88,5,0.3,10,eps
reptile,huasco,123,9,0.8421052631578947,0.91,5,0.3,10,eps
reptile,huasco,123,10,0.8421052631578947,0.93,5,0.3,10,eps
reptile,huasco,123,11,0.9090909090909091,0.97,5,0.3,10,eps
reptile,huasco,123,12,0.8888888888888888,0.9000000000000001,5,0.3,10,eps
reptile,huasco,123,13,0.9,0.93,5,0.3,10,eps
reptile,huasco,123,14,0.9523809523809523,1.0,5,0.3,10,eps
reptile,huasco,123,15,0.9523809523809523,0.96,5,0.3,10,eps
reptile,huasco,123,16,0.9,0.9400000000000001,5,0.3,10,eps
reptile,huasco,123,17,0.8421052631578947,0.96,5,0.3,10,eps
reptile,huasco,123,18,0.9090909090909091,0.9499999999999998,5,0.3,10,eps
reptile,huasco,123,19,0.8181818181818182,0.88,5,0.3,10,eps
reptile,huasco,123,20,0.9,0.92,5,0.3,10,eps
reptile,huasco,123,21,0.9473684210526315,1.0,5,0.3,10,eps
reptile,huasco,123,22,0.8695652173913043,0.9200000000000002,5,0.3,10,eps
reptile,huasco,123,23,0.6666666666666666,0.5800000000000001,5,0.3,10,eps
reptile,huasco,123,24,0.8,0.87,5,0.3,10,eps
reptile,huasco,123,25,0.9090909090909091,0.9200000000000002,5,0.3,10,eps
reptile,huasco,123,26,0.625,0.9199999999999999,5,0.3,10,eps
reptile,huasco,123,27,1.0,1.0,5,0.3,10,eps
reptile,huasco,123,28,0.64,0.5549999999999999,5,0.3,10,eps
reptile,huasco,123,29,0.6666666666666666,0.78,5,0.3,10,eps
reptile,elqui,123,0,0.7368421052631579,0.7999999999999999,5,0.3,10,eps
reptile,elqui,123,1,0.7692307692307693,0.75,5,0.3,10,eps
reptile,elqui,123,2,0.8,0.9199999999999999,5,0.3,10,eps
reptile,elqui,123,3,0.8,0.86,5,0.3,10,eps
reptile,elqui,123,4,0.8421052631578947,0.91,5,0.3,10,eps
reptile,elqui,123,5,0.9,0.97,5,0.3,10,eps
reptile,elqui,123,6,0.9523809523809523,0.9400000000000001,5,0.3,10,eps
reptile,elqui,123,7,0.7272727272727273,0.73,5,0.3,10,eps
reptile,elqui,123,8,0.8695652173913043,0.8699999999999999,5,0.3,10,eps
reptile,elqui,123,9,0.5555555555555556,0.8099999999999999,5,0.3,10,eps
reptile,elqui,123,10,0.7777777777777778,0.9,5,0.3,10,eps
reptile,elqui,123,11,0.8421052631578947,0.93,5,0.3,10,eps
reptile,elqui,123,12,0.7692307692307693,0.73,5,0.3,10,eps
reptile,elqui,123,13,0.6666666666666666,0.9,5,0.3,10,eps
reptile,elqui,123,14,0.7142857142857143,0.71,5,0.3,10,eps
reptile,elqui,123,15,0.782608695652174,0.89,5,0.3,10,eps
reptile,elqui,123,16,0.631578947368421,0.74,5,0.3,10,eps
reptile,elqui,123,17,0.7,0.8300000000000001,5,0.3,10,eps
reptile,elqui,123,18,0.782608695652174,0.84,5,0.3,10,eps
reptile,elqui,123,19,0.7619047619047619,0.8999999999999999,5,0.3,10,eps
reptile,elqui,123,20,0.9,0.98,5,0.3,10,eps
reptile,elqui,123,21,0.8695652173913043,0.84,5,0.3,10,eps
reptile,elqui,123,22,0.72,0.8900000000000001,5,0.3,10,eps
reptile,elqui,123,23,0.631578947368421,0.77,5,0.3,10,eps
reptile,elqui,123,24,0.6363636363636364,0.67,5,0.3,10,eps
reptile,elqui,123,25,0.8571428571428571,0.88,5,0.3,10,eps
reptile,elqui,123,26,0.8181818181818182,0.9400000000000001,5,0.3,10,eps
reptile,elqui,123,27,0.8571428571428571,0.8600000000000001,5,0.3,10,eps
reptile,elqui,123,28,0.7,0.76,5,0.3,10,eps
reptile,elqui,123,29,0.6363636363636364,0.71,5,0.3,10,eps
reptile,limari,123,0,0.46153846153846156,0.6699999999999999,5,0.3,10,eps
reptile,limari,123,1,0.8181818181818182,0.88,5,0.3,10,eps
reptile,limari,123,2,0.7058823529411765,0.88,5,0.3,10,eps
reptile,limari,123,3,0.631578947368421,0.77,5,0.3,10,eps
reptile,limari,123,4,0.6363636363636364,0.55,5,0.3,10,eps
reptile,limari,123,5,0.6956521739130435,0.54,5,0.3,10,eps
reptile,limari,123,6,0.5333333333333333,0.78,5,0.3,10,eps
reptile,limari,123,7,0.7619047619047619,0.76,5,0.3,10,eps
reptile,limari,123,8,0.6363636363636364,0.6599999999999999,5,0.3,10,eps
reptile,limari,123,9,0.7058823529411765,0.87,5,0.3,10,eps
reptile,limari,123,10,0.8421052631578947,0.8300000000000001,5,0.3,10,eps
reptile,limari,123,11,0.6086956521739131,0.52,5,0.3,10,eps
reptile,limari,123,12,0.631578947368421,0.49,5,0.3,10,eps
reptile,limari,123,13,0.8333333333333334,0.79,5,0.3,10,eps
reptile,limari,123,14,0.625,0.9,5,0.3,10,eps
reptile,limari,123,15,0.6363636363636364,0.6,5,0.3,10,eps
reptile,limari,123,16,0.5454545454545454,0.66,5,0.3,10,eps
reptile,limari,123,17,0.47619047619047616,0.38,5,0.3,10,eps
reptile,limari,123,18,0.7368421052631579,0.8599999999999999,5,0.3,10,eps
reptile,limari,123,19,0.7,0.8200000000000001,5,0.3,10,eps
reptile,limari,123,20,0.782608695652174,0.78,5,0.3,10,eps
reptile,limari,123,21,0.8181818181818182,0.89,5,0.3,10,eps
reptile,limari,123,22,0.782608695652174,0.74,5,0.3,10,eps
reptile,limari,123,23,0.6666666666666666,0.6900000000000001,5,0.3,10,eps
reptile,limari,123,24,0.47058823529411764,0.62,5,0.3,10,eps
reptile,limari,123,25,0.6956521739130435,0.6,5,0.3,10,eps
reptile,limari,123,26,0.8,0.89,5,0.3,10,eps
reptile,limari,123,27,0.8,0.88,5,0.3,10,eps
reptile,limari,123,28,0.7058823529411765,0.86,5,0.3,10,eps
reptile,limari,123,29,0.625,0.8,5,0.3,10,eps
reptile,copiapo,7,0,0.7368421052631579,0.87,5,0.3,10,eps
reptile,copiapo,7,1,0.8,0.92,5,0.3,10,eps
reptile,copiapo,7,2,0.8695652173913043,0.9700000000000001,5,0.3,10,eps
reptile,copiapo,7,3,0.8235294117647058,0.9800000000000001,5,0.3,10,eps
reptile,copiapo,7,4,0.35294117647058826,0.5700000000000001,5,0.3,10,eps
reptile,copiapo,7,5,0.7272727272727273,0.8200000000000001,5,0.3,10,eps
reptile,copiapo,7,6,0.625,0.7,5,0.3,10,eps
reptile,copiapo,7,7,0.8181818181818182,0.89,5,0.3,10,eps
reptile,copiapo,7,8,0.8421052631578947,0.8899999999999999,5,0.3,10,eps
reptile,copiapo,7,9,0.8888888888888888,0.9800000000000001,5,0.3,10,eps
reptile,copiapo,7,10,0.8333333333333334,0.75,5,0.3,10,eps
reptile,copiapo,7,11,0.5333333333333333,0.93,5,0.3,10,eps
reptile,copiapo,7,12,0.7777777777777778,0.91,5,0.3,10,eps
reptile,copiapo,7,13,0.8695652173913043,0.9,5,0.3,10,eps
reptile,copiapo,7,14,0.8181818181818182,0.87,5,0.3,10,eps
reptile,copiapo,7,15,0.782608695652174,0.835,5,0.3,10,eps
reptile,copiapo,7,16,0.8181818181818182,0.9,5,0.3,10,eps
reptile,copiapo,7,17,0.8,0.9299999999999999,5,0.3,10,eps
reptile,copiapo,7,18,0.7058823529411765,0.95,5,0.3,10,eps
reptile,copiapo,7,19,0.9090909090909091,0.92,5,0.3,10,eps
reptile,copiapo,7,20,0.5882352941176471,0.78,5,0.3,10,eps
reptile,copiapo,7,21,0.8333333333333334,0.8699999999999999,5,0.3,10,eps
reptile,copiapo,7,22,0.8333333333333334,0.9300000000000002,5,0.3,10,eps
reptile,copiapo,7,23,0.7272727272727273,0.735,5,0.3,10,eps
reptile,copiapo,7,24,0.782608695652174,0.77,5,0.3,10,eps
reptile,copiapo,7,25,0.8181818181818182,0.89,5,0.3,10,eps
reptile,copiapo,7,26,0.7619047619047619,0.81,5,0.3,10,eps
reptile,copiapo,7,27,0.7777777777777778,0.9099999999999999,5,0.3,10,eps
reptile,copiapo,7,28,0.7058823529411765,0.88,5,0.3,10,eps
reptile,copiapo,7,29,0.8695652173913043,0.885,5,0.3,10,eps
reptile,huasco,7,0,0.8,0.62,5,0.3,10,eps
reptile,huasco,7,1,0.7619047619047619,0.9,5,0.3,10,eps
reptile,huasco,7,2,0.7368421052631579,0.7899999999999999,5,0.3,10,eps
reptile,huasco,7,3,0.8888888888888888,0.97,5,0.3,10,eps
reptile,huasco,7,4,0.7692307692307693,0.55,5,0.3,10,eps
reptile,huasco,7,5,0.5333333333333333,0.92,5,0.3,10,eps
reptile,huasco,7,6,0.7368421052631579,0.835,5,0.3,10,eps
reptile,huasco,7,7,0.9523809523809523,0.9600000000000001,5,0.3,10,eps
reptile,huasco,7,8,0.8,0.8300000000000001,5,0.3,10,eps
reptile,huasco,7,9,0.75,0.73,5,0.3,10,eps
reptile,huasco,7,10,0.8333333333333334,0.8500000000000001,5,0.3,10,eps
reptile,huasco,7,11,0.9,0.96,5,0.3,10,eps
reptile,huasco,7,12,0.6,0.74,5,0.3,10,eps
reptile,huasco,7,13,0.8421052631578947,0.91,5,0.3,10,eps
reptile,huasco,7,14,0.8421052631578947,0.98,5,0.3,10,eps
reptile,huasco,7,15,0.9090909090909091,0.95,5,0.3,10,eps
reptile,huasco,7,16,0.7058823529411765,0.93,5,0.3,10,eps
reptile,huasco,7,17,0.8571428571428571,0.89,5,0.3,10,eps
reptile,huasco,7,18,0.8888888888888888,0.9800000000000001,5,0.3,10,eps
reptile,huasco,7,19,0.8,0.8200000000000001,5,0.3,10,eps
reptile,huasco,7,20,0.7619047619047619,0.8099999999999999,5,0.3,10,eps
reptile,huasco,7,21,0.6666666666666666,0.8300000000000001,5,0.3,10,eps
reptile,huasco,7,22,0.7058823529411765,0.93,5,0.3,10,eps
reptile,huasco,7,23,0.8695652173913043,0.84,5,0.3,10,eps
reptile,huasco,7,24,0.8,0.92,5,0.3,10,eps
reptile,huasco,7,25,0.9090909090909091,0.8700000000000001,5,0.3,10,eps
reptile,huasco,7,26,0.6666666666666666,0.675,5,0.3,10,eps
reptile,huasco,7,27,0.7619047619047619,0.8200000000000001,5,0.3,10,eps
reptile,huasco,7,28,0.8421052631578947,0.9299999999999999,5,0.3,10,eps
reptile,huasco,7,29,0.9473684210526315,1.0,5,0.3,10,eps
reptile,elqui,7,0,0.5555555555555556,0.6099999999999999,5,0.3,10,eps
reptile,elqui,7,1,0.7407407407407407,0.75,5,0.3,10,eps
reptile,elqui,7,2,0.8,0.87,5,0.3,10,eps
reptile,elqui,7,3,0.7692307692307693,0.8700000000000001,5,0.3,10,eps
reptile,elqui,7,4,0.7777777777777778,0.83,5,0.3,10,eps
reptile,elqui,7,5,0.7058823529411765,0.9,5,0.3,10,eps
reptile,elqui,7,6,0.7777777777777778,0.8900000000000001,5,0.3,10,eps
reptile,elqui,7,7,0.782608695652174,0.79,5,0.3,10,eps
reptile,elqui,7,8,0.8,0.9400000000000002,5,0.3,10,eps
reptile,elqui,7,9,0.8,0.8600000000000001,5,0.3,10,eps
reptile,elqui,7,10,0.6666666666666666,0.84,5,0.3,10,eps
reptile,elqui,7,11,0.8888888888888888,0.9400000000000001,5,0.3,10,eps
reptile,elqui,7,12,0.8181818181818182,0.9099999999999999,5,0.3,10,eps
reptile,elqui,7,13,0.782608695652174,0.6799999999999999,5,0.3,10,eps
reptile,elqui,7,14,0.7058823529411765,0.8099999999999999,5,0.3,10,eps
reptile,elqui,7,15,0.8571428571428571,0.9400000000000001,5,0.3,10,eps
reptile,elqui,7,16,0.7368421052631579,0.86,5,0.3,10,eps
reptile,elqui,7,17,0.8571428571428571,0.95,5,0.3,10,eps
reptile,elqui,7,18,0.7619047619047619,0.84,5,0.3,10,eps
reptile,elqui,7,19,0.625,0.8300000000000001,5,0.3,10,eps
reptile,elqui,7,20,0.782608695652174,0.89,5,0.3,10,eps
reptile,elqui,7,21,0.7777777777777778,0.89,5,0.3,10,eps
reptile,elqui,7,22,0.9090909090909091,1.0,5,0.3,10,eps
reptile,elqui,7,23,0.75,0.9300000000000002,5,0.3,10,eps
reptile,elqui,7,24,0.782608695652174,0.7999999999999999,5,0.3,10,eps
reptile,elqui,7,25,0.8571428571428571,0.97,5,0.3,10,eps
reptile,elqui,7,26,0.5333333333333333,0.8200000000000001,5,0.3,10,eps
reptile,elqui,7,27,0.6,0.66,5,0.3,10,eps
reptile,elqui,7,28,0.8181818181818182,0.86,5,0.3,10,eps
reptile,elqui,7,29,0.8181818181818182,0.96,5,0.3,10,eps
reptile,limari,7,0,0.5833333333333334,0.5650000000000001,5,0.3,10,eps
reptile,limari,7,1,0.7777777777777778,0.8400000000000001,5,0.3,10,eps
reptile,limari,7,2,0.6956521739130435,0.64,5,0.3,10,eps
reptile,limari,7,3,0.7368421052631579,0.89,5,0.3,10,eps
reptile,limari,7,4,0.7619047619047619,0.69,5,0.3,10,eps
reptile,limari,7,5,0.8,0.84,5,0.3,10,eps
reptile,limari,7,6,0.782608695652174,0.84,5,0.3,10,eps
reptile,limari,7,7,0.4444444444444444,0.5900000000000001,5,0.3,10,eps
reptile,limari,7,8,0.6,0.7,5,0.3,10,eps
reptile,limari,7,9,0.6363636363636364,0.5800000000000001,5,0.3,10,eps
reptile,limari,7,10,0.782608695652174,0.64,5,0.3,10,eps
reptile,limari,7,11,0.75,0.61,5,0.3,10,eps
reptile,limari,7,12,0.7777777777777778,0.88,5,0.3,10,eps
reptile,limari,7,13,0.5333333333333333,0.77,5,0.3,10,eps
reptile,limari,7,14,0.8,0.9,5,0.3,10,eps
reptile,limari,7,15,0.43478260869565216,0.35,5,0.3,10,eps
reptile,limari,7,16,0.5882352941176471,0.7899999999999999,5,0.3,10,eps
reptile,limari,7,17,0.6666666666666666,0.77,5,0.3,10,eps
reptile,limari,7,18,0.631578947368421,0.74,5,0.3,10,eps
reptile,limari,7,19,0.5833333333333334,0.32,5,0.3,10,eps
reptile,limari,7,20,0.4,0.74,5,0.3,10,eps
reptile,limari,7,21,0.6666666666666666,0.72,5,0.3,10,eps
reptile,limari,7,22,0.47058823529411764,0.71,5,0.3,10,eps
reptile,limari,7,23,0.8181818181818182,0.81,5,0.3,10,eps
reptile,limari,7,24,0.7368421052631579,0.83,5,0.3,10,eps
reptile,limari,7,25,0.5,0.53,5,0.3,10,eps
reptile,limari,7,26,0.6,0.62,5,0.3,10,eps
reptile,limari,7,27,0.5833333333333334,0.41000000000000003,5,0.3,10,eps
reptile,limari,7,28,0.5,0.8399999999999999,5,0.3,10,eps
reptile,limari,7,29,0.6666666666666666,0.77,5,0.3,10,eps
reptile,copiapo,42,0,0.8571428571428571,0.97,5,0.1,5,K_meta
reptile,copiapo,42,1,0.8571428571428571,0.98,5,0.1,5,K_meta
reptile,copiapo,42,2,0.8421052631578947,0.9400000000000001,5,0.1,5,K_meta
reptile,copiapo,42,3,0.8888888888888888,0.98,5,0.1,5,K_meta
reptile,copiapo,42,4,0.8421052631578947,0.97,5,0.1,5,K_meta
reptile,copiapo,42,5,0.7619047619047619,0.8549999999999999,5,0.1,5,K_meta
reptile,copiapo,42,6,0.75,0.99,5,0.1,5,K_meta
reptile,copiapo,42,7,0.625,0.85,5,0.1,5,K_meta
reptile,copiapo,42,8,1.0,1.0,5,0.1,5,K_meta
reptile,copiapo,42,9,0.8,0.83,5,0.1,5,K_meta
reptile,copiapo,42,10,0.625,0.8,5,0.1,5,K_meta
reptile,copiapo,42,11,0.8421052631578947,0.93,5,0.1,5,K_meta
reptile,copiapo,42,12,0.8235294117647058,0.97,5,0.1,5,K_meta
reptile,copiapo,42,13,0.9523809523809523,0.97,5,0.1,5,K_meta
reptile,copiapo,42,14,0.5333333333333333,0.81,5,0.1,5,K_meta
reptile,copiapo,42,15,0.8888888888888888,0.99,5,0.1,5,K_meta
reptile,copiapo,42,16,0.75,0.88,5,0.1,5,K_meta
reptile,copiapo,42,17,0.8421052631578947,0.96,5,0.1,5,K_meta
reptile,copiapo,42,18,0.7058823529411765,0.84,5,0.1,5,K_meta
reptile,copiapo,42,19,0.9473684210526315,0.97,5,0.1,5,K_meta
reptile,copiapo,42,20,0.9523809523809523,0.9400000000000001,5,0.1,5,K_meta
reptile,copiapo,42,21,0.8,0.91,5,0.1,5,K_meta
reptile,copiapo,42,22,0.8571428571428571,0.9600000000000001,5,0.1,5,K_meta
reptile,copiapo,42,23,0.8235294117647058,0.99,5,0.1,5,K_meta
reptile,copiapo,42,24,0.64,0.56,5,0.1,5,K_meta
reptile,copiapo,42,25,0.9,0.92,5,0.1,5,K_meta
reptile,copiapo,42,26,0.8,0.9300000000000002,5,0.1,5,K_meta
reptile,copiapo,42,27,0.7058823529411765,0.93,5,0.1,5,K_meta
reptile,copiapo,42,28,0.8181818181818182,0.95,5,0.1,5,K_meta
reptile,copiapo,42,29,0.9473684210526315,1.0,5,0.1,5,K_meta
reptile,huasco,42,0,0.9473684210526315,1.0,5,0.1,5,K_meta
reptile,huasco,42,1,0.6666666666666666,0.85,5,0.1,5,K_meta
reptile,huasco,42,2,0.9090909090909091,0.9500000000000001,5,0.1,5,K_meta
reptile,huasco,42,3,0.9090909090909091,0.98,5,0.1,5,K_meta
reptile,huasco,42,4,0.9,0.91,5,0.1,5,K_meta
reptile,huasco,42,5,0.8181818181818182,0.7200000000000002,5,0.1,5,K_meta
reptile,huasco,42,6,0.9,0.99,5,0.1,5,K_meta
reptile,huasco,42,7,0.7368421052631579,0.88,5,0.1,5,K_meta
reptile,huasco,42,8,0.8571428571428571,0.9099999999999999,5,0.1,5,K_meta
reptile,huasco,42,9,0.8421052631578947,0.95,5,0.1,5,K_meta
reptile,huasco,42,10,0.8,0.92,5,0.1,5,K_meta
reptile,huasco,42,11,0.8235294117647058,0.9600000000000001,5,0.1,5,K_meta
reptile,huasco,42,12,0.9473684210526315,1.0,5,0.1,5,K_meta
reptile,huasco,42,13,0.7058823529411765,0.82,5,0.1,5,K_meta
reptile,huasco,42,14,0.9523809523809523,0.9500000000000001,5,0.1,5,K_meta
reptile,huasco,42,15,0.8235294117647058,0.92,5,0.1,5,K_meta
reptile,huasco,42,16,0.7368421052631579,0.92,5,0.1,5,K_meta
reptile,huasco,42,17,0.8,0.89,5,0.1,5,K_meta
reptile,huasco,42,18,0.8235294117647058,0.8900000000000001,5,0.1,5,K_meta
reptile,huasco,42,19,0.6666666666666666,0.8899999999999999,5,0.1,5,K_meta
reptile,huasco,42,20,0.8571428571428571,0.91,5,0.1,5,K_meta
reptile,huasco,42,21,0.8695652173913043,0.99,5,0.1,5,K_meta
reptile,huasco,42,22,0.8571428571428571,0.89,5,0.1,5,K_meta
reptile,huasco,42,23,0.5263157894736842,0.73,5,0.1,5,K_meta
reptile,huasco,42,24,0.8333333333333334,0.9,5,0.1,5,K_meta
reptile,huasco,42,25,0.9090909090909091,0.97,5,0.1,5,K_meta
reptile,huasco,42,26,0.625,0.88,5,0.1,5,K_meta
reptile,huasco,42,27,0.9473684210526315,0.99,5,0.1,5,K_meta
reptile,huasco,42,28,0.9,0.88,5,0.1,5,K_meta
reptile,huasco,42,29,0.8333333333333334,0.685,5,0.1,5,K_meta
reptile,elqui,42,0,0.8571428571428571,0.9400000000000001,5,0.1,5,K_meta
reptile,elqui,42,1,0.5882352941176471,0.8500000000000001,5,0.1,5,K_meta
reptile,elqui,42,2,0.7619047619047619,0.745,5,0.1,5,K_meta
reptile,elqui,42,3,0.8571428571428571,0.8700000000000001,5,0.1,5,K_meta
reptile,elqui,42,4,0.64,0.7300000000000001,5,0.1,5,K_meta
reptile,elqui,42,5,0.5714285714285714,0.685,5,0.1,5,K_meta
reptile,elqui,42,6,0.72,0.8800000000000001,5,0.1,5,K_meta
reptile,elqui,42,7,0.8421052631578947,0.9499999999999998,5,0.1,5,K_meta
reptile,elqui,42,8,0.8888888888888888,0.9299999999999999,5,0.1,5,K_meta
reptile,elqui,42,9,0.6666666666666666,0.8699999999999999,5,0.1,5,K_meta
reptile,elqui,42,10,0.375,0.5700000000000001,5,0.1,5,K_meta
reptile,elqui,42,11,0.75,0.8700000000000001,5,0.1,5,K_meta
reptile,elqui,42,12,0.7,0.77,5,0.1,5,K_meta
reptile,elqui,42,13,0.8333333333333334,0.8500000000000001,5,0.1,5,K_meta
reptile,elqui,42,14,0.7777777777777778,0.88,5,0.1,5,K_meta
reptile,elqui,42,15,0.6666666666666666,0.74,5,0.1,5,K_meta
reptile,elqui,42,16,0.7619047619047619,0.86,5,0.1,5,K_meta
reptile,elqui,42,17,0.7272727272727273,0.88,5,0.1,5,K_meta
reptile,elqui,42,18,0.8571428571428571,0.78,5,0.1,5,K_meta
reptile,elqui,42,19,0.9523809523809523,1.0,5,0.1,5,K_meta
reptile,elqui,42,20,0.7272727272727273,0.78,5,0.1,5,K_meta
reptile,elqui,42,21,0.8333333333333334,0.77,5,0.1,5,K_meta
reptile,elqui,42,22,0.631578947368421,0.74,5,0.1,5,K_meta
reptile,elqui,42,23,0.7777777777777778,0.8200000000000001,5,0.1,5,K_meta
reptile,elqui,42,24,0.8571428571428571,0.95,5,0.1,5,K_meta
reptile,elqui,42,25,0.7777777777777778,0.88,5,0.1,5,K_meta
reptile,elqui,42,26,0.7058823529411765,0.8900000000000001,5,0.1,5,K_meta
reptile,elqui,42,27,0.7272727272727273,0.86,5,0.1,5,K_meta
reptile,elqui,42,28,0.8181818181818182,0.86,5,0.1,5,K_meta
reptile,elqui,42,29,0.8571428571428571,0.9499999999999998,5,0.1,5,K_meta
reptile,limari,42,0,0.4,0.79,5,0.1,5,K_meta
reptile,limari,42,1,0.5,0.56,5,0.1,5,K_meta
reptile,limari,42,2,0.6363636363636364,0.67,5,0.1,5,K_meta
reptile,limari,42,3,0.6666666666666666,0.6900000000000001,5,0.1,5,K_meta
reptile,limari,42,4,0.8,0.86,5,0.1,5,K_meta
reptile,limari,42,5,0.5,0.52,5,0.1,5,K_meta
reptile,limari,42,6,0.25,0.45999999999999996,5,0.1,5,K_meta
reptile,limari,42,7,0.631578947368421,0.66,5,0.1,5,K_meta
reptile,limari,42,8,0.6666666666666666,0.53,5,0.1,5,K_meta
reptile,limari,42,9,0.5,0.54,5,0.1,5,K_meta
reptile,limari,42,10,0.375,0.53,5,0.1,5,K_meta
reptile,limari,42,11,0.6,0.54,5,0.1,5,K_meta
reptile,limari,42,12,0.782608695652174,0.8900000000000001,5,0.1,5,K_meta
reptile,limari,42,13,0.5,0.7899999999999999,5,0.1,5,K_meta
reptile,limari,42,14,0.56,0.5700000000000001,5,0.1,5,K_meta
reptile,limari,42,15,0.6666666666666666,0.685,5,0.1,5,K_meta
reptile,limari,42,16,0.6666666666666666,0.67,5,0.1,5,K_meta
reptile,limari,42,17,0.5263157894736842,0.62,5,0.1,5,K_meta
reptile,limari,42,18,0.7058823529411765,0.86,5,0.1,5,K_meta
reptile,limari,42,19,0.6,0.6599999999999999,5,0.1,5,K_meta
reptile,limari,42,20,0.8571428571428571,0.8700000000000001,5,0.1,5,K_meta
reptile,limari,42,21,0.6,0.67,5,0.1,5,K_meta
reptile,limari,42,22,0.6956521739130435,0.6699999999999999,5,0.1,5,K_meta
reptile,limari,42,23,0.5714285714285714,0.6699999999999999,5,0.1,5,K_meta
reptile,limari,42,24,0.5263157894736842,0.65,5,0.1,5,K_meta
reptile,limari,42,25,0.8888888888888888,0.89,5,0.1,5,K_meta
reptile,limari,42,26,0.75,0.765,5,0.1,5,K_meta
reptile,limari,42,27,0.7142857142857143,0.45999999999999996,5,0.1,5,K_meta
reptile,limari,42,28,0.6,0.6799999999999999,5,0.1,5,K_meta
reptile,limari,42,29,0.5,0.54,5,0.1,5,K_meta
reptile,copiapo,123,0,0.8571428571428571,0.81,5,0.1,5,K_meta
reptile,copiapo,123,1,0.9090909090909091,0.97,5,0.1,5,K_meta
reptile,copiapo,123,2,0.7058823529411765,0.79,5,0.1,5,K_meta
reptile,copiapo,123,3,0.9,0.96,5,0.1,5,K_meta
reptile,copiapo,123,4,0.9,0.96,5,0.1,5,K_meta
reptile,copiapo,123,5,0.7058823529411765,0.89,5,0.1,5,K_meta
reptile,copiapo,123,6,0.7058823529411765,0.9299999999999999,5,0.1,5,K_meta
reptile,copiapo,123,7,0.75,0.9400000000000001,5,0.1,5,K_meta
reptile,copiapo,123,8,0.7619047619047619,0.92,5,0.1,5,K_meta
reptile,copiapo,123,9,0.8333333333333334,0.93,5,0.1,5,K_meta
reptile,copiapo,123,10,0.9,0.99,5,0.1,5,K_meta
reptile,copiapo,123,11,0.9090909090909091,0.9500000000000001,5,0.1,5,K_meta
reptile,copiapo,123,12,0.8571428571428571,0.8899999999999999,5,0.1,5,K_meta
reptile,copiapo,123,13,0.8695652173913043,0.85,5,0.1,5,K_meta
reptile,copiapo,123,14,0.7777777777777778,0.89,5,0.1,5,K_meta
reptile,copiapo,123,15,0.7777777777777778,0.89,5,0.1,5,K_meta
reptile,copiapo,123,16,0.8,0.8900000000000001,5,0.1,5,K_meta
reptile,copiapo,123,17,0.8695652173913043,0.97,5,0.1,5,K_meta
reptile,copiapo,123,18,0.7368421052631579,0.8799999999999999,5,0.1,5,K_meta
reptile,copiapo,123,19,0.8,0.91,5,0.1,5,K_meta
reptile,copiapo,123,20,0.7368421052631579,0.9100000000000001,5,0.1,5,K_meta
reptile,copiapo,123,21,0.8,0.9099999999999999,5,0.1,5,K_meta
reptile,copiapo,123,22,0.9473684210526315,0.99,5,0.1,5,K_meta
reptile,copiapo,123,23,0.7619047619047619,0.8300000000000001,5,0.1,5,K_meta
reptile,copiapo,123,24,0.8571428571428571,0.96,5,0.1,5,K_meta
reptile,copiapo,123,25,0.7,0.9,5,0.1,5,K_meta
reptile,copiapo,123,26,0.6666666666666666,0.9099999999999999,5,0.1,5,K_meta
reptile,copiapo,123,27,0.782608695652174,0.86,5,0.1,5,K_meta
reptile,copiapo,123,28,0.75,0.99,5,0.1,5,K_meta
reptile,copiapo,123,29,0.8695652173913043,0.9400000000000001,5,0.1,5,K_meta
reptile,huasco,123,0,0.7,0.77,5,0.1,5,K_meta
reptile,huasco,123,1,0.9,0.94,5,0.1,5,K_meta
reptile,huasco,123,2,0.9090909090909091,0.93,5,0.1,5,K_meta
reptile,huasco,123,3,0.8571428571428571,0.845,5,0.1,5,K_meta
reptile,huasco,123,4,0.75,0.9299999999999999,5,0.1,5,K_meta
reptile,huasco,123,5,0.8888888888888888,0.9600000000000001,5,0.1,5,K_meta
reptile,huasco,123,6,0.9523809523809523,0.9900000000000001,5,0.1,5,K_meta
reptile,huasco,123,7,1.0,1.0,5,0.1,5,K_meta
reptile,huasco,123,8,0.8421052631578947,0.91,5,0.1,5,K_meta
reptile,huasco,123,9,0.9,0.9800000000000001,5,0.1,5,K_meta
reptile,huasco,123,10,0.7777777777777778,0.9400000000000001,5,0.1,5,K_meta
reptile,huasco,123,11,0.9523809523809523,0.98,5,0.1,5,K_meta
reptile,huasco,123,12,0.8888888888888888,0.95,5,0.1,5,K_meta
reptile,huasco,123,13,0.9,0.9600000000000001,5,0.1,5,K_meta
reptile,huasco,123,14,0.8235294117647058,1.0,5,0.1,5,K_meta
reptile,huasco,123,15,0.9,0.96,5,0.1,5,K_meta
reptile,huasco,123,16,0.9,0.9400000000000001,5,0.1,5,K_meta
reptile,huasco,123,17,0.8421052631578947,0.96,5,0.1,5,K_meta
reptile,huasco,123,18,0.9523809523809523,0.98,5,0.1,5,K_meta
reptile,huasco,123,19,0.7619047619047619,0.865,5,0.1,5,K_meta
reptile,huasco,123,20,0.9523809523809523,0.95,5,0.1,5,K_meta
reptile,huasco,123,21,0.9473684210526315,1.0,5,0.1,5,K_meta
reptile,huasco,123,22,0.8695652173913043,0.93,5,0.1,5,K_meta
reptile,huasco,123,23,0.6956521739130435,0.67,5,0.1,5,K_meta
reptile,huasco,123,24,0.8571428571428571,0.89,5,0.1,5,K_meta
reptile,huasco,123,25,0.9090909090909091,0.9500000000000001,5,0.1,5,K_meta
reptile,huasco,123,26,0.625,0.8799999999999999,5,0.1,5,K_meta
reptile,huasco,123,27,1.0,1.0,5,0.1,5,K_meta
reptile,huasco,123,28,0.64,0.5750000000000001,5,0.1,5,K_meta
reptile,huasco,123,29,0.5263157894736842,0.8,5,0.1,5,K_meta
reptile,elqui,123,0,0.7368421052631579,0.8500000000000001,5,0.1,5,K_meta
reptile,elqui,123,1,0.6666666666666666,0.5,5,0.1,5,K_meta
reptile,elqui,123,2,0.8,0.96,5,0.1,5,K_meta
reptile,elqui,123,3,0.8,0.86,5,0.1,5,K_meta
reptile,elqui,123,4,0.8235294117647058,0.98,5,0.1,5,K_meta
reptile,elqui,123,5,0.9523809523809523,0.91,5,0.1,5,K_meta
reptile,elqui,123,6,0.9523809523809523,0.9600000000000001,5,0.1,5,K_meta
reptile,elqui,123,7,0.6956521739130435,0.73,5,0.1,5,K_meta
reptile,elqui,123,8,0.8695652173913043,0.85,5,0.1,5,K_meta
reptile,elqui,123,9,0.47058823529411764,0.78,5,0.1,5,K_meta
reptile,elqui,123,10,0.7777777777777778,0.93,5,0.1,5,K_meta
reptile,elqui,123,11,0.8421052631578947,0.91,5,0.1,5,K_meta
reptile,elqui,123,12,0.7692307692307693,0.76,5,0.1,5,K_meta
reptile,elqui,123,13,0.6666666666666666,0.96,5,0.1,5,K_meta
reptile,elqui,123,14,0.6153846153846154,0.72,5,0.1,5,K_meta
reptile,elqui,123,15,0.8571428571428571,0.9099999999999999,5,0.1,5,K_meta
reptile,elqui,123,16,0.631578947368421,0.76,5,0.1,5,K_meta
reptile,elqui,123,17,0.7,0.79,5,0.1,5,K_meta
reptile,elqui,123,18,0.8181818181818182,0.9400000000000001,5,0.1,5,K_meta
reptile,elqui,123,19,0.8,0.8999999999999999,5,0.1,5,K_meta
reptile,elqui,123,20,0.9,0.9,5,0.1,5,K_meta
reptile,elqui,123,21,0.8695652173913043,0.9100000000000001,5,0.1,5,K_meta
reptile,elqui,123,22,0.75,0.88,5,0.1,5,K_meta
reptile,elqui,123,23,0.8181818181818182,0.85,5,0.1,5,K_meta
reptile,elqui,123,24,0.8181818181818182,0.91,5,0.1,5,K_meta
reptile,elqui,123,25,0.8571428571428571,0.9600000000000001,5,0.1,5,K_meta
reptile,elqui,123,26,0.8695652173913043,0.97,5,0.1,5,K_meta
reptile,elqui,123,27,0.8421052631578947,0.91,5,0.1,5,K_meta
reptile,elqui,123,28,0.7619047619047619,0.75,5,0.1,5,K_meta
reptile,elqui,123,29,0.7,0.78,5,0.1,5,K_meta
reptile,limari,123,0,0.3076923076923077,0.73,5,0.1,5,K_meta
reptile,limari,123,1,0.782608695652174,0.8099999999999999,5,0.1,5,K_meta
reptile,limari,123,2,0.625,0.7999999999999999,5,0.1,5,K_meta
reptile,limari,123,3,0.6666666666666666,0.7000000000000001,5,0.1,5,K_meta
reptile,limari,123,4,0.42105263157894735,0.56,5,0.1,5,K_meta
reptile,limari,123,5,0.6363636363636364,0.53,5,0.1,5,K_meta
reptile,limari,123,6,0.5333333333333333,0.56,5,0.1,5,K_meta
reptile,limari,123,7,0.631578947368421,0.75,5,0.1,5,K_meta
reptile,limari,123,8,0.7,0.69,5,0.1,5,K_meta
reptile,limari,123,9,0.6666666666666666,0.89,5,0.1,5,K_meta
reptile,limari,123,10,0.7619047619047619,0.8400000000000001,5,0.1,5,K_meta
reptile,limari,123,11,0.6666666666666666,0.66,5,0.1,5,K_meta
reptile,limari,123,12,0.6,0.48999999999999994,5,0.1,5,K_meta
reptile,limari,123,13,0.6666666666666666,0.77,5,0.1,5,K_meta
reptile,limari,123,14,0.7058823529411765,0.82,5,0.1,5,K_meta
reptile,limari,123,15,0.6,0.5499999999999999,5,0.1,5,K_meta
reptile,limari,123,16,0.631578947368421,0.82,5,0.1,5,K_meta
reptile,limari,123,17,0.47619047619047616,0.37,5,0.1,5,K_meta
reptile,limari,123,18,0.7,0.72,5,0.1,5,K_meta
reptile,limari,123,19,0.7619047619047619,0.86,5,0.1,5,K_meta
reptile,limari,123,20,0.75,0.73,5,0.1,5,K_meta
reptile,limari,123,21,0.9,0.8300000000000001,5,0.1,5,K_meta
reptile,limari,123,22,0.782608695652174,0.79,5,0.1,5,K_meta
reptile,limari,123,23,0.6666666666666666,0.64,5,0.1,5,K_meta
reptile,limari,123,24,0.47058823529411764,0.66,5,0.1,5,K_meta
reptile,limari,123,25,0.42105263157894735,0.56,5,0.1,5,K_meta
reptile,limari,123,26,0.6956521739130435,0.6799999999999999,5,0.1,5,K_meta
reptile,limari,123,27,0.8571428571428571,0.88,5,0.1,5,K_meta
reptile,limari,123,28,0.42857142857142855,0.83,5,0.1,5,K_meta
reptile,limari,123,29,0.6666666666666666,0.74,5,0.1,5,K_meta
reptile,copiapo,7,0,0.8421052631578947,0.9,5,0.1,5,K_meta
reptile,copiapo,7,1,0.8,0.92,5,0.1,5,K_meta
reptile,copiapo,7,2,0.9090909090909091,0.99,5,0.1,5,K_meta
reptile,copiapo,7,3,0.8235294117647058,0.98,5,0.1,5,K_meta
reptile,copiapo,7,4,0.5263157894736842,0.5299999999999999,5,0.1,5,K_meta
reptile,copiapo,7,5,0.7368421052631579,0.8899999999999999,5,0.1,5,K_meta
reptile,copiapo,7,6,0.625,0.72,5,0.1,5,K_meta
reptile,copiapo,7,7,0.8,0.86,5,0.1,5,K_meta
reptile,copiapo,7,8,0.5333333333333333,0.9099999999999999,5,0.1,5,K_meta
reptile,copiapo,7,9,0.8888888888888888,0.97,5,0.1,5,K_meta
reptile,copiapo,7,10,0.75,0.8099999999999999,5,0.1,5,K_meta
reptile,copiapo,7,11,0.6666666666666666,0.96,5,0.1,5,K_meta
reptile,copiapo,7,12,0.7058823529411765,0.92,5,0.1,5,K_meta
reptile,copiapo,7,13,0.8571428571428571,0.81,5,0.1,5,K_meta
reptile,copiapo,7,14,0.8181818181818182,0.88,5,0.1,5,K_meta
reptile,copiapo,7,15,0.6666666666666666,0.79,5,0.1,5,K_meta
reptile,copiapo,7,16,0.8571428571428571,0.96,5,0.1,5,K_meta
reptile,copiapo,7,17,0.7368421052631579,0.9099999999999999,5,0.1,5,K_meta
reptile,copiapo,7,18,0.6666666666666666,0.96,5,0.1,5,K_meta
reptile,copiapo,7,19,0.8571428571428571,0.9500000000000001,5,0.1,5,K_meta
reptile,copiapo,7,20,0.6666666666666666,0.8,5,0.1,5,K_meta
reptile,copiapo,7,21,0.9090909090909091,0.9300000000000002,5,0.1,5,K_meta
reptile,copiapo,7,22,0.8695652173913043,0.9600000000000001,5,0.1,5,K_meta
reptile,copiapo,7,23,0.8,0.795,5,0.1,5,K_meta
reptile,copiapo,7,24,0.782608695652174,0.88,5,0.1,5,K_meta
reptile,copiapo,7,25,0.8181818181818182,0.89,5,0.1,5,K_meta
reptile,copiapo,7,26,0.7619047619047619,0.815,5,0.1,5,K_meta
reptile,copiapo,7,27,1.0,1.0,5,0.1,5,K_meta
reptile,copiapo,7,28,0.625,0.88,5,0.1,5,K_meta
reptile,copiapo,7,29,0.7,0.8300000000000001,5,0.1,5,K_meta
reptile,huasco,7,0,0.8,0.665,5,0.1,5,K_meta
reptile,huasco,7,1,0.8181818181818182,0.88,5,0.1,5,K_meta
reptile,huasco,7,2,0.7368421052631579,0.8500000000000001,5,0.1,5,K_meta
reptile,huasco,7,3,0.8,0.9600000000000001,5,0.1,5,K_meta
reptile,huasco,7,4,0.7692307692307693,0.73,5,0.1,5,K_meta
reptile,huasco,7,5,0.7058823529411765,0.9099999999999999,5,0.1,5,K_meta
reptile,huasco,7,6,0.6666666666666666,0.77,5,0.1,5,K_meta
reptile,huasco,7,7,0.9523809523809523,0.9600000000000001,5,0.1,5,K_meta
reptile,huasco,7,8,0.8,0.8699999999999999,5,0.1,5,K_meta
reptile,huasco,7,9,0.72,0.7,5,0.1,5,K_meta
reptile,huasco,7,10,0.8695652173913043,0.89,5,0.1,5,K_meta
reptile,huasco,7,11,0.9473684210526315,0.97,5,0.1,5,K_meta
reptile,huasco,7,12,0.6666666666666666,0.76,5,0.1,5,K_meta
reptile,huasco,7,13,0.8421052631578947,0.8900000000000001,5,0.1,5,K_meta
reptile,huasco,7,14,0.8235294117647058,0.8900000000000001,5,0.1,5,K_meta
reptile,huasco,7,15,0.8695652173913043,0.9400000000000001,5,0.1,5,K_meta
reptile,huasco,7,16,0.7058823529411765,0.9400000000000001,5,0.1,5,K_meta
reptile,huasco,7,17,0.6666666666666666,0.8499999999999999,5,0.1,5,K_meta
reptile,huasco,7,18,0.8888888888888888,0.98,5,0.1,5,K_meta
reptile,huasco,7,19,0.8,0.86,5,0.1,5,K_meta
reptile,huasco,7,20,0.7619047619047619,0.8799999999999999,5,0.1,5,K_meta
reptile,huasco,7,21,0.7619047619047619,0.7949999999999999,5,0.1,5,K_meta
reptile,huasco,7,22,0.8,0.8500000000000001,5,0.1,5,K_meta
reptile,huasco,7,23,0.8695652173913043,0.81,5,0.1,5,K_meta
reptile,huasco,7,24,0.8421052631578947,0.9499999999999998,5,0.1,5,K_meta
reptile,huasco,7,25,0.9090909090909091,0.9,5,0.1,5,K_meta
reptile,huasco,7,26,0.6,0.7,5,0.1,5,K_meta
reptile,huasco,7,27,0.8695652173913043,0.8800000000000001,5,0.1,5,K_meta
reptile,huasco,7,28,0.8421052631578947,0.93,5,0.1,5,K_meta
reptile,huasco,7,29,0.9473684210526315,0.99,5,0.1,5,K_meta
reptile,elqui,7,0,0.5882352941176471,0.7100000000000001,5,0.1,5,K_meta
reptile,elqui,7,1,0.7692307692307693,0.65,5,0.1,5,K_meta
reptile,elqui,7,2,0.8,0.92,5,0.1,5,K_meta
reptile,elqui,7,3,0.8333333333333334,0.8400000000000001,5,0.1,5,K_meta
reptile,elqui,7,4,0.7619047619047619,0.85,5,0.1,5,K_meta
reptile,elqui,7,5,0.75,0.92,5,0.1,5,K_meta
reptile,elqui,7,6,0.7777777777777778,0.89,5,0.1,5,K_meta
reptile,elqui,7,7,0.782608695652174,0.76,5,0.1,5,K_meta
reptile,elqui,7,8,0.75,0.83,5,0.1,5,K_meta
reptile,elqui,7,9,0.8571428571428571,0.8900000000000001,5,0.1,5,K_meta
reptile,elqui,7,10,0.8235294117647058,0.8200000000000001,5,0.1,5,K_meta
reptile,elqui,7,11,0.8888888888888888,0.9300000000000002,5,0.1,5,K_meta
reptile,elqui,7,12,0.8695652173913043,0.92,5,0.1,5,K_meta
reptile,elqui,7,13,0.8333333333333334,0.78,5,0.1,5,K_meta
reptile,elqui,7,14,0.7368421052631579,0.82,5,0.1,5,K_meta
reptile,elqui,7,15,0.8888888888888888,0.97,5,0.1,5,K_meta
reptile,elqui,7,16,0.7368421052631579,0.8300000000000001,5,0.1,5,K_meta
reptile,elqui,7,17,0.9,0.97,5,0.1,5,K_meta
reptile,elqui,7,18,0.8181818181818182,0.85,5,0.1,5,K_meta
reptile,elqui,7,19,0.6666666666666666,0.87,5,0.1,5,K_meta
reptile,elqui,7,20,0.782608695652174,0.88,5,0.1,5,K_meta
reptile,elqui,7,21,0.8421052631578947,0.89,5,0.1,5,K_meta
reptile,elqui,7,22,0.9090909090909091,0.99,5,0.1,5,K_meta
reptile,elqui,7,23,0.9,0.93,5,0.1,5,K_meta
reptile,elqui,7,24,0.75,0.7000000000000001,5,0.1,5,K_meta
reptile,elqui,7,25,0.9090909090909091,0.98,5,0.1,5,K_meta
reptile,elqui,7,26,0.5333333333333333,0.77,5,0.1,5,K_meta
reptile,elqui,7,27,0.6086956521739131,0.6599999999999999,5,0.1,5,K_meta
reptile,elqui,7,28,0.8181818181818182,0.8200000000000001,5,0.1,5,K_meta
reptile,elqui,7,29,0.8571428571428571,0.98,5,0.1,5,K_meta
reptile,limari,7,0,0.6,0.5700000000000001,5,0.1,5,K_meta
reptile,limari,7,1,0.6666666666666666,0.76,5,0.1,5,K_meta
reptile,limari,7,2,0.6956521739130435,0.61,5,0.1,5,K_meta
reptile,limari,7,3,0.7777777777777778,0.8600000000000001,5,0.1,5,K_meta
reptile,limari,7,4,0.631578947368421,0.65,5,0.1,5,K_meta
reptile,limari,7,5,0.8,0.7300000000000001,5,0.1,5,K_meta
reptile,limari,7,6,0.8181818181818182,0.79,5,0.1,5,K_meta
reptile,limari,7,7,0.6,0.64,5,0.1,5,K_meta
reptile,limari,7,8,0.6363636363636364,0.73,5,0.1,5,K_meta
reptile,limari,7,9,0.5454545454545454,0.46,5,0.1,5,K_meta
reptile,limari,7,10,0.5555555555555556,0.71,5,0.1,5,K_meta
reptile,limari,7,11,0.6956521739130435,0.5700000000000001,5,0.1,5,K_meta
reptile,limari,7,12,0.8,0.88,5,0.1,5,K_meta
reptile,limari,7,13,0.4,0.7999999999999999,5,0.1,5,K_meta
reptile,limari,7,14,0.8,0.8799999999999999,5,0.1,5,K_meta
reptile,limari,7,15,0.43478260869565216,0.25,5,0.1,5,K_meta
reptile,limari,7,16,0.7368421052631579,0.7899999999999999,5,0.1,5,K_meta
reptile,limari,7,17,0.6666666666666666,0.89,5,0.1,5,K_meta
reptile,limari,7,18,0.631578947368421,0.76,5,0.1,5,K_meta
reptile,limari,7,19,0.64,0.48000000000000004,5,0.1,5,K_meta
reptile,limari,7,20,0.42857142857142855,0.72,5,0.1,5,K_meta
reptile,limari,7,21,0.6,0.73,5,0.1,5,K_meta
reptile,limari,7,22,0.47058823529411764,0.72,5,0.1,5,K_meta
reptile,limari,7,23,0.8181818181818182,0.79,5,0.1,5,K_meta
reptile,limari,7,24,0.6666666666666666,0.78,5,0.1,5,K_meta
reptile,limari,7,25,0.5714285714285714,0.56,5,0.1,5,K_meta
reptile,limari,7,26,0.7,0.73,5,0.1,5,K_meta
reptile,limari,7,27,0.6086956521739131,0.39,5,0.1,5,K_meta
reptile,limari,7,28,0.47619047619047616,0.6000000000000001,5,0.1,5,K_meta
reptile,limari,7,29,0.7272727272727273,0.7699999999999999,5,0.1,5,K_meta
fomaml,copiapo,42,0,0.8235294117647058,1.0,5,0.1,5,K_meta
fomaml,copiapo,42,1,0.7777777777777778,0.9299999999999999,5,0.1,5,K_meta
fomaml,copiapo,42,2,0.7692307692307693,0.94,5,0.1,5,K_meta
fomaml,copiapo,42,3,0.8333333333333334,0.93,5,0.1,5,K_meta
fomaml,copiapo,42,4,0.7777777777777778,0.84,5,0.1,5,K_meta
fomaml,copiapo,42,5,0.6956521739130435,0.76,5,0.1,5,K_meta
fomaml,copiapo,42,6,0.8,0.7399999999999999,5,0.1,5,K_meta
fomaml,copiapo,42,7,0.8695652173913043,0.9199999999999999,5,0.1,5,K_meta
fomaml,copiapo,42,8,0.9,0.98,5,0.1,5,K_meta
fomaml,copiapo,42,9,0.8421052631578947,0.9800000000000001,5,0.1,5,K_meta
fomaml,copiapo,42,10,0.8571428571428571,0.96,5,0.1,5,K_meta
fomaml,copiapo,42,11,0.8181818181818182,0.93,5,0.1,5,K_meta
fomaml,copiapo,42,12,0.8333333333333334,0.9,5,0.1,5,K_meta
fomaml,copiapo,42,13,0.7368421052631579,0.845,5,0.1,5,K_meta
fomaml,copiapo,42,14,0.4444444444444444,0.6799999999999999,5,0.1,5,K_meta
fomaml,copiapo,42,15,0.8333333333333334,0.9199999999999999,5,0.1,5,K_meta
fomaml,copiapo,42,16,0.8421052631578947,0.98,5,0.1,5,K_meta
fomaml,copiapo,42,17,0.9090909090909091,0.98,5,0.1,5,K_meta
fomaml,copiapo,42,18,0.8888888888888888,0.93,5,0.1,5,K_meta
fomaml,copiapo,42,19,0.7368421052631579,0.94,5,0.1,5,K_meta
fomaml,copiapo,42,20,0.8571428571428571,0.9800000000000001,5,0.1,5,K_meta
fomaml,copiapo,42,21,0.9523809523809523,1.0,5,0.1,5,K_meta
fomaml,copiapo,42,22,0.8333333333333334,0.85,5,0.1,5,K_meta
fomaml,copiapo,42,23,0.7777777777777778,0.77,5,0.1,5,K_meta
fomaml,copiapo,42,24,0.9473684210526315,1.0,5,0.1,5,K_meta
fomaml,copiapo,42,25,0.8421052631578947,0.9500000000000002,5,0.1,5,K_meta
fomaml,copiapo,42,26,0.8421052631578947,0.97,5,0.1,5,K_meta
fomaml,copiapo,42,27,0.8571428571428571,0.94,5,0.1,5,K_meta
fomaml,copiapo,42,28,0.9,0.9,5,0.1,5,K_meta
fomaml,copiapo,42,29,0.8421052631578947,0.96,5,0.1,5,K_meta
fomaml,huasco,42,0,0.75,0.9,5,0.1,5,K_meta
fomaml,huasco,42,1,0.75,0.9800000000000001,5,0.1,5,K_meta
fomaml,huasco,42,2,0.9090909090909091,0.98,5,0.1,5,K_meta
fomaml,huasco,42,3,0.9,0.9599999999999999,5,0.1,5,K_meta
fomaml,huasco,42,4,0.7368421052631579,0.9099999999999999,5,0.1,5,K_meta
fomaml,huasco,42,5,0.7368421052631579,0.86,5,0.1,5,K_meta
fomaml,huasco,42,6,0.9090909090909091,0.98,5,0.1,5,K_meta
fomaml,huasco,42,7,0.631578947368421,0.78,5,0.1,5,K_meta
fomaml,huasco,42,8,0.7777777777777778,0.97,5,0.1,5,K_meta
fomaml,huasco,42,9,0.9473684210526315,0.9900000000000001,5,0.1,5,K_meta
fomaml,huasco,42,10,0.6666666666666666,0.84,5,0.1,5,K_meta
fomaml,huasco,42,11,0.8695652173913043,1.0,5,0.1,5,K_meta
fomaml,huasco,42,12,0.7619047619047619,0.8700000000000001,5,0.1,5,K_meta
fomaml,huasco,42,13,0.8888888888888888,1.0,5,0.1,5,K_meta
fomaml,huasco,42,14,0.8695652173913043,0.7899999999999999,5,0.1,5,K_meta
fomaml,huasco,42,15,0.7,0.81,5,0.1,5,K_meta
fomaml,huasco,42,16,0.6666666666666666,0.8,5,0.1,5,K_meta
fomaml,huasco,42,17,0.9523809523809523,0.98,5,0.1,5,K_meta
fomaml,huasco,42,18,0.8333333333333334,0.85,5,0.1,5,K_meta
fomaml,huasco,42,19,0.9523809523809523,0.97,5,0.1,5,K_meta
fomaml,huasco,42,20,0.8888888888888888,0.9800000000000001,5,0.1,5,K_meta
fomaml,huasco,42,21,0.8235294117647058,0.93,5,0.1,5,K_meta
fomaml,huasco,42,22,0.7619047619047619,0.8049999999999999,5,0.1,5,K_meta
fomaml,huasco,42,23,0.9090909090909091,0.8200000000000001,5,0.1,5,K_meta
fomaml,huasco,42,24,0.8235294117647058,0.9500000000000002,5,0.1,5,K_meta
fomaml,huasco,42,25,0.8888888888888888,0.95,5,0.1,5,K_meta
fomaml,huasco,42,26,0.8333333333333334,0.9200000000000002,5,0.1,5,K_meta
fomaml,huasco,42,27,0.9523809523809523,0.9999999999999999,5,0.1,5,K_meta
fomaml,huasco,42,28,0.8695652173913043,0.8799999999999999,5,0.1,5,K_meta
fomaml,huasco,42,29,0.9473684210526315,0.97,5,0.1,5,K_meta
fomaml,elqui,42,0,0.4444444444444444,0.6,5,0.1,5,K_meta
fomaml,elqui,42,1,0.7058823529411765,0.89,5,0.1,5,K_meta
fomaml,elqui,42,2,0.7368421052631579,0.865,5,0.1,5,K_meta
fomaml,elqui,42,3,0.7,0.7799999999999999,5,0.1,5,K_meta
fomaml,elqui,42,4,0.9473684210526315,0.97,5,0.1,5,K_meta
fomaml,elqui,42,5,0.782608695652174,0.8300000000000001,5,0.1,5,K_meta
fomaml,elqui,42,6,0.6666666666666666,0.675,5,0.1,5,K_meta
fomaml,elqui,42,7,0.8,0.87,5,0.1,5,K_meta
fomaml,elqui,42,8,0.7272727272727273,0.78,5,0.1,5,K_meta
fomaml,elqui,42,9,0.8235294117647058,0.8,5,0.1,5,K_meta
fomaml,elqui,42,10,0.7,0.8300000000000001,5,0.1,5,K_meta
fomaml,elqui,42,11,0.6666666666666666,0.77,5,0.1,5,K_meta
fomaml,elqui,42,12,0.7619047619047619,0.8400000000000001,5,0.1,5,K_meta
fomaml,elqui,42,13,0.8235294117647058,0.97,5,0.1,5,K_meta
fomaml,elqui,42,14,0.8181818181818182,0.95,5,0.1,5,K_meta
fomaml,elqui,42,15,0.7272727272727273,0.8699999999999999,5,0.1,5,K_meta
fomaml,elqui,42,16,0.8,0.9099999999999999,5,0.1,5,K_meta
fomaml,elqui,42,17,0.7619047619047619,0.75,5,0.1,5,K_meta
fomaml,elqui,42,18,0.8235294117647058,0.88,5,0.1,5,K_meta
fomaml,elqui,42,19,0.6956521739130435,0.81,5,0.1,5,K_meta
fomaml,elqui,42,20,0.8235294117647058,0.9,5,0.1,5,K_meta
fomaml,elqui,42,21,0.7272727272727273,0.83,5,0.1,5,K_meta
fomaml,elqui,42,22,0.625,0.86,5,0.1,5,K_meta
fomaml,elqui,42,23,0.7272727272727273,0.755,5,0.1,5,K_meta
fomaml,elqui,42,24,0.7058823529411765,0.8500000000000001,5,0.1,5,K_meta
fomaml,elqui,42,25,0.9,0.99,5,0.1,5,K_meta
fomaml,elqui,42,26,0.9523809523809523,0.97,5,0.1,5,K_meta
fomaml,elqui,42,27,0.631578947368421,0.7699999999999999,5,0.1,5,K_meta
fomaml,elqui,42,28,0.8571428571428571,0.8700000000000001,5,0.1,5,K_meta
fomaml,elqui,42,29,0.8181818181818182,0.86,5,0.1,5,K_meta
fomaml,limari,42,0,0.8421052631578947,0.88,5,0.1,5,K_meta
fomaml,limari,42,1,0.5454545454545454,0.52,5,0.1,5,K_meta
fomaml,limari,42,2,0.5,0.6699999999999999,5,0.1,5,K_meta
fomaml,limari,42,3,0.38095238095238093,0.4,5,0.1,5,K_meta
fomaml,limari,42,4,0.6666666666666666,0.74,5,0.1,5,K_meta
fomaml,limari,42,5,0.47058823529411764,0.6,5,0.1,5,K_meta
fomaml,limari,42,6,0.7619047619047619,0.78,5,0.1,5,K_meta
fomaml,limari,42,7,0.7777777777777778,0.95,5,0.1,5,K_meta
fomaml,limari,42,8,0.6086956521739131,0.54,5,0.1,5,K_meta
fomaml,limari,42,9,0.5714285714285714,0.48999999999999994,5,0.1,5,K_meta
fomaml,limari,42,10,0.375,0.6799999999999999,5,0.1,5,K_meta
fomaml,limari,42,11,0.9090909090909091,0.86,5,0.1,5,K_meta
fomaml,limari,42,12,0.7,0.81,5,0.1,5,K_meta
fomaml,limari,42,13,0.782608695652174,0.82,5,0.1,5,K_meta
fomaml,limari,42,14,0.7368421052631579,0.88,5,0.1,5,K_meta
fomaml,limari,42,15,0.8571428571428571,0.85,5,0.1,5,K_meta
fomaml,limari,42,16,0.5555555555555556,0.65,5,0.1,5,K_meta
fomaml,limari,42,17,0.4,0.71,5,0.1,5,K_meta
fomaml,limari,42,18,0.47619047619047616,0.47000000000000003,5,0.1,5,K_meta
fomaml,limari,42,19,0.9090909090909091,0.8300000000000001,5,0.1,5,K_meta
fomaml,limari,42,20,0.7368421052631579,0.73,5,0.1,5,K_meta
fomaml,limari,42,21,0.631578947368421,0.8300000000000001,5,0.1,5,K_meta
fomaml,limari,42,22,0.35294117647058826,0.65,5,0.1,5,K_meta
fomaml,limari,42,23,0.35294117647058826,0.5700000000000001,5,0.1,5,K_meta
fomaml,limari,42,24,0.8571428571428571,0.86,5,0.1,5,K_meta
fomaml,limari,42,25,0.47058823529411764,0.71,5,0.1,5,K_meta
fomaml,limari,42,26,0.782608695652174,0.92,5,0.1,5,K_meta
fomaml,limari,42,27,0.6666666666666666,0.43,5,0.1,5,K_meta
fomaml,limari,42,28,0.6956521739130435,0.5900000000000001,5,0.1,5,K_meta
fomaml,limari,42,29,0.7,0.7999999999999999,5,0.1,5,K_meta
fomaml,copiapo,123,0,0.7058823529411765,0.9299999999999999,5,0.1,5,K_meta
fomaml,copiapo,123,1,0.782608695652174,0.8099999999999999,5,0.1,5,K_meta
fomaml,copiapo,123,2,0.9473684210526315,1.0,5,0.1,5,K_meta
fomaml,copiapo,123,3,0.9,0.97,5,0.1,5,K_meta
fomaml,copiapo,123,4,0.7777777777777778,0.9500000000000001,5,0.1,5,K_meta
fomaml,copiapo,123,5,0.5882352941176471,0.76,5,0.1,5,K_meta
fomaml,copiapo,123,6,0.9523809523809523,0.9900000000000001,5,0.1,5,K_meta
fomaml,copiapo,123,7,0.6363636363636364,0.6799999999999999,5,0.1,5,K_meta
fomaml,copiapo,123,8,0.7777777777777778,0.87,5,0.1,5,K_meta
fomaml,copiapo,123,9,0.7058823529411765,0.9299999999999998,5,0.1,5,K_meta
fomaml,copiapo,123,10,0.7777777777777778,0.97,5,0.1,5,K_meta
fomaml,copiapo,123,11,0.8235294117647058,1.0,5,0.1,5,K_meta
fomaml,copiapo,123,12,0.7058823529411765,0.79,5,0.1,5,K_meta
fomaml,copiapo,123,13,0.8,0.86,5,0.1,5,K_meta
fomaml,copiapo,123,14,0.6666666666666666,0.8099999999999999,5,0.1,5,K_meta
fomaml,copiapo,123,15,0.9,0.93,5,0.1,5,K_meta
fomaml,copiapo,123,16,0.8695652173913043,0.9800000000000001,5,0.1,5,K_meta
fomaml,copiapo,123,17,0.8421052631578947,0.8900000000000001,5,0.1,5,K_meta
fomaml,copiapo,123,18,0.6666666666666666,0.8300000000000001,5,0.1,5,K_meta
fomaml,copiapo,123,19,0.9473684210526315,1.0,5,0.1,5,K_meta
fomaml,copiapo,123,20,0.5263157894736842,0.655,5,0.1,5,K_meta
fomaml,copiapo,123,21,0.9,0.98,5,0.1,5,K_meta
fomaml,copiapo,123,22,0.72,0.77,5,0.1,5,K_meta
fomaml,copiapo,123,23,0.47058823529411764,0.74,5,0.1,5,K_meta
fomaml,copiapo,123,24,0.9090909090909091,0.91,5,0.1,5,K_meta
fomaml,copiapo,123,25,0.8235294117647058,0.96,5,0.1,5,K_meta
fomaml,copiapo,123,26,0.7368421052631579,0.83,5,0.1,5,K_meta
fomaml,copiapo,123,27,0.8571428571428571,0.97,5,0.1,5,K_meta
fomaml,copiapo,123,28,0.782608695652174,0.92,5,0.1,5,K_meta
fomaml,copiapo,123,29,0.8235294117647058,0.89,5,0.1,5,K_meta
fomaml,huasco,123,0,0.9090909090909091,0.97,5,0.1,5,K_meta
fomaml,huasco,123,1,0.9473684210526315,1.0,5,0.1,5,K_meta
fomaml,huasco,123,2,0.8,0.93,5,0.1,5,K_meta
fomaml,huasco,123,3,0.8333333333333334,0.785,5,0.1,5,K_meta
fomaml,huasco,123,4,0.782608695652174,0.92,5,0.1,5,K_meta
fomaml,huasco,123,5,0.625,0.91,5,0.1,5,K_meta
fomaml,huasco,123,6,0.8421052631578947,0.9600000000000001,5,0.1,5,K_meta
fomaml,huasco,123,7,0.7692307692307693,0.855,5,0.1,5,K_meta
fomaml,huasco,123,8,0.9523809523809523,0.99,5,0.1,5,K_meta
fomaml,huasco,123,9,0.8421052631578947,0.8800000000000001,5,0.1,5,K_meta
fomaml,huasco,123,10,0.8571428571428571,0.98,5,0.1,5,K_meta
fomaml,huasco,123,11,0.8571428571428571,0.93,5,0.1,5,K_meta
fomaml,huasco,123,12,0.9,0.9800000000000001,5,0.1,5,K_meta
fomaml,huasco,123,13,0.7368421052631579,0.825,5,0.1,5,K_meta
fomaml,huasco,123,14,0.8695652173913043,0.8899999999999999,5,0.1,5,K_meta
fomaml,huasco,123,15,0.9473684210526315,0.99,5,0.1,5,K_meta
fomaml,huasco,123,16,0.9,0.99,5,0.1,5,K_meta
fomaml,huasco,123,17,0.9523809523809523,1.0,5,0.1,5,K_meta
fomaml,huasco,123,18,0.9090909090909091,0.91,5,0.1,5,K_meta
fomaml,huasco,123,19,0.7,0.84,5,0.1,5,K_meta
fomaml,huasco,123,20,0.625,0.86,5,0.1,5,K_meta
fomaml,huasco,123,21,0.8571428571428571,0.9000000000000001,5,0.1,5,K_meta
fomaml,huasco,123,22,0.625,0.8899999999999999,5,0.1,5,K_meta
fomaml,huasco,123,23,0.8333333333333334,0.98,5,0.1,5,K_meta
fomaml,huasco,123,24,1.0,1.0,5,0.1,5,K_meta
fomaml,huasco,123,25,0.8181818181818182,0.82,5,0.1,5,K_meta
fomaml,huasco,123,26,0.625,0.85,5,0.1,5,K_meta
fomaml,huasco,123,27,0.8695652173913043,0.91,5,0.1,5,K_meta
fomaml,huasco,123,28,0.9523809523809523,0.95,5,0.1,5,K_meta
fomaml,huasco,123,29,0.8235294117647058,1.0,5,0.1,5,K_meta
fomaml,elqui,123,0,0.6923076923076923,0.8200000000000001,5,0.1,5,K_meta
fomaml,elqui,123,1,0.4,0.72,5,0.1,5,K_meta
fomaml,elqui,123,2,0.5714285714285714,0.55,5,0.1,5,K_meta
fomaml,elqui,123,3,0.8695652173913043,0.87,5,0.1,5,K_meta
fomaml,elqui,123,4,0.7368421052631579,0.85,5,0.1,5,K_meta
fomaml,elqui,123,5,0.8421052631578947,0.9000000000000001,5,0.1,5,K_meta
fomaml,elqui,123,6,0.8,0.94,5,0.1,5,K_meta
fomaml,elqui,123,7,0.8421052631578947,0.8200000000000001,5,0.1,5,K_meta
fomaml,elqui,123,8,0.6666666666666666,0.7550000000000001,5,0.1,5,K_meta
fomaml,elqui,123,9,0.8571428571428571,0.88,5,0.1,5,K_meta
fomaml,elqui,123,10,0.8,0.8600000000000001,5,0.1,5,K_meta
fomaml,elqui,123,11,0.9473684210526315,1.0,5,0.1,5,K_meta
fomaml,elqui,123,12,0.7,0.78,5,0.1,5,K_meta
fomaml,elqui,123,13,0.9,0.91,5,0.1,5,K_meta
fomaml,elqui,123,14,0.8333333333333334,0.98,5,0.1,5,K_meta
fomaml,elqui,123,15,0.7058823529411765,0.77,5,0.1,5,K_meta
fomaml,elqui,123,16,0.9,0.8800000000000001,5,0.1,5,K_meta
fomaml,elqui,123,17,0.8888888888888888,1.0,5,0.1,5,K_meta
fomaml,elqui,123,18,0.7692307692307693,0.97,5,0.1,5,K_meta
fomaml,elqui,123,19,0.7058823529411765,0.75,5,0.1,5,K_meta
fomaml,elqui,123,20,0.8571428571428571,0.875,5,0.1,5,K_meta
fomaml,elqui,123,21,0.9,0.9500000000000001,5,0.1,5,K_meta
fomaml,elqui,123,22,0.9,0.9600000000000001,5,0.1,5,K_meta
fomaml,elqui,123,23,0.9,0.93,5,0.1,5,K_meta
fomaml,elqui,123,24,0.631578947368421,0.74,5,0.1,5,K_meta
fomaml,elqui,123,25,0.6666666666666666,0.7,5,0.1,5,K_meta
fomaml,elqui,123,26,0.7692307692307693,0.95,5,0.1,5,K_meta
fomaml,elqui,123,27,0.7619047619047619,0.72,5,0.1,5,K_meta
fomaml,elqui,123,28,0.46153846153846156,0.6900000000000001,5,0.1,5,K_meta
fomaml,elqui,123,29,0.7058823529411765,0.75,5,0.1,5,K_meta
fomaml,limari,123,0,0.47058823529411764,0.6599999999999999,5,0.1,5,K_meta
fomaml,limari,123,1,0.5882352941176471,0.73,5,0.1,5,K_meta
fomaml,limari,123,2,0.72,0.74,5,0.1,5,K_meta
fomaml,limari,123,3,0.5882352941176471,0.7999999999999999,5,0.1,5,K_meta
fomaml,limari,123,4,0.5555555555555556,0.71,5,0.1,5,K_meta
fomaml,limari,123,5,0.5,0.55,5,0.1,5,K_meta
fomaml,limari,123,6,0.7777777777777778,0.85,5,0.1,5,K_meta
fomaml,limari,123,7,0.5,0.76,5,0.1,5,K_meta
fomaml,limari,123,8,0.5833333333333334,0.4,5,0.1,5,K_meta
fomaml,limari,123,9,0.6666666666666666,0.74,5,0.1,5,K_meta
fomaml,limari,123,10,0.3333333333333333,0.9400000000000001,5,0.1,5,K_meta
fomaml,limari,123,11,0.5263157894736842,0.64,5,0.1,5,K_meta
fomaml,limari,123,12,0.631578947368421,0.6600000000000001,5,0.1,5,K_meta
fomaml,limari,123,13,0.7,0.76,5,0.1,5,K_meta
fomaml,limari,123,14,0.7058823529411765,0.84,5,0.1,5,K_meta
fomaml,limari,123,15,0.7619047619047619,0.77,5,0.1,5,K_meta
fomaml,limari,123,16,0.631578947368421,0.65,5,0.1,5,K_meta
fomaml,limari,123,17,0.9090909090909091,0.9,5,0.1,5,K_meta
fomaml,limari,123,18,0.7058823529411765,0.76,5,0.1,5,K_meta
fomaml,limari,123,19,0.8,0.86,5,0.1,5,K_meta
fomaml,limari,123,20,0.8333333333333334,0.6900000000000001,5,0.1,5,K_meta
fomaml,limari,123,21,0.7,0.9,5,0.1,5,K_meta
fomaml,limari,123,22,0.5,0.65,5,0.1,5,K_meta
fomaml,limari,123,23,0.6,0.72,5,0.1,5,K_meta
fomaml,limari,123,24,0.5555555555555556,0.65,5,0.1,5,K_meta
fomaml,limari,123,25,0.6153846153846154,0.43,5,0.1,5,K_meta
fomaml,limari,123,26,0.6666666666666666,0.62,5,0.1,5,K_meta
fomaml,limari,123,27,0.6666666666666666,0.73,5,0.1,5,K_meta
fomaml,limari,123,28,0.631578947368421,0.76,5,0.1,5,K_meta
fomaml,limari,123,29,0.4,0.51,5,0.1,5,K_meta
fomaml,copiapo,7,0,0.8695652173913043,0.97,5,0.1,5,K_meta
fomaml,copiapo,7,1,0.9090909090909091,0.9299999999999999,5,0.1,5,K_meta
fomaml,copiapo,7,2,0.9,0.95,5,0.1,5,K_meta
fomaml,copiapo,7,3,0.7619047619047619,0.91,5,0.1,5,K_meta
fomaml,copiapo,7,4,0.7368421052631579,0.86,5,0.1,5,K_meta
fomaml,copiapo,7,5,0.8695652173913043,0.89,5,0.1,5,K_meta
fomaml,copiapo,7,6,0.8,0.91,5,0.1,5,K_meta
fomaml,copiapo,7,7,0.6666666666666666,0.8800000000000001,5,0.1,5,K_meta
fomaml,copiapo,7,8,0.8,0.88,5,0.1,5,K_meta
fomaml,copiapo,7,9,0.9,0.9299999999999999,5,0.1,5,K_meta
fomaml,copiapo,7,10,0.782608695652174,0.93,5,0.1,5,K_meta
fomaml,copiapo,7,11,0.5263157894736842,0.675,5,0.1,5,K_meta
fomaml,copiapo,7,12,0.8571428571428571,0.98,5,0.1,5,K_meta
fomaml,copiapo,7,13,0.75,0.785,5,0.1,5,K_meta
fomaml,copiapo,7,14,0.8181818181818182,0.9199999999999999,5,0.1,5,K_meta
fomaml,copiapo,7,15,0.9523809523809523,0.9400000000000001,5,0.1,5,K_meta
fomaml,copiapo,7,16,0.9,0.9699999999999999,5,0.1,5,K_meta
fomaml,copiapo,7,17,0.8888888888888888,0.92,5,0.1,5,K_meta
fomaml,copiapo,7,18,0.7368421052631579,0.89,5,0.1,5,K_meta
fomaml,copiapo,7,19,0.8421052631578947,0.9400000000000001,5,0.1,5,K_meta
fomaml,copiapo,7,20,0.8,0.9099999999999999,5,0.1,5,K_meta
fomaml,copiapo,7,21,0.8888888888888888,0.95,5,0.1,5,K_meta
fomaml,copiapo,7,22,0.7058823529411765,0.84,5,0.1,5,K_meta
fomaml,copiapo,7,23,0.631578947368421,0.76,5,0.1,5,K_meta
fomaml,copiapo,7,24,0.8888888888888888,0.8800000000000001,5,0.1,5,K_meta
fomaml,copiapo,7,25,0.7619047619047619,0.9099999999999999,5,0.1,5,K_meta
fomaml,copiapo,7,26,0.9090909090909091,1.0,5,0.1,5,K_meta
fomaml,copiapo,7,27,0.75,0.8500000000000001,5,0.1,5,K_meta
fomaml,copiapo,7,28,0.6666666666666666,0.9,5,0.1,5,K_meta
fomaml,copiapo,7,29,0.6666666666666666,0.8500000000000001,5,0.1,5,K_meta
fomaml,huasco,7,0,1.0,1.0,5,0.1,5,K_meta
fomaml,huasco,7,1,0.6666666666666666,0.89,5,0.1,5,K_meta
fomaml,huasco,7,2,0.8421052631578947,0.92,5,0.1,5,K_meta
fomaml,huasco,7,3,0.8888888888888888,1.0,5,0.1,5,K_meta
fomaml,huasco,7,4,0.8,0.86,5,0.1,5,K_meta
fomaml,huasco,7,5,1.0,1.0,5,0.1,5,K_meta
fomaml,huasco,7,6,0.8571428571428571,0.9400000000000001,5,0.1,5,K_meta
fomaml,huasco,7,7,0.7058823529411765,0.92,5,0.1,5,K_meta
fomaml,huasco,7,8,0.8333333333333334,0.8500000000000001,5,0.1,5,K_meta
fomaml,huasco,7,9,0.8695652173913043,0.895,5,0.1,5,K_meta
fomaml,huasco,7,10,0.8571428571428571,0.96,5,0.1,5,K_meta
fomaml,huasco,7,11,0.72,0.81,5,0.1,5,K_meta
fomaml,huasco,7,12,0.8695652173913043,0.77,5,0.1,5,K_meta
fomaml,huasco,7,13,0.7619047619047619,0.8250000000000001,5,0.1,5,K_meta
fomaml,huasco,7,14,1.0,1.0,5,0.1,5,K_meta
fomaml,huasco,7,15,0.8181818181818182,0.825,5,0.1,5,K_meta
fomaml,huasco,7,16,0.9090909090909091,0.9100000000000001,5,0.1,5,K_meta
fomaml,huasco,7,17,0.6666666666666666,0.67,5,0.1,5,K_meta
fomaml,huasco,7,18,0.8571428571428571,0.91,5,0.1,5,K_meta
fomaml,huasco,7,19,1.0,1.0,5,0.1,5,K_meta
fomaml,huasco,7,20,0.7272727272727273,0.84,5,0.1,5,K_meta
fomaml,huasco,7,21,0.9473684210526315,0.99,5,0.1,5,K_meta
fomaml,huasco,7,22,0.7272727272727273,0.87,5,0.1,5,K_meta
fomaml,huasco,7,23,0.7368421052631579,0.87,5,0.1,5,K_meta
fomaml,huasco,7,24,0.9523809523809523,0.93,5,0.1,5,K_meta
fomaml,huasco,7,25,0.75,0.77,5,0.1,5,K_meta
fomaml,huasco,7,26,0.8421052631578947,0.98,5,0.1,5,K_meta
fomaml,huasco,7,27,0.6,0.72,5,0.1,5,K_meta
fomaml,huasco,7,28,1.0,1.0,5,0.1,5,K_meta
fomaml,huasco,7,29,0.8,0.9299999999999999,5,0.1,5,K_meta
fomaml,elqui,7,0,0.7272727272727273,0.59,5,0.1,5,K_meta
fomaml,elqui,7,1,0.9,0.9500000000000001,5,0.1,5,K_meta
fomaml,elqui,7,2,0.782608695652174,0.6699999999999999,5,0.1,5,K_meta
fomaml,elqui,7,3,0.7,0.85,5,0.1,5,K_meta
fomaml,elqui,7,4,0.8695652173913043,0.8699999999999999,5,0.1,5,K_meta
fomaml,elqui,7,5,0.631578947368421,0.6799999999999999,5,0.1,5,K_meta
fomaml,elqui,7,6,0.625,0.9199999999999999,5,0.1,5,K_meta
fomaml,elqui,7,7,0.782608695652174,0.9500000000000001,5,0.1,5,K_meta
fomaml,elqui,7,8,0.6,0.6399999999999999,5,0.1,5,K_meta
fomaml,elqui,7,9,0.7272727272727273,0.865,5,0.1,5,K_meta
fomaml,elqui,7,10,0.7368421052631579,0.88,5,0.1,5,K_meta
fomaml,elqui,7,11,0.6,0.78,5,0.1,5,K_meta
fomaml,elqui,7,12,0.7368421052631579,0.89,5,0.1,5,K_meta
fomaml,elqui,7,13,0.7777777777777778,0.9000000000000001,5,0.1,5,K_meta
fomaml,elqui,7,14,0.7619047619047619,0.75,5,0.1,5,K_meta
fomaml,elqui,7,15,0.7777777777777778,0.84,5,0.1,5,K_meta
fomaml,elqui,7,16,0.8,0.835,5,0.1,5,K_meta
fomaml,elqui,7,17,0.7272727272727273,0.67,5,0.1,5,K_meta
fomaml,elqui,7,18,0.6666666666666666,0.87,5,0.1,5,K_meta
fomaml,elqui,7,19,0.8181818181818182,0.88,5,0.1,5,K_meta
fomaml,elqui,7,20,0.7619047619047619,0.8999999999999999,5,0.1,5,K_meta
fomaml,elqui,7,21,0.6,0.74,5,0.1,5,K_meta
fomaml,elqui,7,22,0.8695652173913043,0.95,5,0.1,5,K_meta
fomaml,elqui,7,23,0.7142857142857143,0.68,5,0.1,5,K_meta
fomaml,elqui,7,24,0.782608695652174,0.78,5,0.1,5,K_meta
fomaml,elqui,7,25,0.7777777777777778,0.8200000000000002,5,0.1,5,K_meta
fomaml,elqui,7,26,0.8571428571428571,0.97,5,0.1,5,K_meta
fomaml,elqui,7,27,0.8,0.8800000000000001,5,0.1,5,K_meta
fomaml,elqui,7,28,0.8571428571428571,0.8500000000000001,5,0.1,5,K_meta
fomaml,elqui,7,29,0.7,0.83,5,0.1,5,K_meta
fomaml,limari,7,0,0.6666666666666666,0.65,5,0.1,5,K_meta
fomaml,limari,7,1,0.9090909090909091,0.9200000000000002,5,0.1,5,K_meta
fomaml,limari,7,2,0.26666666666666666,0.6,5,0.1,5,K_meta
fomaml,limari,7,3,0.7272727272727273,0.74,5,0.1,5,K_meta
fomaml,limari,7,4,0.72,0.61,5,0.1,5,K_meta
fomaml,limari,7,5,0.47619047619047616,0.31,5,0.1,5,K_meta
fomaml,limari,7,6,0.8,0.8200000000000001,5,0.1,5,K_meta
fomaml,limari,7,7,0.5555555555555556,0.63,5,0.1,5,K_meta
fomaml,limari,7,8,0.5555555555555556,0.7,5,0.1,5,K_meta
fomaml,limari,7,9,0.8333333333333334,0.6900000000000001,5,0.1,5,K_meta
fomaml,limari,7,10,0.6666666666666666,0.78,5,0.1,5,K_meta
fomaml,limari,7,11,0.72,0.505,5,0.1,5,K_meta
fomaml,limari,7,12,0.8571428571428571,0.85,5,0.1,5,K_meta
fomaml,limari,7,13,0.8333333333333334,0.8400000000000001,5,0.1,5,K_meta
fomaml,limari,7,14,0.8181818181818182,0.77,5,0.1,5,K_meta
fomaml,limari,7,15,0.45454545454545453,0.37,5,0.1,5,K_meta
fomaml,limari,7,16,0.7619047619047619,0.72,5,0.1,5,K_meta
fomaml,limari,7,17,0.5714285714285714,0.74,5,0.1,5,K_meta
fomaml,limari,7,18,0.7368421052631579,0.87,5,0.1,5,K_meta
fomaml,limari,7,19,0.4444444444444444,0.6,5,0.1,5,K_meta
fomaml,limari,7,20,0.5882352941176471,0.59,5,0.1,5,K_meta
fomaml,limari,7,21,0.7619047619047619,0.75,5,0.1,5,K_meta
fomaml,limari,7,22,0.5217391304347826,0.41000000000000003,5,0.1,5,K_meta
fomaml,limari,7,23,0.6363636363636364,0.55,5,0.1,5,K_meta
fomaml,limari,7,24,0.75,0.7100000000000001,5,0.1,5,K_meta
fomaml,limari,7,25,0.7619047619047619,0.78,5,0.1,5,K_meta
fomaml,limari,7,26,0.6956521739130435,0.74,5,0.1,5,K_meta
fomaml,limari,7,27,0.9,0.9499999999999998,5,0.1,5,K_meta
fomaml,limari,7,28,0.4,0.7300000000000001,5,0.1,5,K_meta
fomaml,limari,7,29,0.8695652173913043,0.8699999999999999,5,0.1,5,K_meta
reptile,copiapo,42,0,0.8571428571428571,0.94,5,0.1,10,K_meta
reptile,copiapo,42,1,0.9,0.97,5,0.1,10,K_meta
reptile,copiapo,42,2,0.7777777777777778,0.9199999999999999,5,0.1,10,K_meta
reptile,copiapo,42,3,0.8888888888888888,0.9800000000000001,5,0.1,10,K_meta
reptile,copiapo,42,4,0.9473684210526315,0.99,5,0.1,10,K_meta
reptile,copiapo,42,5,0.8695652173913043,0.855,5,0.1,10,K_meta
reptile,copiapo,42,6,0.9,0.97,5,0.1,10,K_meta
reptile,copiapo,42,7,0.5882352941176471,0.88,5,0.1,10,K_meta
reptile,copiapo,42,8,1.0,1.0,5,0.1,10,K_meta
reptile,copiapo,42,9,0.7619047619047619,0.8099999999999999,5,0.1,10,K_meta
reptile,copiapo,42,10,0.6666666666666666,0.85,5,0.1,10,K_meta
reptile,copiapo,42,11,0.8421052631578947,0.9000000000000001,5,0.1,10,K_meta
reptile,copiapo,42,12,0.6666666666666666,0.9199999999999999,5,0.1,10,K_meta
reptile,copiapo,42,13,0.9523809523809523,0.9800000000000001,5,0.1,10,K_meta
reptile,copiapo,42,14,0.5333333333333333,0.8300000000000001,5,0.1,10,K_meta
reptile,copiapo,42,15,0.9,0.98,5,0.1,10,K_meta
reptile,copiapo,42,16,0.8235294117647058,0.9500000000000001,5,0.1,10,K_meta
reptile,copiapo,42,17,0.8,0.875,5,0.1,10,K_meta
reptile,copiapo,42,18,0.7058823529411765,0.85,5,0.1,10,K_meta
reptile,copiapo,42,19,0.9473684210526315,0.97,5,0.1,10,K_meta
reptile,copiapo,42,20,0.7058823529411765,0.92,5,0.1,10,K_meta
reptile,copiapo,42,21,0.782608695652174,0.8,5,0.1,10,K_meta
reptile,copiapo,42,22,0.8181818181818182,0.9400000000000001,5,0.1,10,K_meta
reptile,copiapo,42,23,0.75,0.99,5,0.1,10,K_meta
reptile,copiapo,42,24,0.64,0.64,5,0.1,10,K_meta
reptile,copiapo,42,25,0.8421052631578947,0.9199999999999999,5,0.1,10,K_meta
reptile,copiapo,42,26,0.8571428571428571,0.9400000000000001,5,0.1,10,K_meta
reptile,copiapo,42,27,0.7777777777777778,0.92,5,0.1,10,K_meta
reptile,copiapo,42,28,0.8181818181818182,0.9400000000000001,5,0.1,10,K_meta
reptile,copiapo,42,29,1.0,1.0,5,0.1,10,K_meta
reptile,huasco,42,0,0.8235294117647058,1.0,5,0.1,10,K_meta
reptile,huasco,42,1,0.7,0.7899999999999999,5,0.1,10,K_meta
reptile,huasco,42,2,0.9090909090909091,0.92,5,0.1,10,K_meta
reptile,huasco,42,3,0.9090909090909091,0.97,5,0.1,10,K_meta
reptile,huasco,42,4,0.8421052631578947,0.9500000000000001,5,0.1,10,K_meta
reptile,huasco,42,5,0.8181818181818182,0.7899999999999999,5,0.1,10,K_meta
reptile,huasco,42,6,0.9523809523809523,0.99,5,0.1,10,K_meta
reptile,huasco,42,7,0.8695652173913043,0.88,5,0.1,10,K_meta
reptile,huasco,42,8,0.7368421052631579,0.89,5,0.1,10,K_meta
reptile,huasco,42,9,0.9090909090909091,0.9400000000000001,5,0.1,10,K_meta
reptile,huasco,42,10,0.8181818181818182,0.9199999999999999,5,0.1,10,K_meta
reptile,huasco,42,11,0.8235294117647058,0.97,5,0.1,10,K_meta
reptile,huasco,42,12,0.8888888888888888,0.9999999999999999,5,0.1,10,K_meta
reptile,huasco,42,13,0.7368421052631579,0.8200000000000001,5,0.1,10,K_meta
reptile,huasco,42,14,0.9523809523809523,0.95,5,0.1,10,K_meta
reptile,huasco,42,15,0.8235294117647058,0.98,5,0.1,10,K_meta
reptile,huasco,42,16,0.8,0.8900000000000001,5,0.1,10,K_meta
reptile,huasco,42,17,0.7619047619047619,0.8300000000000001,5,0.1,10,K_meta
reptile,huasco,42,18,0.8235294117647058,0.98,5,0.1,10,K_meta
reptile,huasco,42,19,0.5333333333333333,0.9,5,0.1,10,K_meta
reptile,huasco,42,20,0.9523809523809523,0.93,5,0.1,10,K_meta
reptile,huasco,42,21,0.8695652173913043,0.97,5,0.1,10,K_meta
reptile,huasco,42,22,0.8571428571428571,0.91,5,0.1,10,K_meta
reptile,huasco,42,23,0.5,0.67,5,0.1,10,K_meta
reptile,huasco,42,24,0.8,0.73,5,0.1,10,K_meta
reptile,huasco,42,25,0.9090909090909091,0.925,5,0.1,10,K_meta
reptile,huasco,42,26,0.625,0.9099999999999999,5,0.1,10,K_meta
reptile,huasco,42,27,0.9,0.9899999999999999,5,0.1,10,K_meta
reptile,huasco,42,28,0.8571428571428571,0.855,5,0.1,10,K_meta
reptile,huasco,42,29,0.8181818181818182,0.8,5,0.1,10,K_meta
reptile,elqui,42,0,0.8571428571428571,0.9400000000000002,5,0.1,10,K_meta
reptile,elqui,42,1,0.6666666666666666,0.79,5,0.1,10,K_meta
reptile,elqui,42,2,0.7777777777777778,0.8,5,0.1,10,K_meta
reptile,elqui,42,3,0.8571428571428571,0.92,5,0.1,10,K_meta
reptile,elqui,42,4,0.8695652173913043,0.7699999999999999,5,0.1,10,K_meta
reptile,elqui,42,5,0.5714285714285714,0.65,5,0.1,10,K_meta
reptile,elqui,42,6,0.6923076923076923,0.855,5,0.1,10,K_meta
reptile,elqui,42,7,0.6666666666666666,0.85,5,0.1,10,K_meta
reptile,elqui,42,8,0.8888888888888888,0.8700000000000001,5,0.1,10,K_meta
reptile,elqui,42,9,0.5882352941176471,0.86,5,0.1,10,K_meta
reptile,elqui,42,10,0.42857142857142855,0.6799999999999999,5,0.1,10,K_meta
reptile,elqui,42,11,0.75,0.825,5,0.1,10,K_meta
reptile,elqui,42,12,0.6666666666666666,0.785,5,0.1,10,K_meta
reptile,elqui,42,13,0.8333333333333334,0.89,5,0.1,10,K_meta
reptile,elqui,42,14,0.8421052631578947,0.9099999999999999,5,0.1,10,K_meta
reptile,elqui,42,15,0.6086956521739131,0.8,5,0.1,10,K_meta
reptile,elqui,42,16,0.7272727272727273,0.82,5,0.1,10,K_meta
reptile,elqui,42,17,0.782608695652174,0.79,5,0.1,10,K_meta
reptile,elqui,42,18,0.8571428571428571,0.8300000000000001,5,0.1,10,K_meta
reptile,elqui,42,19,0.9523809523809523,1.0,5,0.1,10,K_meta
reptile,elqui,42,20,0.75,0.7599999999999999,5,0.1,10,K_meta
reptile,elqui,42,21,0.782608695652174,0.8,5,0.1,10,K_meta
reptile,elqui,42,22,0.8235294117647058,0.9400000000000001,5,0.1,10,K_meta
reptile,elqui,42,23,0.7058823529411765,0.8500000000000001,5,0.1,10,K_meta
reptile,elqui,42,24,0.8571428571428571,0.96,5,0.1,10,K_meta
reptile,elqui,42,25,0.5333333333333333,0.86,5,0.1,10,K_meta
reptile,elqui,42,26,0.625,0.92,5,0.1,10,K_meta
reptile,elqui,42,27,0.7619047619047619,0.91,5,0.1,10,K_meta
reptile,elqui,42,28,0.8181818181818182,0.86,5,0.1,10,K_meta
reptile,elqui,42,29,0.8571428571428571,0.96,5,0.1,10,K_meta
reptile,limari,42,0,0.5,0.7200000000000001,5,0.1,10,K_meta
reptile,limari,42,1,0.5714285714285714,0.56,5,0.1,10,K_meta
reptile,limari,42,2,0.56,0.6499999999999999,5,0.1,10,K_meta
reptile,limari,42,3,0.7,0.69,5,0.1,10,K_meta
reptile,limari,42,4,0.631578947368421,0.81,5,0.1,10,K_meta
reptile,limari,42,5,0.5263157894736842,0.6,5,0.1,10,K_meta
reptile,limari,42,6,0.25,0.46,5,0.1,10,K_meta
reptile,limari,42,7,0.7058823529411765,0.73,5,0.1,10,K_meta
reptile,limari,42,8,0.72,0.52,5,0.1,10,K_meta
reptile,limari,42,9,0.5,0.52,5,0.1,10,K_meta
reptile,limari,42,10,0.35294117647058826,0.48,5,0.1,10,K_meta
reptile,limari,42,11,0.5882352941176471,0.6300000000000001,5,0.1,10,K_meta
reptile,limari,42,12,0.782608695652174,0.77,5,0.1,10,K_meta
reptile,limari,42,13,0.5555555555555556,0.39,5,0.1,10,K_meta
reptile,limari,42,14,0.631578947368421,0.71,5,0.1,10,K_meta
reptile,limari,42,15,0.5,0.615,5,0.1,10,K_meta
reptile,limari,42,16,0.7619047619047619,0.76,5,0.1,10,K_meta
reptile,limari,42,17,0.6086956521739131,0.5700000000000001,5,0.1,10,K_meta
reptile,limari,42,18,0.6666666666666666,0.85,5,0.1,10,K_meta
reptile,limari,42,19,0.6,0.64,5,0.1,10,K_meta
reptile,limari,42,20,0.8181818181818182,0.8099999999999999,5,0.1,10,K_meta
reptile,limari,42,21,0.6,0.66,5,0.1,10,K_meta
reptile,limari,42,22,0.75,0.5800000000000001,5,0.1,10,K_meta
reptile,limari,42,23,0.6363636363636364,0.71,5,0.1,10,K_meta
reptile,limari,42,24,0.5263157894736842,0.64,5,0.1,10,K_meta
reptile,limari,42,25,0.8421052631578947,0.8300000000000001,5,0.1,10,K_meta
reptile,limari,42,26,0.8181818181818182,0.79,5,0.1,10,K_meta
reptile,limari,42,27,0.6923076923076923,0.4,5,0.1,10,K_meta
reptile,limari,42,28,0.47058823529411764,0.65,5,0.1,10,K_meta
reptile,limari,42,29,0.6363636363636364,0.53,5,0.1,10,K_meta
reptile,copiapo,123,0,0.8571428571428571,0.8200000000000001,5,0.1,10,K_meta
reptile,copiapo,123,1,0.8571428571428571,0.94,5,0.1,10,K_meta
reptile,copiapo,123,2,0.5882352941176471,0.8700000000000001,5,0.1,10,K_meta
reptile,copiapo,123,3,0.9,0.9600000000000001,5,0.1,10,K_meta
reptile,copiapo,123,4,0.9,0.96,5,0.1,10,K_meta
reptile,copiapo,123,5,0.7058823529411765,0.9,5,0.1,10,K_meta
reptile,copiapo,123,6,0.7777777777777778,0.89,5,0.1,10,K_meta
reptile,copiapo,123,7,0.75,0.96,5,0.1,10,K_meta
reptile,copiapo,123,8,0.7619047619047619,0.84,5,0.1,10,K_meta
reptile,copiapo,123,9,0.8333333333333334,0.885,5,0.1,10,K_meta
reptile,copiapo,123,10,0.9523809523809523,0.98,5,0.1,10,K_meta
reptile,copiapo,123,11,0.9090909090909091,0.9400000000000001,5,0.1,10,K_meta
reptile,copiapo,123,12,0.6666666666666666,0.89,5,0.1,10,K_meta
reptile,copiapo,123,13,0.7692307692307693,0.825,5,0.1,10,K_meta
reptile,copiapo,123,14,0.8571428571428571,0.8400000000000001,5,0.1,10,K_meta
reptile,copiapo,123,15,0.7368421052631579,0.9400000000000001,5,0.1,10,K_meta
reptile,copiapo,123,16,0.7619047619047619,0.89,5,0.1,10,K_meta
reptile,copiapo,123,17,0.8181818181818182,0.9199999999999999,5,0.1,10,K_meta
reptile,copiapo,123,18,0.8,0.8799999999999999,5,0.1,10,K_meta
reptile,copiapo,123,19,0.8,0.89,5,0.1,10,K_meta
reptile,copiapo,123,20,0.6666666666666666,0.7799999999999999,5,0.1,10,K_meta
reptile,copiapo,123,21,0.8571428571428571,0.92,5,0.1,10,K_meta
reptile,copiapo,123,22,0.9,0.98,5,0.1,10,K_meta
reptile,copiapo,123,23,0.7368421052631579,0.8200000000000001,5,0.1,10,K_meta
reptile,copiapo,123,24,0.8571428571428571,0.96,5,0.1,10,K_meta
reptile,copiapo,123,25,0.7,0.85,5,0.1,10,K_meta
reptile,copiapo,123,26,0.625,0.9199999999999999,5,0.1,10,K_meta
reptile,copiapo,123,27,0.782608695652174,0.88,5,0.1,10,K_meta
reptile,copiapo,123,28,0.9523809523809523,0.9899999999999999,5,0.1,10,K_meta
reptile,copiapo,123,29,0.8333333333333334,0.91,5,0.1,10,K_meta
reptile,huasco,123,0,0.7,0.77,5,0.1,10,K_meta
reptile,huasco,123,1,0.8571428571428571,0.9099999999999999,5,0.1,10,K_meta
reptile,huasco,123,2,0.9090909090909091,0.92,5,0.1,10,K_meta
reptile,huasco,123,3,0.8571428571428571,0.825,5,0.1,10,K_meta
reptile,huasco,123,4,0.8235294117647058,0.95,5,0.1,10,K_meta
reptile,huasco,123,5,0.8421052631578947,0.9600000000000001,5,0.1,10,K_meta
reptile,huasco,123,6,0.9523809523809523,0.95,5,0.1,10,K_meta
reptile,huasco,123,7,1.0,1.0,5,0.1,10,K_meta
reptile,huasco,123,8,0.8,0.8900000000000001,5,0.1,10,K_meta
reptile,huasco,123,9,0.8421052631578947,0.97,5,0.1,10,K_meta
reptile,huasco,123,10,0.9,0.99,5,0.1,10,K_meta
reptile,huasco,123,11,0.9523809523809523,1.0,5,0.1,10,K_meta
reptile,huasco,123,12,0.8888888888888888,0.81,5,0.1,10,K_meta
reptile,huasco,123,13,0.8421052631578947,0.93,5,0.1,10,K_meta
reptile,huasco,123,14,1.0,1.0,5,0.1,10,K_meta
reptile,huasco,123,15,0.9523809523809523,0.99,5,0.1,10,K_meta
reptile,huasco,123,16,0.9,0.9400000000000001,5,0.1,10,K_meta
reptile,huasco,123,17,0.8888888888888888,0.9600000000000001,5,0.1,10,K_meta
reptile,huasco,123,18,0.9523809523809523,0.99,5,0.1,10,K_meta
reptile,huasco,123,19,0.7272727272727273,0.855,5,0.1,10,K_meta
reptile,huasco,123,20,0.9523809523809523,0.93,5,0.1,10,K_meta
reptile,huasco,123,21,1.0,1.0,5,0.1,10,K_meta
reptile,huasco,123,22,0.8695652173913043,0.9800000000000001,5,0.1,10,K_meta
reptile,huasco,123,23,0.6086956521739131,0.5700000000000001,5,0.1,10,K_meta
reptile,huasco,123,24,0.8571428571428571,0.8599999999999999,5,0.1,10,K_meta
reptile,huasco,123,25,0.9090909090909091,0.9400000000000001,5,0.1,10,K_meta
reptile,huasco,123,26,0.6666666666666666,0.95,5,0.1,10,K_meta
reptile,huasco,123,27,1.0,1.0,5,0.1,10,K_meta
reptile,huasco,123,28,0.64,0.545,5,0.1,10,K_meta
reptile,huasco,123,29,0.7,0.8200000000000001,5,0.1,10,K_meta
reptile,elqui,123,0,0.7368421052631579,0.8500000000000001,5,0.1,10,K_meta
reptile,elqui,123,1,0.7692307692307693,0.92,5,0.1,10,K_meta
reptile,elqui,123,2,0.8888888888888888,0.9500000000000001,5,0.1,10,K_meta
reptile,elqui,123,3,0.8,0.85,5,0.1,10,K_meta
reptile,elqui,123,4,0.6666666666666666,0.845,5,0.1,10,K_meta
reptile,elqui,123,5,0.9523809523809523,0.9,5,0.1,10,K_meta
reptile,elqui,123,6,0.9523809523809523,0.9400000000000001,5,0.1,10,K_meta
reptile,elqui,123,7,0.6956521739130435,0.745,5,0.1,10,K_meta
reptile,elqui,123,8,0.8695652173913043,0.8849999999999999,5,0.1,10,K_meta
reptile,elqui,123,9,0.47058823529411764,0.8,5,0.1,10,K_meta
reptile,elqui,123,10,0.8,0.9299999999999999,5,0.1,10,K_meta
reptile,elqui,123,11,0.8421052631578947,0.92,5,0.1,10,K_meta
reptile,elqui,123,12,0.7692307692307693,0.71,5,0.1,10,K_meta
reptile,elqui,123,13,0.6666666666666666,0.97,5,0.1,10,K_meta
reptile,elqui,123,14,0.7142857142857143,0.74,5,0.1,10,K_meta
reptile,elqui,123,15,0.8571428571428571,0.9500000000000001,5,0.1,10,K_meta
reptile,elqui,123,16,0.7,0.78,5,0.1,10,K_meta
reptile,elqui,123,17,0.7619047619047619,0.8400000000000001,5,0.1,10,K_meta
reptile,elqui,123,18,0.7619047619047619,0.92,5,0.1,10,K_meta
reptile,elqui,123,19,0.8421052631578947,0.96,5,0.1,10,K_meta
reptile,elqui,123,20,0.9,0.93,5,0.1,10,K_meta
reptile,elqui,123,21,0.9090909090909091,0.97,5,0.1,10,K_meta
reptile,elqui,123,22,0.75,0.8500000000000001,5,0.1,10,K_meta
reptile,elqui,123,23,0.8181818181818182,0.84,5,0.1,10,K_meta
reptile,elqui,123,24,0.6,0.75,5,0.1,10,K_meta
reptile,elqui,123,25,0.8571428571428571,0.9599999999999999,5,0.1,10,K_meta
reptile,elqui,123,26,0.782608695652174,0.9400000000000002,5,0.1,10,K_meta
reptile,elqui,123,27,0.8,0.87,5,0.1,10,K_meta
reptile,elqui,123,28,0.7,0.75,5,0.1,10,K_meta
reptile,elqui,123,29,0.6666666666666666,0.74,5,0.1,10,K_meta
reptile,limari,123,0,0.625,0.7999999999999999,5,0.1,10,K_meta
reptile,limari,123,1,0.8181818181818182,0.8,5,0.1,10,K_meta
reptile,limari,123,2,0.625,0.8200000000000001,5,0.1,10,K_meta
reptile,limari,123,3,0.631578947368421,0.67,5,0.1,10,K_meta
reptile,limari,123,4,0.42105263157894735,0.5800000000000001,5,0.1,10,K_meta
reptile,limari,123,5,0.6956521739130435,0.51,5,0.1,10,K_meta
reptile,limari,123,6,0.5714285714285714,0.7000000000000001,5,0.1,10,K_meta
reptile,limari,123,7,0.7,0.73,5,0.1,10,K_meta
reptile,limari,123,8,0.6666666666666666,0.6799999999999999,5,0.1,10,K_meta
reptile,limari,123,9,0.6666666666666666,0.8699999999999999,5,0.1,10,K_meta
reptile,limari,123,10,0.8,0.84,5,0.1,10,K_meta
reptile,limari,123,11,0.6363636363636364,0.5800000000000001,5,0.1,10,K_meta
reptile,limari,123,12,0.631578947368421,0.44,5,0.1,10,K_meta
reptile,limari,123,13,0.6666666666666666,0.81,5,0.1,10,K_meta
reptile,limari,123,14,0.7777777777777778,0.88,5,0.1,10,K_meta
reptile,limari,123,15,0.6,0.56,5,0.1,10,K_meta
reptile,limari,123,16,0.5714285714285714,0.55,5,0.1,10,K_meta
reptile,limari,123,17,0.47619047619047616,0.38999999999999996,5,0.1,10,K_meta
reptile,limari,123,18,0.7,0.8,5,0.1,10,K_meta
reptile,limari,123,19,0.7619047619047619,0.88,5,0.1,10,K_meta
reptile,limari,123,20,0.75,0.7,5,0.1,10,K_meta
reptile,limari,123,21,0.8571428571428571,0.8500000000000001,5,0.1,10,K_meta
reptile,limari,123,22,0.8181818181818182,0.79,5,0.1,10,K_meta
reptile,limari,123,23,0.6956521739130435,0.66,5,0.1,10,K_meta
reptile,limari,123,24,0.375,0.62,5,0.1,10,K_meta
reptile,limari,123,25,0.6363636363636364,0.54,5,0.1,10,K_meta
reptile,limari,123,26,0.6956521739130435,0.79,5,0.1,10,K_meta
reptile,limari,123,27,0.8571428571428571,0.87,5,0.1,10,K_meta
reptile,limari,123,28,0.5714285714285714,0.8599999999999999,5,0.1,10,K_meta
reptile,limari,123,29,0.625,0.86,5,0.1,10,K_meta
reptile,copiapo,7,0,0.8,0.84,5,0.1,10,K_meta
reptile,copiapo,7,1,0.8421052631578947,0.9600000000000001,5,0.1,10,K_meta
reptile,copiapo,7,2,0.8695652173913043,0.9599999999999999,5,0.1,10,K_meta
reptile,copiapo,7,3,0.75,0.97,5,0.1,10,K_meta
reptile,copiapo,7,4,0.4444444444444444,0.5800000000000001,5,0.1,10,K_meta
reptile,copiapo,7,5,0.6666666666666666,0.85,5,0.1,10,K_meta
reptile,copiapo,7,6,0.625,0.87,5,0.1,10,K_meta
reptile,copiapo,7,7,0.8,0.9099999999999999,5,0.1,10,K_meta
reptile,copiapo,7,8,0.42857142857142855,0.88,5,0.1,10,K_meta
reptile,copiapo,7,9,0.8235294117647058,0.96,5,0.1,10,K_meta
reptile,copiapo,7,10,0.782608695652174,0.8200000000000001,5,0.1,10,K_meta
reptile,copiapo,7,11,0.5714285714285714,0.98,5,0.1,10,K_meta
reptile,copiapo,7,12,0.7058823529411765,0.91,5,0.1,10,K_meta
reptile,copiapo,7,13,0.8181818181818182,0.93,5,0.1,10,K_meta
reptile,copiapo,7,14,0.8181818181818182,0.85,5,0.1,10,K_meta
reptile,copiapo,7,15,0.782608695652174,0.8900000000000001,5,0.1,10,K_meta
reptile,copiapo,7,16,0.8181818181818182,0.9,5,0.1,10,K_meta
reptile,copiapo,7,17,0.7368421052631579,0.91,5,0.1,10,K_meta
reptile,copiapo,7,18,0.75,1.0,5,0.1,10,K_meta
reptile,copiapo,7,19,0.8571428571428571,0.9600000000000001,5,0.1,10,K_meta
reptile,copiapo,7,20,0.6666666666666666,0.76,5,0.1,10,K_meta
reptile,copiapo,7,21,0.8695652173913043,0.94,5,0.1,10,K_meta
reptile,copiapo,7,22,0.8,0.9600000000000001,5,0.1,10,K_meta
reptile,copiapo,7,23,0.7272727272727273,0.735,5,0.1,10,K_meta
reptile,copiapo,7,24,0.7619047619047619,0.87,5,0.1,10,K_meta
reptile,copiapo,7,25,0.8571428571428571,0.9700000000000001,5,0.1,10,K_meta
reptile,copiapo,7,26,0.7619047619047619,0.77,5,0.1,10,K_meta
reptile,copiapo,7,27,0.8421052631578947,0.97,5,0.1,10,K_meta
reptile,copiapo,7,28,0.7058823529411765,0.89,5,0.1,10,K_meta
reptile,copiapo,7,29,0.8181818181818182,0.845,5,0.1,10,K_meta
reptile,huasco,7,0,0.75,0.565,5,0.1,10,K_meta
reptile,huasco,7,1,0.8571428571428571,0.96,5,0.1,10,K_meta
reptile,huasco,7,2,0.7368421052631579,0.8500000000000001,5,0.1,10,K_meta
reptile,huasco,7,3,0.8888888888888888,1.0,5,0.1,10,K_meta
reptile,huasco,7,4,0.7692307692307693,0.68,5,0.1,10,K_meta
reptile,huasco,7,5,0.625,0.92,5,0.1,10,K_meta
reptile,huasco,7,6,0.8,0.8900000000000001,5,0.1,10,K_meta
reptile,huasco,7,7,0.9523809523809523,0.9700000000000001,5,0.1,10,K_meta
reptile,huasco,7,8,0.8,0.84,5,0.1,10,K_meta
reptile,huasco,7,9,0.72,0.7050000000000001,5,0.1,10,K_meta
reptile,huasco,7,10,0.8333333333333334,0.825,5,0.1,10,K_meta
reptile,huasco,7,11,0.8571428571428571,0.97,5,0.1,10,K_meta
reptile,huasco,7,12,0.6666666666666666,0.74,5,0.1,10,K_meta
reptile,huasco,7,13,0.7777777777777778,0.93,5,0.1,10,K_meta
reptile,huasco,7,14,0.6666666666666666,0.9199999999999999,5,0.1,10,K_meta
reptile,huasco,7,15,0.8695652173913043,0.895,5,0.1,10,K_meta
reptile,huasco,7,16,0.7058823529411765,0.94,5,0.1,10,K_meta
reptile,huasco,7,17,0.8,0.8650000000000001,5,0.1,10,K_meta
reptile,huasco,7,18,0.8888888888888888,0.9899999999999999,5,0.1,10,K_meta
reptile,huasco,7,19,0.8,0.845,5,0.1,10,K_meta
reptile,huasco,7,20,0.7619047619047619,0.7999999999999999,5,0.1,10,K_meta
reptile,huasco,7,21,0.7368421052631579,0.83,5,0.1,10,K_meta
reptile,huasco,7,22,0.7777777777777778,0.9199999999999999,5,0.1,10,K_meta
reptile,huasco,7,23,0.8695652173913043,0.815,5,0.1,10,K_meta
reptile,huasco,7,24,0.8571428571428571,0.96,5,0.1,10,K_meta
reptile,huasco,7,25,0.9090909090909091,0.92,5,0.1,10,K_meta
reptile,huasco,7,26,0.7272727272727273,0.6900000000000001,5,0.1,10,K_meta
reptile,huasco,7,27,0.7619047619047619,0.79,5,0.1,10,K_meta
reptile,huasco,7,28,0.8421052631578947,0.9300000000000002,5,0.1,10,K_meta
reptile,huasco,7,29,0.9473684210526315,1.0,5,0.1,10,K_meta
reptile,elqui,7,0,0.625,0.69,5,0.1,10,K_meta
reptile,elqui,7,1,0.7692307692307693,0.7849999999999999,5,0.1,10,K_meta
reptile,elqui,7,2,0.8,0.9199999999999999,5,0.1,10,K_meta
reptile,elqui,7,3,0.8333333333333334,0.89,5,0.1,10,K_meta
reptile,elqui,7,4,0.7368421052631579,0.81,5,0.1,10,K_meta
reptile,elqui,7,5,0.7058823529411765,0.9299999999999999,5,0.1,10,K_meta
reptile,elqui,7,6,0.7777777777777778,0.91,5,0.1,10,K_meta
reptile,elqui,7,7,0.782608695652174,0.78,5,0.1,10,K_meta
reptile,elqui,7,8,0.8,0.88,5,0.1,10,K_meta
reptile,elqui,7,9,0.9,0.9400000000000002,5,0.1,10,K_meta
reptile,elqui,7,10,0.8235294117647058,0.89,5,0.1,10,K_meta
reptile,elqui,7,11,0.8888888888888888,0.9500000000000002,5,0.1,10,K_meta
reptile,elqui,7,12,0.8695652173913043,0.91,5,0.1,10,K_meta
reptile,elqui,7,13,0.782608695652174,0.74,5,0.1,10,K_meta
reptile,elqui,7,14,0.75,0.81,5,0.1,10,K_meta
reptile,elqui,7,15,0.9,0.97,5,0.1,10,K_meta
reptile,elqui,7,16,0.8235294117647058,0.86,5,0.1,10,K_meta
reptile,elqui,7,17,0.8571428571428571,0.9500000000000001,5,0.1,10,K_meta
reptile,elqui,7,18,0.7368421052631579,0.8000000000000002,5,0.1,10,K_meta
reptile,elqui,7,19,0.7058823529411765,0.8000000000000002,5,0.1,10,K_meta
reptile,elqui,7,20,0.8571428571428571,0.9299999999999999,5,0.1,10,K_meta
reptile,elqui,7,21,0.8888888888888888,0.89,5,0.1,10,K_meta
reptile,elqui,7,22,0.9523809523809523,0.99,5,0.1,10,K_meta
reptile,elqui,7,23,0.7058823529411765,0.9400000000000001,5,0.1,10,K_meta
reptile,elqui,7,24,0.8181818181818182,0.79,5,0.1,10,K_meta
reptile,elqui,7,25,0.9,0.9700000000000001,5,0.1,10,K_meta
reptile,elqui,7,26,0.5333333333333333,0.88,5,0.1,10,K_meta
reptile,elqui,7,27,0.5714285714285714,0.6700000000000002,5,0.1,10,K_meta
reptile,elqui,7,28,0.8181818181818182,0.85,5,0.1,10,K_meta
reptile,elqui,7,29,0.8181818181818182,0.9099999999999999,5,0.1,10,K_meta
reptile,limari,7,0,0.5833333333333334,0.5449999999999999,5,0.1,10,K_meta
reptile,limari,7,1,0.8,0.8,5,0.1,10,K_meta
reptile,limari,7,2,0.6956521739130435,0.66,5,0.1,10,K_meta
reptile,limari,7,3,0.7777777777777778,0.88,5,0.1,10,K_meta
reptile,limari,7,4,0.6666666666666666,0.66,5,0.1,10,K_meta
reptile,limari,7,5,0.8,0.8300000000000001,5,0.1,10,K_meta
reptile,limari,7,6,0.8181818181818182,0.83,5,0.1,10,K_meta
reptile,limari,7,7,0.5263157894736842,0.6,5,0.1,10,K_meta
reptile,limari,7,8,0.6,0.76,5,0.1,10,K_meta
reptile,limari,7,9,0.5454545454545454,0.56,5,0.1,10,K_meta
reptile,limari,7,10,0.7,0.66,5,0.1,10,K_meta
reptile,limari,7,11,0.6956521739130435,0.61,5,0.1,10,K_meta
reptile,limari,7,12,0.8421052631578947,0.9299999999999999,5,0.1,10,K_meta
reptile,limari,7,13,0.5333333333333333,0.76,5,0.1,10,K_meta
reptile,limari,7,14,0.8421052631578947,0.9,5,0.1,10,K_meta
reptile,limari,7,15,0.43478260869565216,0.32,5,0.1,10,K_meta
reptile,limari,7,16,0.6666666666666666,0.7899999999999999,5,0.1,10,K_meta
reptile,limari,7,17,0.8,0.8200000000000001,5,0.1,10,K_meta
reptile,limari,7,18,0.631578947368421,0.72,5,0.1,10,K_meta
reptile,limari,7,19,0.64,0.395,5,0.1,10,K_meta
reptile,limari,7,20,0.5333333333333333,0.84,5,0.1,10,K_meta
reptile,limari,7,21,0.631578947368421,0.74,5,0.1,10,K_meta
reptile,limari,7,22,0.375,0.72,5,0.1,10,K_meta
reptile,limari,7,23,0.8181818181818182,0.765,5,0.1,10,K_meta
reptile,limari,7,24,0.7368421052631579,0.83,5,0.1,10,K_meta
reptile,limari,7,25,0.5714285714285714,0.53,5,0.1,10,K_meta
reptile,limari,7,26,0.5555555555555556,0.67,5,0.1,10,K_meta
reptile,limari,7,27,0.6086956521739131,0.47,5,0.1,10,K_meta
reptile,limari,7,28,0.6666666666666666,0.79,5,0.1,10,K_meta
reptile,limari,7,29,0.7619047619047619,0.74,5,0.1,10,K_meta
fomaml,copiapo,42,0,0.8235294117647058,0.99,5,0.1,10,K_meta
fomaml,copiapo,42,1,0.8235294117647058,0.94,5,0.1,10,K_meta
fomaml,copiapo,42,2,0.7692307692307693,0.9500000000000001,5,0.1,10,K_meta
fomaml,copiapo,42,3,0.8333333333333334,0.93,5,0.1,10,K_meta
fomaml,copiapo,42,4,0.7777777777777778,0.86,5,0.1,10,K_meta
fomaml,copiapo,42,5,0.6666666666666666,0.79,5,0.1,10,K_meta
fomaml,copiapo,42,6,0.6666666666666666,0.74,5,0.1,10,K_meta
fomaml,copiapo,42,7,0.8695652173913043,0.9199999999999999,5,0.1,10,K_meta
fomaml,copiapo,42,8,0.8571428571428571,0.97,5,0.1,10,K_meta
fomaml,copiapo,42,9,0.8421052631578947,0.9800000000000001,5,0.1,10,K_meta
fomaml,copiapo,42,10,0.8571428571428571,0.9499999999999998,5,0.1,10,K_meta
fomaml,copiapo,42,11,0.782608695652174,0.9000000000000001,5,0.1,10,K_meta
fomaml,copiapo,42,12,0.8333333333333334,0.9,5,0.1,10,K_meta
fomaml,copiapo,42,13,0.7,0.845,5,0.1,10,K_meta
fomaml,copiapo,42,14,0.4444444444444444,0.6799999999999999,5,0.1,10,K_meta
fomaml,copiapo,42,15,0.8333333333333334,0.98,5,0.1,10,K_meta
fomaml,copiapo,42,16,0.8421052631578947,0.98,5,0.1,10,K_meta
fomaml,copiapo,42,17,0.9090909090909091,0.98,5,0.1,10,K_meta
fomaml,copiapo,42,18,0.8888888888888888,0.96,5,0.1,10,K_meta
fomaml,copiapo,42,19,0.8,0.92,5,0.1,10,K_meta
fomaml,copiapo,42,20,0.8571428571428571,0.9800000000000001,5,0.1,10,K_meta
fomaml,copiapo,42,21,0.9523809523809523,0.99,5,0.1,10,K_meta
fomaml,copiapo,42,22,0.8695652173913043,0.9400000000000001,5,0.1,10,K_meta
fomaml,copiapo,42,23,0.7777777777777778,0.8,5,0.1,10,K_meta
fomaml,copiapo,42,24,0.9473684210526315,1.0,5,0.1,10,K_meta
fomaml,copiapo,42,25,0.9,0.9500000000000002,5,0.1,10,K_meta
fomaml,copiapo,42,26,0.8421052631578947,0.96,5,0.1,10,K_meta
fomaml,copiapo,42,27,0.9,0.96,5,0.1,10,K_meta
fomaml,copiapo,42,28,0.9,0.9,5,0.1,10,K_meta
fomaml,copiapo,42,29,0.9,0.9600000000000001,5,0.1,10,K_meta
fomaml,huasco,42,0,0.75,0.8800000000000001,5,0.1,10,K_meta
fomaml,huasco,42,1,0.7777777777777778,0.97,5,0.1,10,K_meta
fomaml,huasco,42,2,0.9090909090909091,0.9800000000000001,5,0.1,10,K_meta
fomaml,huasco,42,3,0.9,0.9599999999999999,5,0.1,10,K_meta
fomaml,huasco,42,4,0.8,0.8999999999999999,5,0.1,10,K_meta
fomaml,huasco,42,5,0.6666666666666666,0.8900000000000001,5,0.1,10,K_meta
fomaml,huasco,42,6,0.8695652173913043,0.9800000000000001,5,0.1,10,K_meta
fomaml,huasco,42,7,0.7,0.81,5,0.1,10,K_meta
fomaml,huasco,42,8,0.7058823529411765,0.9600000000000001,5,0.1,10,K_meta
fomaml,huasco,42,9,0.9473684210526315,1.0,5,0.1,10,K_meta
fomaml,huasco,42,10,0.75,0.8400000000000001,5,0.1,10,K_meta
fomaml,huasco,42,11,0.8695652173913043,0.96,5,0.1,10,K_meta
fomaml,huasco,42,12,0.8571428571428571,0.9200000000000002,5,0.1,10,K_meta
fomaml,huasco,42,13,0.9473684210526315,1.0,5,0.1,10,K_meta
fomaml,huasco,42,14,0.8695652173913043,0.8099999999999999,5,0.1,10,K_meta
fomaml,huasco,42,15,0.7619047619047619,0.8300000000000001,5,0.1,10,K_meta
fomaml,huasco,42,16,0.5882352941176471,0.8,5,0.1,10,K_meta
fomaml,huasco,42,17,0.9090909090909091,0.97,5,0.1,10,K_meta
fomaml,huasco,42,18,0.8333333333333334,0.89,5,0.1,10,K_meta
fomaml,huasco,42,19,0.9523809523809523,0.97,5,0.1,10,K_meta
fomaml,huasco,42,20,0.8888888888888888,0.9800000000000001,5,0.1,10,K_meta
fomaml,huasco,42,21,0.8235294117647058,0.8600000000000001,5,0.1,10,K_meta
fomaml,huasco,42,22,0.7619047619047619,0.7949999999999999,5,0.1,10,K_meta
fomaml,huasco,42,23,0.8571428571428571,0.81,5,0.1,10,K_meta
fomaml,huasco,42,24,0.8235294117647058,0.9500000000000002,5,0.1,10,K_meta
fomaml,huasco,42,25,0.8888888888888888,0.96,5,0.1,10,K_meta
fomaml,huasco,42,26,0.8181818181818182,0.9,5,0.1,10,K_meta
fomaml,huasco,42,27,0.9523809523809523,0.98,5,0.1,10,K_meta
fomaml,huasco,42,28,0.8695652173913043,0.87,5,0.1,10,K_meta
fomaml,huasco,42,29,0.8888888888888888,1.0,5,0.1,10,K_meta
fomaml,elqui,42,0,0.4444444444444444,0.56,5,0.1,10,K_meta
fomaml,elqui,42,1,0.7777777777777778,0.88,5,0.1,10,K_meta
fomaml,elqui,42,2,0.7368421052631579,0.85,5,0.1,10,K_meta
fomaml,elqui,42,3,0.6666666666666666,0.77,5,0.1,10,K_meta
fomaml,elqui,42,4,0.8235294117647058,0.98,5,0.1,10,K_meta
fomaml,elqui,42,5,0.6666666666666666,0.8300000000000001,5,0.1,10,K_meta
fomaml,elqui,42,6,0.6666666666666666,0.6799999999999999,5,0.1,10,K_meta
fomaml,elqui,42,7,0.7368421052631579,0.8300000000000001,5,0.1,10,K_meta
fomaml,elqui,42,8,0.7272727272727273,0.77,5,0.1,10,K_meta
fomaml,elqui,42,9,0.7777777777777778,0.85,5,0.1,10,K_meta
fomaml,elqui,42,10,0.8181818181818182,0.9,5,0.1,10,K_meta
fomaml,elqui,42,11,0.7058823529411765,0.77,5,0.1,10,K_meta
fomaml,elqui,42,12,0.7619047619047619,0.86,5,0.1,10,K_meta
fomaml,elqui,42,13,0.8235294117647058,0.96,5,0.1,10,K_meta
fomaml,elqui,42,14,0.8181818181818182,0.9400000000000001,5,0.1,10,K_meta
fomaml,elqui,42,15,0.7272727272727273,0.9,5,0.1,10,K_meta
fomaml,elqui,42,16,0.8571428571428571,0.9200000000000002,5,0.1,10,K_meta
fomaml,elqui,42,17,0.7619047619047619,0.76,5,0.1,10,K_meta
fomaml,elqui,42,18,0.8235294117647058,0.85,5,0.1,10,K_meta
fomaml,elqui,42,19,0.782608695652174,0.84,5,0.1,10,K_meta
fomaml,elqui,42,20,0.7777777777777778,0.89,5,0.1,10,K_meta
fomaml,elqui,42,21,0.7272727272727273,0.8300000000000001,5,0.1,10,K_meta
fomaml,elqui,42,22,0.625,0.86,5,0.1,10,K_meta
fomaml,elqui,42,23,0.7272727272727273,0.76,5,0.1,10,K_meta
fomaml,elqui,42,24,0.7777777777777778,0.8400000000000001,5,0.1,10,K_meta
fomaml,elqui,42,25,0.9,0.99,5,0.1,10,K_meta
fomaml,elqui,42,26,0.9523809523809523,0.97,5,0.1,10,K_meta
fomaml,elqui,42,27,0.631578947368421,0.74,5,0.1,10,K_meta
fomaml,elqui,42,28,0.8,0.8700000000000001,5,0.1,10,K_meta
fomaml,elqui,42,29,0.8181818181818182,0.89,5,0.1,10,K_meta
fomaml,limari,42,0,0.8421052631578947,0.8400000000000001,5,0.1,10,K_meta
fomaml,limari,42,1,0.6086956521739131,0.52,5,0.1,10,K_meta
fomaml,limari,42,2,0.5,0.66,5,0.1,10,K_meta
fomaml,limari,42,3,0.4,0.38,5,0.1,10,K_meta
fomaml,limari,42,4,0.6956521739130435,0.72,5,0.1,10,K_meta
fomaml,limari,42,5,0.26666666666666666,0.55,5,0.1,10,K_meta
fomaml,limari,42,6,0.7619047619047619,0.77,5,0.1,10,K_meta
fomaml,limari,42,7,0.8421052631578947,0.94,5,0.1,10,K_meta
fomaml,limari,42,8,0.5454545454545454,0.5700000000000001,5,0.1,10,K_meta
fomaml,limari,42,9,0.47619047619047616,0.53,5,0.1,10,K_meta
fomaml,limari,42,10,0.375,0.6799999999999999,5,0.1,10,K_meta
fomaml,limari,42,11,0.9090909090909091,0.85,5,0.1,10,K_meta
fomaml,limari,42,12,0.7368421052631579,0.82,5,0.1,10,K_meta
fomaml,limari,42,13,0.782608695652174,0.8500000000000001,5,0.1,10,K_meta
fomaml,limari,42,14,0.7368421052631579,0.88,5,0.1,10,K_meta
fomaml,limari,42,15,0.8,0.86,5,0.1,10,K_meta
fomaml,limari,42,16,0.5555555555555556,0.5900000000000001,5,0.1,10,K_meta
fomaml,limari,42,17,0.4,0.6900000000000001,5,0.1,10,K_meta
fomaml,limari,42,18,0.6086956521739131,0.49,5,0.1,10,K_meta
fomaml,limari,42,19,0.8571428571428571,0.82,5,0.1,10,K_meta
fomaml,limari,42,20,0.7,0.73,5,0.1,10,K_meta
fomaml,limari,42,21,0.631578947368421,0.77,5,0.1,10,K_meta
fomaml,limari,42,22,0.375,0.68,5,0.1,10,K_meta
fomaml,limari,42,23,0.4444444444444444,0.5800000000000001,5,0.1,10,K_meta
fomaml,limari,42,24,0.8695652173913043,0.8099999999999999,5,0.1,10,K_meta
fomaml,limari,42,25,0.5,0.72,5,0.1,10,K_meta
fomaml,limari,42,26,0.782608695652174,0.86,5,0.1,10,K_meta
fomaml,limari,42,27,0.64,0.44000000000000006,5,0.1,10,K_meta
fomaml,limari,42,28,0.6363636363636364,0.62,5,0.1,10,K_meta
fomaml,limari,42,29,0.8181818181818182,0.7999999999999999,5,0.1,10,K_meta
fomaml,copiapo,123,0,0.7777777777777778,0.95,5,0.1,10,K_meta
fomaml,copiapo,123,1,0.782608695652174,0.82,5,0.1,10,K_meta
fomaml,copiapo,123,2,0.8235294117647058,1.0,5,0.1,10,K_meta
fomaml,copiapo,123,3,0.9,0.97,5,0.1,10,K_meta
fomaml,copiapo,123,4,0.8421052631578947,0.96,5,0.1,10,K_meta
fomaml,copiapo,123,5,0.5882352941176471,0.79,5,0.1,10,K_meta
fomaml,copiapo,123,6,0.8695652173913043,0.96,5,0.1,10,K_meta
fomaml,copiapo,123,7,0.6956521739130435,0.66,5,0.1,10,K_meta
fomaml,copiapo,123,8,0.8421052631578947,0.8999999999999999,5,0.1,10,K_meta
fomaml,copiapo,123,9,0.7777777777777778,0.96,5,0.1,10,K_meta
fomaml,copiapo,123,10,0.7777777777777778,0.97,5,0.1,10,K_meta
fomaml,copiapo,123,11,0.8235294117647058,1.0,5,0.1,10,K_meta
fomaml,copiapo,123,12,0.5333333333333333,0.79,5,0.1,10,K_meta
fomaml,copiapo,123,13,0.8,0.88,5,0.1,10,K_meta
fomaml,copiapo,123,14,0.625,0.8200000000000001,5,0.1,10,K_meta
fomaml,copiapo,123,15,0.9523809523809523,0.93,5,0.1,10,K_meta
fomaml,copiapo,123,16,0.8333333333333334,0.9599999999999999,5,0.1,10,K_meta
fomaml,copiapo,123,17,0.8421052631578947,0.8900000000000001,5,0.1,10,K_meta
fomaml,copiapo,123,18,0.6666666666666666,0.87,5,0.1,10,K_meta
fomaml,copiapo,123,19,0.9473684210526315,1.0,5,0.1,10,K_meta
fomaml,copiapo,123,20,0.5555555555555556,0.685,5,0.1,10,K_meta
fomaml,copiapo,123,21,0.9,0.9700000000000001,5,0.1,10,K_meta
fomaml,copiapo,123,22,0.72,0.79,5,0.1,10,K_meta
fomaml,copiapo,123,23,0.375,0.74,5,0.1,10,K_meta
fomaml,copiapo,123,24,0.9090909090909091,0.8899999999999999,5,0.1,10,K_meta
fomaml,copiapo,123,25,0.7777777777777778,0.88,5,0.1,10,K_meta
fomaml,copiapo,123,26,0.7777777777777778,0.81,5,0.1,10,K_meta
fomaml,copiapo,123,27,0.8571428571428571,0.97,5,0.1,10,K_meta
fomaml,copiapo,123,28,0.782608695652174,0.92,5,0.1,10,K_meta
fomaml,copiapo,123,29,0.8235294117647058,0.8900000000000001,5,0.1,10,K_meta
fomaml,huasco,123,0,0.9090909090909091,0.9700000000000001,5,0.1,10,K_meta
fomaml,huasco,123,1,0.9473684210526315,0.99,5,0.1,10,K_meta
fomaml,huasco,123,2,0.8,0.9199999999999999,5,0.1,10,K_meta
fomaml,huasco,123,3,0.8333333333333334,0.8549999999999999,5,0.1,10,K_meta
fomaml,huasco,123,4,0.782608695652174,0.91,5,0.1,10,K_meta
fomaml,huasco,123,5,0.7777777777777778,0.9,5,0.1,10,K_meta
fomaml,huasco,123,6,0.8888888888888888,0.96,5,0.1,10,K_meta
fomaml,huasco,123,7,0.7692307692307693,0.845,5,0.1,10,K_meta
fomaml,huasco,123,8,0.9523809523809523,0.98,5,0.1,10,K_meta
fomaml,huasco,123,9,0.8421052631578947,0.9700000000000001,5,0.1,10,K_meta
fomaml,huasco,123,10,0.8571428571428571,0.98,5,0.1,10,K_meta
fomaml,huasco,123,11,0.9523809523809523,0.95,5,0.1,10,K_meta
fomaml,huasco,123,12,0.9,0.9700000000000001,5,0.1,10,K_meta
fomaml,huasco,123,13,0.7368421052631579,0.825,5,0.1,10,K_meta
fomaml,huasco,123,14,0.8695652173913043,0.92,5,0.1,10,K_meta
fomaml,huasco,123,15,0.9473684210526315,0.99,5,0.1,10,K_meta
fomaml,huasco,123,16,0.9,0.98,5,0.1,10,K_meta
fomaml,huasco,123,17,0.9523809523809523,1.0,5,0.1,10,K_meta
fomaml,huasco,123,18,0.8695652173913043,0.88,5,0.1,10,K_meta
fomaml,huasco,123,19,0.7,0.8499999999999999,5,0.1,10,K_meta
fomaml,huasco,123,20,0.42857142857142855,0.87,5,0.1,10,K_meta
fomaml,huasco,123,21,0.9090909090909091,0.9149999999999999,5,0.1,10,K_meta
fomaml,huasco,123,22,0.5333333333333333,0.8999999999999999,5,0.1,10,K_meta
fomaml,huasco,123,23,0.8333333333333334,0.99,5,0.1,10,K_meta
fomaml,huasco,123,24,1.0,1.0,5,0.1,10,K_meta
fomaml,huasco,123,25,0.8181818181818182,0.82,5,0.1,10,K_meta
fomaml,huasco,123,26,0.7777777777777778,0.9000000000000001,5,0.1,10,K_meta
fomaml,huasco,123,27,0.8181818181818182,0.9000000000000001,5,0.1,10,K_meta
fomaml,huasco,123,28,0.9090909090909091,0.97,5,0.1,10,K_meta
fomaml,huasco,123,29,0.8235294117647058,1.0,5,0.1,10,K_meta
fomaml,elqui,123,0,0.72,0.8200000000000001,5,0.1,10,K_meta
fomaml,elqui,123,1,0.6666666666666666,0.79,5,0.1,10,K_meta
fomaml,elqui,123,2,0.5714285714285714,0.52,5,0.1,10,K_meta
fomaml,elqui,123,3,0.8695652173913043,0.9100000000000001,5,0.1,10,K_meta
fomaml,elqui,123,4,0.7368421052631579,0.84,5,0.1,10,K_meta
fomaml,elqui,123,5,0.8421052631578947,0.9,5,0.1,10,K_meta
fomaml,elqui,123,6,0.8421052631578947,0.9400000000000002,5,0.1,10,K_meta
fomaml,elqui,123,7,0.8421052631578947,0.81,5,0.1,10,K_meta
fomaml,elqui,123,8,0.7619047619047619,0.755,5,0.1,10,K_meta
fomaml,elqui,123,9,0.8571428571428571,0.88,5,0.1,10,K_meta
fomaml,elqui,123,10,0.8,0.8600000000000001,5,0.1,10,K_meta
fomaml,elqui,123,11,0.9473684210526315,1.0,5,0.1,10,K_meta
fomaml,elqui,123,12,0.6666666666666666,0.77,5,0.1,10,K_meta
fomaml,elqui,123,13,0.9,0.92,5,0.1,10,K_meta
fomaml,elqui,123,14,0.8333333333333334,0.98,5,0.1,10,K_meta
fomaml,elqui,123,15,0.7058823529411765,0.72,5,0.1,10,K_meta
fomaml,elqui,123,16,0.9,0.9,5,0.1,10,K_meta
fomaml,elqui,123,17,1.0,1.0,5,0.1,10,K_meta
fomaml,elqui,123,18,0.8,0.98,5,0.1,10,K_meta
fomaml,elqui,123,19,0.625,0.76,5,0.1,10,K_meta
fomaml,elqui,123,20,0.8571428571428571,0.89,5,0.1,10,K_meta
fomaml,elqui,123,21,0.9,0.92,5,0.1,10,K_meta
fomaml,elqui,123,22,0.9,0.9400000000000001,5,0.1,10,K_meta
fomaml,elqui,123,23,0.8571428571428571,0.96,5,0.1,10,K_meta
fomaml,elqui,123,24,0.5882352941176471,0.77,5,0.1,10,K_meta
fomaml,elqui,123,25,0.6666666666666666,0.71,5,0.1,10,K_meta
fomaml,elqui,123,26,0.7692307692307693,0.9299999999999999,5,0.1,10,K_meta
fomaml,elqui,123,27,0.7619047619047619,0.72,5,0.1,10,K_meta
fomaml,elqui,123,28,0.46153846153846156,0.66,5,0.1,10,K_meta
fomaml,elqui,123,29,0.7058823529411765,0.77,5,0.1,10,K_meta
fomaml,limari,123,0,0.6,0.65,5,0.1,10,K_meta
fomaml,limari,123,1,0.5,0.7,5,0.1,10,K_meta
fomaml,limari,123,2,0.72,0.71,5,0.1,10,K_meta
fomaml,limari,123,3,0.5882352941176471,0.7799999999999999,5,0.1,10,K_meta
fomaml,limari,123,4,0.5555555555555556,0.6799999999999999,5,0.1,10,K_meta
fomaml,limari,123,5,0.5714285714285714,0.5700000000000001,5,0.1,10,K_meta
fomaml,limari,123,6,0.7777777777777778,0.8500000000000001,5,0.1,10,K_meta
fomaml,limari,123,7,0.5,0.76,5,0.1,10,K_meta
fomaml,limari,123,8,0.5454545454545454,0.45,5,0.1,10,K_meta
fomaml,limari,123,9,0.7,0.75,5,0.1,10,K_meta
fomaml,limari,123,10,0.625,0.87,5,0.1,10,K_meta
fomaml,limari,123,11,0.5263157894736842,0.66,5,0.1,10,K_meta
fomaml,limari,123,12,0.6666666666666666,0.69,5,0.1,10,K_meta
fomaml,limari,123,13,0.631578947368421,0.71,5,0.1,10,K_meta
fomaml,limari,123,14,0.7058823529411765,0.8099999999999999,5,0.1,10,K_meta
fomaml,limari,123,15,0.782608695652174,0.77,5,0.1,10,K_meta
fomaml,limari,123,16,0.631578947368421,0.65,5,0.1,10,K_meta
fomaml,limari,123,17,0.8695652173913043,0.9,5,0.1,10,K_meta
fomaml,limari,123,18,0.6666666666666666,0.78,5,0.1,10,K_meta
fomaml,limari,123,19,0.7368421052631579,0.84,5,0.1,10,K_meta
fomaml,limari,123,20,0.782608695652174,0.71,5,0.1,10,K_meta
fomaml,limari,123,21,0.7619047619047619,0.9199999999999999,5,0.1,10,K_meta
fomaml,limari,123,22,0.5,0.65,5,0.1,10,K_meta
fomaml,limari,123,23,0.6,0.72,5,0.1,10,K_meta
fomaml,limari,123,24,0.47058823529411764,0.6000000000000001,5,0.1,10,K_meta
fomaml,limari,123,25,0.6153846153846154,0.42000000000000004,5,0.1,10,K_meta
fomaml,limari,123,26,0.5714285714285714,0.62,5,0.1,10,K_meta
fomaml,limari,123,27,0.6956521739130435,0.73,5,0.1,10,K_meta
fomaml,limari,123,28,0.7272727272727273,0.76,5,0.1,10,K_meta
fomaml,limari,123,29,0.3333333333333333,0.53,5,0.1,10,K_meta
fomaml,copiapo,7,0,0.8695652173913043,0.96,5,0.1,10,K_meta
fomaml,copiapo,7,1,0.9090909090909091,0.8999999999999999,5,0.1,10,K_meta
fomaml,copiapo,7,2,0.9,0.94,5,0.1,10,K_meta
fomaml,copiapo,7,3,0.8,0.88,5,0.1,10,K_meta
fomaml,copiapo,7,4,0.7777777777777778,0.84,5,0.1,10,K_meta
fomaml,copiapo,7,5,0.8695652173913043,0.905,5,0.1,10,K_meta
fomaml,copiapo,7,6,0.8,0.9,5,0.1,10,K_meta
fomaml,copiapo,7,7,0.6666666666666666,0.86,5,0.1,10,K_meta
fomaml,copiapo,7,8,0.7619047619047619,0.8600000000000001,5,0.1,10,K_meta
fomaml,copiapo,7,9,0.8,0.89,5,0.1,10,K_meta
fomaml,copiapo,7,10,0.75,0.92,5,0.1,10,K_meta
fomaml,copiapo,7,11,0.5,0.6900000000000001,5,0.1,10,K_meta
fomaml,copiapo,7,12,0.8571428571428571,0.98,5,0.1,10,K_meta
fomaml,copiapo,7,13,0.72,0.745,5,0.1,10,K_meta
fomaml,copiapo,7,14,0.8181818181818182,0.9099999999999999,5,0.1,10,K_meta
fomaml,copiapo,7,15,0.9523809523809523,0.9400000000000001,5,0.1,10,K_meta
fomaml,copiapo,7,16,0.8571428571428571,0.9700000000000001,5,0.1,10,K_meta
fomaml,copiapo,7,17,0.8888888888888888,0.92,5,0.1,10,K_meta
fomaml,copiapo,7,18,0.7368421052631579,0.92,5,0.1,10,K_meta
fomaml,copiapo,7,19,0.8421052631578947,0.91,5,0.1,10,K_meta
fomaml,copiapo,7,20,0.7368421052631579,0.8899999999999999,5,0.1,10,K_meta
fomaml,copiapo,7,21,0.7777777777777778,0.92,5,0.1,10,K_meta
fomaml,copiapo,7,22,0.7368421052631579,0.8,5,0.1,10,K_meta
fomaml,copiapo,7,23,0.631578947368421,0.79,5,0.1,10,K_meta
fomaml,copiapo,7,24,0.8421052631578947,0.8300000000000001,5,0.1,10,K_meta
fomaml,copiapo,7,25,0.7619047619047619,0.8799999999999999,5,0.1,10,K_meta
fomaml,copiapo,7,26,0.9090909090909091,0.9199999999999999,5,0.1,10,K_meta
fomaml,copiapo,7,27,0.75,0.84,5,0.1,10,K_meta
fomaml,copiapo,7,28,0.6666666666666666,0.8800000000000001,5,0.1,10,K_meta
fomaml,copiapo,7,29,0.7,0.8099999999999999,5,0.1,10,K_meta
fomaml,huasco,7,0,0.8695652173913043,0.9599999999999999,5,0.1,10,K_meta
fomaml,huasco,7,1,0.625,0.8899999999999999,5,0.1,10,K_meta
fomaml,huasco,7,2,0.8421052631578947,0.91,5,0.1,10,K_meta
fomaml,huasco,7,3,0.9473684210526315,1.0,5,0.1,10,K_meta
fomaml,huasco,7,4,0.7619047619047619,0.8499999999999999,5,0.1,10,K_meta
fomaml,huasco,7,5,0.9523809523809523,0.9899999999999999,5,0.1,10,K_meta
fomaml,huasco,7,6,0.8571428571428571,0.9600000000000001,5,0.1,10,K_meta
fomaml,huasco,7,7,0.7058823529411765,0.9,5,0.1,10,K_meta
fomaml,huasco,7,8,0.8333333333333334,0.8300000000000001,5,0.1,10,K_meta
fomaml,huasco,7,9,0.9090909090909091,0.93,5,0.1,10,K_meta
fomaml,huasco,7,10,0.8571428571428571,0.98,5,0.1,10,K_meta
fomaml,huasco,7,11,0.6923076923076923,0.8200000000000001,5,0.1,10,K_meta
fomaml,huasco,7,12,0.8695652173913043,0.7500000000000001,5,0.1,10,K_meta
fomaml,huasco,7,13,0.8181818181818182,0.815,5,0.1,10,K_meta
fomaml,huasco,7,14,0.9523809523809523,1.0,5,0.1,10,K_meta
fomaml,huasco,7,15,0.8181818181818182,0.825,5,0.1,10,K_meta
fomaml,huasco,7,16,0.8333333333333334,0.91,5,0.1,10,K_meta
fomaml,huasco,7,17,0.6666666666666666,0.6699999999999999,5,0.1,10,K_meta
fomaml,huasco,7,18,0.9090909090909091,0.91,5,0.1,10,K_meta
fomaml,huasco,7,19,0.9523809523809523,1.0,5,0.1,10,K_meta
fomaml,huasco,7,20,0.7272727272727273,0.84,5,0.1,10,K_meta
fomaml,huasco,7,21,0.9473684210526315,0.99,5,0.1,10,K_meta
fomaml,huasco,7,22,0.7272727272727273,0.88,5,0.1,10,K_meta
fomaml,huasco,7,23,0.7368421052631579,0.89,5,0.1,10,K_meta
fomaml,huasco,7,24,0.9523809523809523,0.93,5,0.1,10,K_meta
fomaml,huasco,7,25,0.6956521739130435,0.78,5,0.1,10,K_meta
fomaml,huasco,7,26,0.8888888888888888,0.98,5,0.1,10,K_meta
fomaml,huasco,7,27,0.6,0.72,5,0.1,10,K_meta
fomaml,huasco,7,28,1.0,1.0,5,0.1,10,K_meta
fomaml,huasco,7,29,0.8,0.9299999999999999,5,0.1,10,K_meta
fomaml,elqui,7,0,0.7272727272727273,0.62,5,0.1,10,K_meta
fomaml,elqui,7,1,0.8571428571428571,0.9400000000000001,5,0.1,10,K_meta
fomaml,elqui,7,2,0.782608695652174,0.6699999999999999,5,0.1,10,K_meta
fomaml,elqui,7,3,0.7,0.85,5,0.1,10,K_meta
fomaml,elqui,7,4,0.8695652173913043,0.83,5,0.1,10,K_meta
fomaml,elqui,7,5,0.631578947368421,0.6699999999999999,5,0.1,10,K_meta
fomaml,elqui,7,6,0.625,0.8800000000000001,5,0.1,10,K_meta
fomaml,elqui,7,7,0.8181818181818182,0.95,5,0.1,10,K_meta
fomaml,elqui,7,8,0.6666666666666666,0.72,5,0.1,10,K_meta
fomaml,elqui,7,9,0.7272727272727273,0.8600000000000001,5,0.1,10,K_meta
fomaml,elqui,7,10,0.7368421052631579,0.8300000000000001,5,0.1,10,K_meta
fomaml,elqui,7,11,0.6,0.75,5,0.1,10,K_meta
fomaml,elqui,7,12,0.8,0.88,5,0.1,10,K_meta
fomaml,elqui,7,13,0.7777777777777778,0.8500000000000001,5,0.1,10,K_meta
fomaml,elqui,7,14,0.6666666666666666,0.76,5,0.1,10,K_meta
fomaml,elqui,7,15,0.7058823529411765,0.84,5,0.1,10,K_meta
fomaml,elqui,7,16,0.8,0.855,5,0.1,10,K_meta
fomaml,elqui,7,17,0.6666666666666666,0.66,5,0.1,10,K_meta
fomaml,elqui,7,18,0.6666666666666666,0.8600000000000001,5,0.1,10,K_meta
fomaml,elqui,7,19,0.8,0.8700000000000001,5,0.1,10,K_meta
fomaml,elqui,7,20,0.8571428571428571,0.9500000000000001,5,0.1,10,K_meta
fomaml,elqui,7,21,0.631578947368421,0.72,5,0.1,10,K_meta
fomaml,elqui,7,22,0.8181818181818182,0.95,5,0.1,10,K_meta
fomaml,elqui,7,23,0.7142857142857143,0.67,5,0.1,10,K_meta
fomaml,elqui,7,24,0.782608695652174,0.76,5,0.1,10,K_meta
fomaml,elqui,7,25,0.7777777777777778,0.83,5,0.1,10,K_meta
fomaml,elqui,7,26,0.8571428571428571,0.97,5,0.1,10,K_meta
fomaml,elqui,7,27,0.8421052631578947,0.87,5,0.1,10,K_meta
fomaml,elqui,7,28,0.8571428571428571,0.86,5,0.1,10,K_meta
fomaml,elqui,7,29,0.7368421052631579,0.8999999999999999,5,0.1,10,K_meta
fomaml,limari,7,0,0.7272727272727273,0.645,5,0.1,10,K_meta
fomaml,limari,7,1,0.8695652173913043,0.94,5,0.1,10,K_meta
fomaml,limari,7,2,0.4444444444444444,0.56,5,0.1,10,K_meta
fomaml,limari,7,3,0.7272727272727273,0.7000000000000001,5,0.1,10,K_meta
fomaml,limari,7,4,0.72,0.6699999999999999,5,0.1,10,K_meta
fomaml,limari,7,5,0.47619047619047616,0.31,5,0.1,10,K_meta
fomaml,limari,7,6,0.75,0.8099999999999999,5,0.1,10,K_meta
fomaml,limari,7,7,0.5882352941176471,0.64,5,0.1,10,K_meta
fomaml,limari,7,8,0.7,0.73,5,0.1,10,K_meta
fomaml,limari,7,9,0.8333333333333334,0.6900000000000001,5,0.1,10,K_meta
fomaml,limari,7,10,0.7368421052631579,0.81,5,0.1,10,K_meta
fomaml,limari,7,11,0.72,0.51,5,0.1,10,K_meta
fomaml,limari,7,12,0.8571428571428571,0.86,5,0.1,10,K_meta
fomaml,limari,7,13,0.8333333333333334,0.85,5,0.1,10,K_meta
fomaml,limari,7,14,0.8181818181818182,0.77,5,0.1,10,K_meta
fomaml,limari,7,15,0.45454545454545453,0.34500000000000003,5,0.1,10,K_meta
fomaml,limari,7,16,0.7619047619047619,0.66,5,0.1,10,K_meta
fomaml,limari,7,17,0.6956521739130435,0.6699999999999999,5,0.1,10,K_meta
fomaml,limari,7,18,0.7368421052631579,0.8600000000000001,5,0.1,10,K_meta
fomaml,limari,7,19,0.4444444444444444,0.6,5,0.1,10,K_meta
fomaml,limari,7,20,0.6666666666666666,0.58,5,0.1,10,K_meta
fomaml,limari,7,21,0.7619047619047619,0.75,5,0.1,10,K_meta
fomaml,limari,7,22,0.5217391304347826,0.44000000000000006,5,0.1,10,K_meta
fomaml,limari,7,23,0.6666666666666666,0.62,5,0.1,10,K_meta
fomaml,limari,7,24,0.75,0.7600000000000001,5,0.1,10,K_meta
fomaml,limari,7,25,0.631578947368421,0.79,5,0.1,10,K_meta
fomaml,limari,7,26,0.6956521739130435,0.76,5,0.1,10,K_meta
fomaml,limari,7,27,0.8421052631578947,0.97,5,0.1,10,K_meta
fomaml,limari,7,28,0.4,0.78,5,0.1,10,K_meta
fomaml,limari,7,29,0.8181818181818182,0.86,5,0.1,10,K_meta
reptile,copiapo,42,0,0.8571428571428571,0.91,5,0.1,20,K_meta
reptile,copiapo,42,1,0.9090909090909091,0.99,5,0.1,20,K_meta
reptile,copiapo,42,2,0.6666666666666666,0.88,5,0.1,20,K_meta
reptile,copiapo,42,3,0.8888888888888888,0.9900000000000001,5,0.1,20,K_meta
reptile,copiapo,42,4,0.9,0.98,5,0.1,20,K_meta
reptile,copiapo,42,5,0.7619047619047619,0.855,5,0.1,20,K_meta
reptile,copiapo,42,6,0.75,0.97,5,0.1,20,K_meta
reptile,copiapo,42,7,0.625,0.8700000000000001,5,0.1,20,K_meta
reptile,copiapo,42,8,0.8888888888888888,0.9999999999999999,5,0.1,20,K_meta
reptile,copiapo,42,9,0.8,0.83,5,0.1,20,K_meta
reptile,copiapo,42,10,0.625,0.8200000000000001,5,0.1,20,K_meta
reptile,copiapo,42,11,0.8421052631578947,0.91,5,0.1,20,K_meta
reptile,copiapo,42,12,0.75,0.96,5,0.1,20,K_meta
reptile,copiapo,42,13,0.9090909090909091,0.98,5,0.1,20,K_meta
reptile,copiapo,42,14,0.5333333333333333,0.81,5,0.1,20,K_meta
reptile,copiapo,42,15,0.8421052631578947,0.9599999999999999,5,0.1,20,K_meta
reptile,copiapo,42,16,0.75,0.9500000000000001,5,0.1,20,K_meta
reptile,copiapo,42,17,0.7777777777777778,0.94,5,0.1,20,K_meta
reptile,copiapo,42,18,0.7058823529411765,0.86,5,0.1,20,K_meta
reptile,copiapo,42,19,0.9473684210526315,0.98,5,0.1,20,K_meta
reptile,copiapo,42,20,0.9,0.93,5,0.1,20,K_meta
reptile,copiapo,42,21,0.8,0.89,5,0.1,20,K_meta
reptile,copiapo,42,22,0.8421052631578947,0.9600000000000001,5,0.1,20,K_meta
reptile,copiapo,42,23,0.5714285714285714,0.99,5,0.1,20,K_meta
reptile,copiapo,42,24,0.5833333333333334,0.7,5,0.1,20,K_meta
reptile,copiapo,42,25,0.7058823529411765,0.9,5,0.1,20,K_meta
reptile,copiapo,42,26,0.8,0.92,5,0.1,20,K_meta
reptile,copiapo,42,27,0.6666666666666666,0.9400000000000001,5,0.1,20,K_meta
reptile,copiapo,42,28,0.8181818181818182,0.88,5,0.1,20,K_meta
reptile,copiapo,42,29,1.0,1.0,5,0.1,20,K_meta
reptile,huasco,42,0,0.8235294117647058,1.0,5,0.1,20,K_meta
reptile,huasco,42,1,0.631578947368421,0.7999999999999999,5,0.1,20,K_meta
reptile,huasco,42,2,0.9090909090909091,0.93,5,0.1,20,K_meta
reptile,huasco,42,3,0.9523809523809523,0.97,5,0.1,20,K_meta
reptile,huasco,42,4,0.8421052631578947,0.93,5,0.1,20,K_meta
reptile,huasco,42,5,0.7619047619047619,0.78,5,0.1,20,K_meta
reptile,huasco,42,6,0.9,0.99,5,0.1,20,K_meta
reptile,huasco,42,7,0.9090909090909091,0.91,5,0.1,20,K_meta
reptile,huasco,42,8,0.6666666666666666,0.8800000000000001,5,0.1,20,K_meta
reptile,huasco,42,9,0.8888888888888888,0.97,5,0.1,20,K_meta
reptile,huasco,42,10,0.8421052631578947,0.93,5,0.1,20,K_meta
reptile,huasco,42,11,0.8235294117647058,0.9700000000000001,5,0.1,20,K_meta
reptile,huasco,42,12,0.9473684210526315,1.0,5,0.1,20,K_meta
reptile,huasco,42,13,0.7777777777777778,0.85,5,0.1,20,K_meta
reptile,huasco,42,14,0.9,0.97,5,0.1,20,K_meta
reptile,huasco,42,15,0.8235294117647058,0.97,5,0.1,20,K_meta
reptile,huasco,42,16,0.8,0.86,5,0.1,20,K_meta
reptile,huasco,42,17,0.7619047619047619,0.785,5,0.1,20,K_meta
reptile,huasco,42,18,0.8235294117647058,0.96,5,0.1,20,K_meta
reptile,huasco,42,19,0.7058823529411765,0.9,5,0.1,20,K_meta
reptile,huasco,42,20,0.8571428571428571,0.92,5,0.1,20,K_meta
reptile,huasco,42,21,0.8695652173913043,0.95,5,0.1,20,K_meta
reptile,huasco,42,22,0.8571428571428571,0.92,5,0.1,20,K_meta
reptile,huasco,42,23,0.5263157894736842,0.75,5,0.1,20,K_meta
reptile,huasco,42,24,0.7407407407407407,0.66,5,0.1,20,K_meta
reptile,huasco,42,25,0.9523809523809523,0.95,5,0.1,20,K_meta
reptile,huasco,42,26,0.625,0.91,5,0.1,20,K_meta
reptile,huasco,42,27,0.9,0.98,5,0.1,20,K_meta
reptile,huasco,42,28,0.8181818181818182,0.78,5,0.1,20,K_meta
reptile,huasco,42,29,0.782608695652174,0.71,5,0.1,20,K_meta
reptile,elqui,42,0,0.8571428571428571,0.89,5,0.1,20,K_meta
reptile,elqui,42,1,0.5333333333333333,0.8500000000000001,5,0.1,20,K_meta
reptile,elqui,42,2,0.7368421052631579,0.78,5,0.1,20,K_meta
reptile,elqui,42,3,0.8181818181818182,0.9,5,0.1,20,K_meta
reptile,elqui,42,4,0.7692307692307693,0.73,5,0.1,20,K_meta
reptile,elqui,42,5,0.5714285714285714,0.6699999999999999,5,0.1,20,K_meta
reptile,elqui,42,6,0.6923076923076923,0.795,5,0.1,20,K_meta
reptile,elqui,42,7,0.8421052631578947,0.8999999999999999,5,0.1,20,K_meta
reptile,elqui,42,8,0.8888888888888888,0.8700000000000001,5,0.1,20,K_meta
reptile,elqui,42,9,0.6666666666666666,0.83,5,0.1,20,K_meta
reptile,elqui,42,10,0.5882352941176471,0.74,5,0.1,20,K_meta
reptile,elqui,42,11,0.782608695652174,0.825,5,0.1,20,K_meta
reptile,elqui,42,12,0.7272727272727273,0.795,5,0.1,20,K_meta
reptile,elqui,42,13,0.8181818181818182,0.85,5,0.1,20,K_meta
reptile,elqui,42,14,0.7777777777777778,0.89,5,0.1,20,K_meta
reptile,elqui,42,15,0.7368421052631579,0.81,5,0.1,20,K_meta
reptile,elqui,42,16,0.7272727272727273,0.76,5,0.1,20,K_meta
reptile,elqui,42,17,0.7272727272727273,0.81,5,0.1,20,K_meta
reptile,elqui,42,18,0.8571428571428571,0.8400000000000001,5,0.1,20,K_meta
reptile,elqui,42,19,0.9523809523809523,1.0,5,0.1,20,K_meta
reptile,elqui,42,20,0.75,0.695,5,0.1,20,K_meta
reptile,elqui,42,21,0.782608695652174,0.8300000000000001,5,0.1,20,K_meta
reptile,elqui,42,22,0.8,0.92,5,0.1,20,K_meta
reptile,elqui,42,23,0.6666666666666666,0.8700000000000001,5,0.1,20,K_meta
reptile,elqui,42,24,0.8571428571428571,0.9500000000000001,5,0.1,20,K_meta
reptile,elqui,42,25,0.42857142857142855,0.8200000000000001,5,0.1,20,K_meta
reptile,elqui,42,26,0.625,0.9299999999999999,5,0.1,20,K_meta
reptile,elqui,42,27,0.7272727272727273,0.88,5,0.1,20,K_meta
reptile,elqui,42,28,0.782608695652174,0.8200000000000001,5,0.1,20,K_meta
reptile,elqui,42,29,0.8181818181818182,0.94,5,0.1,20,K_meta
reptile,limari,42,0,0.5,0.7999999999999999,5,0.1,20,K_meta
reptile,limari,42,1,0.6666666666666666,0.565,5,0.1,20,K_meta
reptile,limari,42,2,0.6153846153846154,0.52,5,0.1,20,K_meta
reptile,limari,42,3,0.7,0.6900000000000001,5,0.1,20,K_meta
reptile,limari,42,4,0.631578947368421,0.8200000000000001,5,0.1,20,K_meta
reptile,limari,42,5,0.6363636363636364,0.575,5,0.1,20,K_meta
reptile,limari,42,6,0.23529411764705882,0.54,5,0.1,20,K_meta
reptile,limari,42,7,0.631578947368421,0.77,5,0.1,20,K_meta
reptile,limari,42,8,0.72,0.56,5,0.1,20,K_meta
reptile,limari,42,9,0.4,0.455,5,0.1,20,K_meta
reptile,limari,42,10,0.26666666666666666,0.6000000000000001,5,0.1,20,K_meta
reptile,limari,42,11,0.6,0.64,5,0.1,20,K_meta
reptile,limari,42,12,0.782608695652174,0.85,5,0.1,20,K_meta
reptile,limari,42,13,0.5555555555555556,0.44999999999999996,5,0.1,20,K_meta
reptile,limari,42,14,0.7,0.69,5,0.1,20,K_meta
reptile,limari,42,15,0.6,0.625,5,0.1,20,K_meta
reptile,limari,42,16,0.7619047619047619,0.71,5,0.1,20,K_meta
reptile,limari,42,17,0.5,0.5850000000000001,5,0.1,20,K_meta
reptile,limari,42,18,0.6666666666666666,0.83,5,0.1,20,K_meta
reptile,limari,42,19,0.6,0.71,5,0.1,20,K_meta
reptile,limari,42,20,0.782608695652174,0.79,5,0.1,20,K_meta
reptile,limari,42,21,0.5263157894736842,0.64,5,0.1,20,K_meta
reptile,limari,42,22,0.782608695652174,0.69,5,0.1,20,K_meta
reptile,limari,42,23,0.6363636363636364,0.6699999999999999,5,0.1,20,K_meta
reptile,limari,42,24,0.5263157894736842,0.65,5,0.1,20,K_meta
reptile,limari,42,25,0.7777777777777778,0.8500000000000001,5,0.1,20,K_meta
reptile,limari,42,26,0.8,0.78,5,0.1,20,K_meta
reptile,limari,42,27,0.5217391304347826,0.44000000000000006,5,0.1,20,K_meta
reptile,limari,42,28,0.35294117647058826,0.6599999999999999,5,0.1,20,K_meta
reptile,limari,42,29,0.5,0.53,5,0.1,20,K_meta
reptile,copiapo,123,0,0.8,0.8300000000000001,5,0.1,20,K_meta
reptile,copiapo,123,1,0.8421052631578947,0.96,5,0.1,20,K_meta
reptile,copiapo,123,2,0.7058823529411765,0.87,5,0.1,20,K_meta
reptile,copiapo,123,3,0.9,0.9499999999999998,5,0.1,20,K_meta
reptile,copiapo,123,4,0.9,0.96,5,0.1,20,K_meta
reptile,copiapo,123,5,0.7368421052631579,0.8600000000000001,5,0.1,20,K_meta
reptile,copiapo,123,6,0.7777777777777778,0.9000000000000001,5,0.1,20,K_meta
reptile,copiapo,123,7,0.75,0.9299999999999999,5,0.1,20,K_meta
reptile,copiapo,123,8,0.7619047619047619,0.87,5,0.1,20,K_meta
reptile,copiapo,123,9,0.8333333333333334,0.915,5,0.1,20,K_meta
reptile,copiapo,123,10,0.9523809523809523,0.9600000000000001,5,0.1,20,K_meta
reptile,copiapo,123,11,0.9090909090909091,0.98,5,0.1,20,K_meta
reptile,copiapo,123,12,0.8,0.88,5,0.1,20,K_meta
reptile,copiapo,123,13,0.7692307692307693,0.8399999999999999,5,0.1,20,K_meta
reptile,copiapo,123,14,0.8,0.8350000000000001,5,0.1,20,K_meta
reptile,copiapo,123,15,0.7777777777777778,0.92,5,0.1,20,K_meta
reptile,copiapo,123,16,0.8,0.92,5,0.1,20,K_meta
reptile,copiapo,123,17,0.8181818181818182,0.96,5,0.1,20,K_meta
reptile,copiapo,123,18,0.7368421052631579,0.9400000000000001,5,0.1,20,K_meta
reptile,copiapo,123,19,0.631578947368421,0.87,5,0.1,20,K_meta
reptile,copiapo,123,20,0.7619047619047619,0.89,5,0.1,20,K_meta
reptile,copiapo,123,21,0.8571428571428571,0.93,5,0.1,20,K_meta
reptile,copiapo,123,22,0.8571428571428571,0.9700000000000001,5,0.1,20,K_meta
reptile,copiapo,123,23,0.8,0.8200000000000001,5,0.1,20,K_meta
reptile,copiapo,123,24,0.8571428571428571,0.9200000000000002,5,0.1,20,K_meta
reptile,copiapo,123,25,0.7619047619047619,0.91,5,0.1,20,K_meta
reptile,copiapo,123,26,0.625,0.91,5,0.1,20,K_meta
reptile,copiapo,123,27,0.8571428571428571,0.9400000000000001,5,0.1,20,K_meta
reptile,copiapo,123,28,0.75,0.98,5,0.1,20,K_meta
reptile,copiapo,123,29,0.8571428571428571,0.9,5,0.1,20,K_meta
reptile,huasco,123,0,0.631578947368421,0.77,5,0.1,20,K_meta
reptile,huasco,123,1,0.8571428571428571,0.9099999999999999,5,0.1,20,K_meta
reptile,huasco,123,2,0.9090909090909091,0.9600000000000001,5,0.1,20,K_meta
reptile,huasco,123,3,0.8571428571428571,0.8300000000000001,5,0.1,20,K_meta
reptile,huasco,123,4,0.75,0.9299999999999999,5,0.1,20,K_meta
reptile,huasco,123,5,0.8421052631578947,0.96,5,0.1,20,K_meta
reptile,huasco,123,6,0.9523809523809523,0.98,5,0.1,20,K_meta
reptile,huasco,123,7,1.0,1.0,5,0.1,20,K_meta
reptile,huasco,123,8,0.8421052631578947,0.91,5,0.1,20,K_meta
reptile,huasco,123,9,0.9,0.97,5,0.1,20,K_meta
reptile,huasco,123,10,0.9,0.9400000000000001,5,0.1,20,K_meta
reptile,huasco,123,11,0.9523809523809523,1.0,5,0.1,20,K_meta
reptile,huasco,123,12,0.8888888888888888,0.9,5,0.1,20,K_meta
reptile,huasco,123,13,0.8421052631578947,0.9299999999999999,5,0.1,20,K_meta
reptile,huasco,123,14,1.0,1.0,5,0.1,20,K_meta
reptile,huasco,123,15,0.9523809523809523,0.9700000000000001,5,0.1,20,K_meta
reptile,huasco,123,16,0.9523809523809523,0.94,5,0.1,20,K_meta
reptile,huasco,123,17,0.8888888888888888,0.9400000000000001,5,0.1,20,K_meta
reptile,huasco,123,18,0.9,0.98,5,0.1,20,K_meta
reptile,huasco,123,19,0.8181818181818182,0.8650000000000001,5,0.1,20,K_meta
reptile,huasco,123,20,0.9523809523809523,0.9199999999999999,5,0.1,20,K_meta
reptile,huasco,123,21,0.8235294117647058,1.0,5,0.1,20,K_meta
reptile,huasco,123,22,0.8695652173913043,1.0,5,0.1,20,K_meta
reptile,huasco,123,23,0.6666666666666666,0.5700000000000001,5,0.1,20,K_meta
reptile,huasco,123,24,0.8,0.87,5,0.1,20,K_meta
reptile,huasco,123,25,0.9090909090909091,0.94,5,0.1,20,K_meta
reptile,huasco,123,26,0.7777777777777778,0.95,5,0.1,20,K_meta
reptile,huasco,123,27,1.0,1.0,5,0.1,20,K_meta
reptile,huasco,123,28,0.64,0.55,5,0.1,20,K_meta
reptile,huasco,123,29,0.7,0.8200000000000001,5,0.1,20,K_meta
reptile,elqui,123,0,0.7368421052631579,0.84,5,0.1,20,K_meta
reptile,elqui,123,1,0.9523809523809523,0.93,5,0.1,20,K_meta
reptile,elqui,123,2,0.8,0.9400000000000001,5,0.1,20,K_meta
reptile,elqui,123,3,0.8,0.8500000000000001,5,0.1,20,K_meta
reptile,elqui,123,4,0.7368421052631579,0.92,5,0.1,20,K_meta
reptile,elqui,123,5,0.9523809523809523,0.9,5,0.1,20,K_meta
reptile,elqui,123,6,0.9,0.97,5,0.1,20,K_meta
reptile,elqui,123,7,0.7272727272727273,0.79,5,0.1,20,K_meta
reptile,elqui,123,8,0.8695652173913043,0.9099999999999999,5,0.1,20,K_meta
reptile,elqui,123,9,0.47058823529411764,0.82,5,0.1,20,K_meta
reptile,elqui,123,10,0.7777777777777778,0.9199999999999999,5,0.1,20,K_meta
reptile,elqui,123,11,0.7777777777777778,0.92,5,0.1,20,K_meta
reptile,elqui,123,12,0.8,0.8200000000000001,5,0.1,20,K_meta
reptile,elqui,123,13,0.625,0.93,5,0.1,20,K_meta
reptile,elqui,123,14,0.7407407407407407,0.83,5,0.1,20,K_meta
reptile,elqui,123,15,0.9090909090909091,0.9400000000000001,5,0.1,20,K_meta
reptile,elqui,123,16,0.7,0.75,5,0.1,20,K_meta
reptile,elqui,123,17,0.7619047619047619,0.8600000000000001,5,0.1,20,K_meta
reptile,elqui,123,18,0.7619047619047619,0.92,5,0.1,20,K_meta
reptile,elqui,123,19,0.8888888888888888,0.98,5,0.1,20,K_meta
reptile,elqui,123,20,0.9,0.9700000000000001,5,0.1,20,K_meta
reptile,elqui,123,21,0.8181818181818182,0.95,5,0.1,20,K_meta
reptile,elqui,123,22,0.75,0.8400000000000001,5,0.1,20,K_meta
reptile,elqui,123,23,0.8,0.8800000000000001,5,0.1,20,K_meta
reptile,elqui,123,24,0.6666666666666666,0.8699999999999999,5,0.1,20,K_meta
reptile,elqui,123,25,0.8571428571428571,0.98,5,0.1,20,K_meta
reptile,elqui,123,26,0.8181818181818182,0.9400000000000001,5,0.1,20,K_meta
reptile,elqui,123,27,0.8235294117647058,0.93,5,0.1,20,K_meta
reptile,elqui,123,28,0.7368421052631579,0.83,5,0.1,20,K_meta
reptile,elqui,123,29,0.6363636363636364,0.76,5,0.1,20,K_meta
reptile,limari,123,0,0.3333333333333333,0.8200000000000001,5,0.1,20,K_meta
reptile,limari,123,1,0.7619047619047619,0.81,5,0.1,20,K_meta
reptile,limari,123,2,0.7058823529411765,0.81,5,0.1,20,K_meta
reptile,limari,123,3,0.6,0.67,5,0.1,20,K_meta
reptile,limari,123,4,0.42105263157894735,0.585,5,0.1,20,K_meta
reptile,limari,123,5,0.6363636363636364,0.54,5,0.1,20,K_meta
reptile,limari,123,6,0.5714285714285714,0.77,5,0.1,20,K_meta
reptile,limari,123,7,0.631578947368421,0.76,5,0.1,20,K_meta
reptile,limari,123,8,0.6363636363636364,0.67,5,0.1,20,K_meta
reptile,limari,123,9,0.7368421052631579,0.8699999999999999,5,0.1,20,K_meta
reptile,limari,123,10,0.8,0.88,5,0.1,20,K_meta
reptile,limari,123,11,0.5833333333333334,0.6000000000000001,5,0.1,20,K_meta
reptile,limari,123,12,0.631578947368421,0.49999999999999994,5,0.1,20,K_meta
reptile,limari,123,13,0.75,0.78,5,0.1,20,K_meta
reptile,limari,123,14,0.7058823529411765,0.81,5,0.1,20,K_meta
reptile,limari,123,15,0.5,0.5800000000000001,5,0.1,20,K_meta
reptile,limari,123,16,0.6,0.64,5,0.1,20,K_meta
reptile,limari,123,17,0.38095238095238093,0.37,5,0.1,20,K_meta
reptile,limari,123,18,0.5882352941176471,0.78,5,0.1,20,K_meta
reptile,limari,123,19,0.8571428571428571,0.87,5,0.1,20,K_meta
reptile,limari,123,20,0.6956521739130435,0.75,5,0.1,20,K_meta
reptile,limari,123,21,0.8571428571428571,0.8600000000000001,5,0.1,20,K_meta
reptile,limari,123,22,0.8181818181818182,0.86,5,0.1,20,K_meta
reptile,limari,123,23,0.6666666666666666,0.68,5,0.1,20,K_meta
reptile,limari,123,24,0.4,0.69,5,0.1,20,K_meta
reptile,limari,123,25,0.5,0.61,5,0.1,20,K_meta
reptile,limari,123,26,0.7272727272727273,0.79,5,0.1,20,K_meta
reptile,limari,123,27,0.8571428571428571,0.88,5,0.1,20,K_meta
reptile,limari,123,28,0.6666666666666666,0.82,5,0.1,20,K_meta
reptile,limari,123,29,0.5882352941176471,0.8200000000000001,5,0.1,20,K_meta
reptile,copiapo,7,0,0.7368421052631579,0.88,5,0.1,20,K_meta
reptile,copiapo,7,1,0.8571428571428571,0.9600000000000001,5,0.1,20,K_meta
reptile,copiapo,7,2,0.8695652173913043,1.0,5,0.1,20,K_meta
reptile,copiapo,7,3,0.75,0.98,5,0.1,20,K_meta
reptile,copiapo,7,4,0.5263157894736842,0.71,5,0.1,20,K_meta
reptile,copiapo,7,5,0.6666666666666666,0.81,5,0.1,20,K_meta
reptile,copiapo,7,6,0.5333333333333333,0.8899999999999999,5,0.1,20,K_meta
reptile,copiapo,7,7,0.8571428571428571,0.9299999999999999,5,0.1,20,K_meta
reptile,copiapo,7,8,0.625,0.88,5,0.1,20,K_meta
reptile,copiapo,7,9,0.8888888888888888,0.98,5,0.1,20,K_meta
reptile,copiapo,7,10,0.782608695652174,0.9,5,0.1,20,K_meta
reptile,copiapo,7,11,0.6666666666666666,0.97,5,0.1,20,K_meta
reptile,copiapo,7,12,0.7058823529411765,0.9099999999999999,5,0.1,20,K_meta
reptile,copiapo,7,13,0.8181818181818182,0.9500000000000001,5,0.1,20,K_meta
reptile,copiapo,7,14,0.8181818181818182,0.83,5,0.1,20,K_meta
reptile,copiapo,7,15,0.8181818181818182,0.91,5,0.1,20,K_meta
reptile,copiapo,7,16,0.8181818181818182,0.9199999999999999,5,0.1,20,K_meta
reptile,copiapo,7,17,0.7368421052631579,0.92,5,0.1,20,K_meta
reptile,copiapo,7,18,0.75,1.0,5,0.1,20,K_meta
reptile,copiapo,7,19,0.8571428571428571,0.9800000000000001,5,0.1,20,K_meta
reptile,copiapo,7,20,0.6666666666666666,0.78,5,0.1,20,K_meta
reptile,copiapo,7,21,0.8695652173913043,0.92,5,0.1,20,K_meta
reptile,copiapo,7,22,0.9090909090909091,1.0,5,0.1,20,K_meta
reptile,copiapo,7,23,0.7272727272727273,0.77,5,0.1,20,K_meta
reptile,copiapo,7,24,0.782608695652174,0.9000000000000001,5,0.1,20,K_meta
reptile,copiapo,7,25,0.8571428571428571,0.9,5,0.1,20,K_meta
reptile,copiapo,7,26,0.8,0.785,5,0.1,20,K_meta
reptile,copiapo,7,27,0.9473684210526315,0.99,5,0.1,20,K_meta
reptile,copiapo,7,28,0.7058823529411765,0.88,5,0.1,20,K_meta
reptile,copiapo,7,29,0.8181818181818182,0.865,5,0.1,20,K_meta
reptile,huasco,7,0,0.8,0.5449999999999999,5,0.1,20,K_meta
reptile,huasco,7,1,0.8571428571428571,0.9600000000000002,5,0.1,20,K_meta
reptile,huasco,7,2,0.7368421052631579,0.85,5,0.1,20,K_meta
reptile,huasco,7,3,0.8888888888888888,1.0,5,0.1,20,K_meta
reptile,huasco,7,4,0.7692307692307693,0.615,5,0.1,20,K_meta
reptile,huasco,7,5,0.625,0.9199999999999999,5,0.1,20,K_meta
reptile,huasco,7,6,0.7368421052631579,0.855,5,0.1,20,K_meta
reptile,huasco,7,7,0.9523809523809523,0.93,5,0.1,20,K_meta
reptile,huasco,7,8,0.8,0.86,5,0.1,20,K_meta
reptile,huasco,7,9,0.72,0.7,5,0.1,20,K_meta
reptile,huasco,7,10,0.8,0.775,5,0.1,20,K_meta
reptile,huasco,7,11,0.8571428571428571,0.96,5,0.1,20,K_meta
reptile,huasco,7,12,0.6666666666666666,0.74,5,0.1,20,K_meta
reptile,huasco,7,13,0.9,0.9500000000000001,5,0.1,20,K_meta
reptile,huasco,7,14,0.5714285714285714,0.98,5,0.1,20,K_meta
reptile,huasco,7,15,0.8695652173913043,0.915,5,0.1,20,K_meta
reptile,huasco,7,16,0.7777777777777778,0.9500000000000001,5,0.1,20,K_meta
reptile,huasco,7,17,0.9090909090909091,0.94,5,0.1,20,K_meta
reptile,huasco,7,18,0.8235294117647058,0.9899999999999999,5,0.1,20,K_meta
reptile,huasco,7,19,0.8,0.88,5,0.1,20,K_meta
reptile,huasco,7,20,0.7619047619047619,0.85,5,0.1,20,K_meta
reptile,huasco,7,21,0.8,0.82,5,0.1,20,K_meta
reptile,huasco,7,22,0.7368421052631579,0.8900000000000001,5,0.1,20,K_meta
reptile,huasco,7,23,0.8695652173913043,0.8200000000000001,5,0.1,20,K_meta
reptile,huasco,7,24,0.9,0.9500000000000002,5,0.1,20,K_meta
reptile,huasco,7,25,0.9090909090909091,0.88,5,0.1,20,K_meta
reptile,huasco,7,26,0.6,0.71,5,0.1,20,K_meta
reptile,huasco,7,27,0.8333333333333334,0.82,5,0.1,20,K_meta
reptile,huasco,7,28,0.8421052631578947,0.9099999999999999,5,0.1,20,K_meta
reptile,huasco,7,29,0.9473684210526315,1.0,5,0.1,20,K_meta
reptile,elqui,7,0,0.5333333333333333,0.69,5,0.1,20,K_meta
reptile,elqui,7,1,0.7407407407407407,0.74,5,0.1,20,K_meta
reptile,elqui,7,2,0.8,0.93,5,0.1,20,K_meta
reptile,elqui,7,3,0.72,0.8400000000000001,5,0.1,20,K_meta
reptile,elqui,7,4,0.7777777777777778,0.8800000000000001,5,0.1,20,K_meta
reptile,elqui,7,5,0.625,0.8800000000000001,5,0.1,20,K_meta
reptile,elqui,7,6,0.7777777777777778,0.9,5,0.1,20,K_meta
reptile,elqui,7,7,0.782608695652174,0.7999999999999999,5,0.1,20,K_meta
reptile,elqui,7,8,0.8333333333333334,0.895,5,0.1,20,K_meta
reptile,elqui,7,9,0.8571428571428571,0.94,5,0.1,20,K_meta
reptile,elqui,7,10,0.6666666666666666,0.89,5,0.1,20,K_meta
reptile,elqui,7,11,0.8888888888888888,0.99,5,0.1,20,K_meta
reptile,elqui,7,12,0.8695652173913043,0.92,5,0.1,20,K_meta
reptile,elqui,7,13,0.782608695652174,0.72,5,0.1,20,K_meta
reptile,elqui,7,14,0.7777777777777778,0.8099999999999999,5,0.1,20,K_meta
reptile,elqui,7,15,0.8235294117647058,0.95,5,0.1,20,K_meta
reptile,elqui,7,16,0.7368421052631579,0.86,5,0.1,20,K_meta
reptile,elqui,7,17,0.8571428571428571,0.96,5,0.1,20,K_meta
reptile,elqui,7,18,0.7,0.81,5,0.1,20,K_meta
reptile,elqui,7,19,0.625,0.87,5,0.1,20,K_meta
reptile,elqui,7,20,0.8181818181818182,0.895,5,0.1,20,K_meta
reptile,elqui,7,21,0.8421052631578947,0.9,5,0.1,20,K_meta
reptile,elqui,7,22,0.9090909090909091,0.99,5,0.1,20,K_meta
reptile,elqui,7,23,0.9473684210526315,0.9700000000000001,5,0.1,20,K_meta
reptile,elqui,7,24,0.8571428571428571,0.795,5,0.1,20,K_meta
reptile,elqui,7,25,0.9523809523809523,0.9500000000000001,5,0.1,20,K_meta
reptile,elqui,7,26,0.5333333333333333,0.9099999999999999,5,0.1,20,K_meta
reptile,elqui,7,27,0.6086956521739131,0.6900000000000002,5,0.1,20,K_meta
reptile,elqui,7,28,0.8181818181818182,0.87,5,0.1,20,K_meta
reptile,elqui,7,29,0.8571428571428571,0.96,5,0.1,20,K_meta
reptile,limari,7,0,0.5217391304347826,0.5549999999999999,5,0.1,20,K_meta
reptile,limari,7,1,0.8,0.8300000000000001,5,0.1,20,K_meta
reptile,limari,7,2,0.7272727272727273,0.72,5,0.1,20,K_meta
reptile,limari,7,3,0.7777777777777778,0.83,5,0.1,20,K_meta
reptile,limari,7,4,0.6,0.63,5,0.1,20,K_meta
reptile,limari,7,5,0.8,0.82,5,0.1,20,K_meta
reptile,limari,7,6,0.782608695652174,0.77,5,0.1,20,K_meta
reptile,limari,7,7,0.5263157894736842,0.64,5,0.1,20,K_meta
reptile,limari,7,8,0.6666666666666666,0.73,5,0.1,20,K_meta
reptile,limari,7,9,0.72,0.53,5,0.1,20,K_meta
reptile,limari,7,10,0.631578947368421,0.66,5,0.1,20,K_meta
reptile,limari,7,11,0.6666666666666666,0.61,5,0.1,20,K_meta
reptile,limari,7,12,0.8421052631578947,0.88,5,0.1,20,K_meta
reptile,limari,7,13,0.42857142857142855,0.77,5,0.1,20,K_meta
reptile,limari,7,14,0.8421052631578947,0.9,5,0.1,20,K_meta
reptile,limari,7,15,0.45454545454545453,0.36,5,0.1,20,K_meta
reptile,limari,7,16,0.8,0.79,5,0.1,20,K_meta
reptile,limari,7,17,0.7368421052631579,0.8300000000000001,5,0.1,20,K_meta
reptile,limari,7,18,0.631578947368421,0.7,5,0.1,20,K_meta
reptile,limari,7,19,0.64,0.465,5,0.1,20,K_meta
reptile,limari,7,20,0.5714285714285714,0.8300000000000001,5,0.1,20,K_meta
reptile,limari,7,21,0.5555555555555556,0.69,5,0.1,20,K_meta
reptile,limari,7,22,0.5555555555555556,0.73,5,0.1,20,K_meta
reptile,limari,7,23,0.7619047619047619,0.755,5,0.1,20,K_meta
reptile,limari,7,24,0.7,0.78,5,0.1,20,K_meta
reptile,limari,7,25,0.5,0.56,5,0.1,20,K_meta
reptile,limari,7,26,0.6666666666666666,0.7,5,0.1,20,K_meta
reptile,limari,7,27,0.6086956521739131,0.44,5,0.1,20,K_meta
reptile,limari,7,28,0.5714285714285714,0.91,5,0.1,20,K_meta
reptile,limari,7,29,0.7368421052631579,0.7799999999999999,5,0.1,20,K_meta
fomaml,copiapo,42,0,0.8235294117647058,0.96,5,0.1,20,K_meta
fomaml,copiapo,42,1,0.7777777777777778,0.9299999999999999,5,0.1,20,K_meta
fomaml,copiapo,42,2,0.7692307692307693,0.94,5,0.1,20,K_meta
fomaml,copiapo,42,3,0.8333333333333334,0.9400000000000001,5,0.1,20,K_meta
fomaml,copiapo,42,4,0.7777777777777778,0.84,5,0.1,20,K_meta
fomaml,copiapo,42,5,0.6666666666666666,0.765,5,0.1,20,K_meta
fomaml,copiapo,42,6,0.5882352941176471,0.7900000000000001,5,0.1,20,K_meta
fomaml,copiapo,42,7,0.8695652173913043,0.9099999999999999,5,0.1,20,K_meta
fomaml,copiapo,42,8,0.9,0.98,5,0.1,20,K_meta
fomaml,copiapo,42,9,0.9,0.98,5,0.1,20,K_meta
fomaml,copiapo,42,10,0.8571428571428571,0.9400000000000001,5,0.1,20,K_meta
fomaml,copiapo,42,11,0.8181818181818182,0.89,5,0.1,20,K_meta
fomaml,copiapo,42,12,0.8695652173913043,0.97,5,0.1,20,K_meta
fomaml,copiapo,42,13,0.7368421052631579,0.845,5,0.1,20,K_meta
fomaml,copiapo,42,14,0.4444444444444444,0.695,5,0.1,20,K_meta
fomaml,copiapo,42,15,0.8333333333333334,0.98,5,0.1,20,K_meta
fomaml,copiapo,42,16,0.8421052631578947,0.97,5,0.1,20,K_meta
fomaml,copiapo,42,17,0.9090909090909091,0.9800000000000001,5,0.1,20,K_meta
fomaml,copiapo,42,18,0.8888888888888888,0.92,5,0.1,20,K_meta
fomaml,copiapo,42,19,0.7777777777777778,0.9099999999999999,5,0.1,20,K_meta
fomaml,copiapo,42,20,0.9,0.9800000000000001,5,0.1,20,K_meta
fomaml,copiapo,42,21,0.9090909090909091,0.9900000000000001,5,0.1,20,K_meta
fomaml,copiapo,42,22,0.8333333333333334,0.9400000000000001,5,0.1,20,K_meta
fomaml,copiapo,42,23,0.7777777777777778,0.78,5,0.1,20,K_meta
fomaml,copiapo,42,24,0.8888888888888888,1.0,5,0.1,20,K_meta
fomaml,copiapo,42,25,0.9473684210526315,0.96,5,0.1,20,K_meta
fomaml,copiapo,42,26,0.9,0.96,5,0.1,20,K_meta
fomaml,copiapo,42,27,0.8571428571428571,0.9499999999999998,5,0.1,20,K_meta
fomaml,copiapo,42,28,0.9,0.9,5,0.1,20,K_meta
fomaml,copiapo,42,29,0.8421052631578947,0.97,5,0.1,20,K_meta
fomaml,huasco,42,0,0.75,0.9,5,0.1,20,K_meta
fomaml,huasco,42,1,0.6666666666666666,0.95,5,0.1,20,K_meta
fomaml,huasco,42,2,0.9090909090909091,0.9800000000000001,5,0.1,20,K_meta
fomaml,huasco,42,3,0.9,0.97,5,0.1,20,K_meta
fomaml,huasco,42,4,0.8,0.9099999999999999,5,0.1,20,K_meta
fomaml,huasco,42,5,0.6666666666666666,0.86,5,0.1,20,K_meta
fomaml,huasco,42,6,0.8695652173913043,0.9800000000000001,5,0.1,20,K_meta
fomaml,huasco,42,7,0.7,0.8099999999999999,5,0.1,20,K_meta
fomaml,huasco,42,8,0.7058823529411765,0.94,5,0.1,20,K_meta
fomaml,huasco,42,9,0.9473684210526315,0.98,5,0.1,20,K_meta
fomaml,huasco,42,10,0.6666666666666666,0.8400000000000001,5,0.1,20,K_meta
fomaml,huasco,42,11,0.8695652173913043,0.9700000000000001,5,0.1,20,K_meta
fomaml,huasco,42,12,0.8,0.9,5,0.1,20,K_meta
fomaml,huasco,42,13,0.9473684210526315,1.0,5,0.1,20,K_meta
fomaml,huasco,42,14,0.8695652173913043,0.81,5,0.1,20,K_meta
fomaml,huasco,42,15,0.7,0.83,5,0.1,20,K_meta
fomaml,huasco,42,16,0.5882352941176471,0.8,5,0.1,20,K_meta
fomaml,huasco,42,17,0.9523809523809523,0.9500000000000001,5,0.1,20,K_meta
fomaml,huasco,42,18,0.8333333333333334,0.91,5,0.1,20,K_meta
fomaml,huasco,42,19,0.9523809523809523,0.96,5,0.1,20,K_meta
fomaml,huasco,42,20,0.8888888888888888,0.9800000000000001,5,0.1,20,K_meta
fomaml,huasco,42,21,0.8888888888888888,0.93,5,0.1,20,K_meta
fomaml,huasco,42,22,0.7619047619047619,0.8200000000000001,5,0.1,20,K_meta
fomaml,huasco,42,23,0.9090909090909091,0.83,5,0.1,20,K_meta
fomaml,huasco,42,24,0.8235294117647058,0.9500000000000001,5,0.1,20,K_meta
fomaml,huasco,42,25,0.8888888888888888,0.99,5,0.1,20,K_meta
fomaml,huasco,42,26,0.8333333333333334,0.93,5,0.1,20,K_meta
fomaml,huasco,42,27,0.9523809523809523,1.0,5,0.1,20,K_meta
fomaml,huasco,42,28,0.8695652173913043,0.8799999999999999,5,0.1,20,K_meta
fomaml,huasco,42,29,0.9,0.99,5,0.1,20,K_meta
fomaml,elqui,42,0,0.4444444444444444,0.59,5,0.1,20,K_meta
fomaml,elqui,42,1,0.7058823529411765,0.8600000000000001,5,0.1,20,K_meta
fomaml,elqui,42,2,0.7368421052631579,0.86,5,0.1,20,K_meta
fomaml,elqui,42,3,0.7,0.79,5,0.1,20,K_meta
fomaml,elqui,42,4,0.8888888888888888,0.97,5,0.1,20,K_meta
fomaml,elqui,42,5,0.7272727272727273,0.8300000000000001,5,0.1,20,K_meta
fomaml,elqui,42,6,0.7,0.705,5,0.1,20,K_meta
fomaml,elqui,42,7,0.7368421052631579,0.85,5,0.1,20,K_meta
fomaml,elqui,42,8,0.7272727272727273,0.79,5,0.1,20,K_meta
fomaml,elqui,42,9,0.7777777777777778,0.84,5,0.1,20,K_meta
fomaml,elqui,42,10,0.9090909090909091,0.9699999999999999,5,0.1,20,K_meta
fomaml,elqui,42,11,0.5555555555555556,0.78,5,0.1,20,K_meta
fomaml,elqui,42,12,0.7619047619047619,0.85,5,0.1,20,K_meta
fomaml,elqui,42,13,0.8888888888888888,0.9500000000000002,5,0.1,20,K_meta
fomaml,elqui,42,14,0.8181818181818182,0.94,5,0.1,20,K_meta
fomaml,elqui,42,15,0.7272727272727273,0.9,5,0.1,20,K_meta
fomaml,elqui,42,16,0.8571428571428571,0.85,5,0.1,20,K_meta
fomaml,elqui,42,17,0.7619047619047619,0.7700000000000001,5,0.1,20,K_meta
fomaml,elqui,42,18,0.8235294117647058,0.87,5,0.1,20,K_meta
fomaml,elqui,42,19,0.7272727272727273,0.8200000000000001,5,0.1,20,K_meta
fomaml,elqui,42,20,0.7777777777777778,0.9299999999999999,5,0.1,20,K_meta
fomaml,elqui,42,21,0.7272727272727273,0.86,5,0.1,20,K_meta
fomaml,elqui,42,22,0.5882352941176471,0.85,5,0.1,20,K_meta
fomaml,elqui,42,23,0.7619047619047619,0.78,5,0.1,20,K_meta
fomaml,elqui,42,24,0.625,0.9,5,0.1,20,K_meta
fomaml,elqui,42,25,0.9,0.99,5,0.1,20,K_meta
fomaml,elqui,42,26,0.9523809523809523,0.97,5,0.1,20,K_meta
fomaml,elqui,42,27,0.7,0.77,5,0.1,20,K_meta
fomaml,elqui,42,28,0.8571428571428571,0.8500000000000001,5,0.1,20,K_meta
fomaml,elqui,42,29,0.8181818181818182,0.89,5,0.1,20,K_meta
fomaml,limari,42,0,0.8421052631578947,0.81,5,0.1,20,K_meta
fomaml,limari,42,1,0.5454545454545454,0.52,5,0.1,20,K_meta
fomaml,limari,42,2,0.47058823529411764,0.6900000000000001,5,0.1,20,K_meta
fomaml,limari,42,3,0.38095238095238093,0.43999999999999995,5,0.1,20,K_meta
fomaml,limari,42,4,0.6956521739130435,0.66,5,0.1,20,K_meta
fomaml,limari,42,5,0.375,0.61,5,0.1,20,K_meta
fomaml,limari,42,6,0.7619047619047619,0.72,5,0.1,20,K_meta
fomaml,limari,42,7,0.8421052631578947,0.9400000000000001,5,0.1,20,K_meta
fomaml,limari,42,8,0.6086956521739131,0.5900000000000001,5,0.1,20,K_meta
fomaml,limari,42,9,0.5714285714285714,0.48999999999999994,5,0.1,20,K_meta
fomaml,limari,42,10,0.47058823529411764,0.7,5,0.1,20,K_meta
fomaml,limari,42,11,0.9090909090909091,0.85,5,0.1,20,K_meta
fomaml,limari,42,12,0.7368421052631579,0.82,5,0.1,20,K_meta
fomaml,limari,42,13,0.782608695652174,0.8300000000000001,5,0.1,20,K_meta
fomaml,limari,42,14,0.7368421052631579,0.8799999999999999,5,0.1,20,K_meta
fomaml,limari,42,15,0.8571428571428571,0.87,5,0.1,20,K_meta
fomaml,limari,42,16,0.47058823529411764,0.6799999999999999,5,0.1,20,K_meta
fomaml,limari,42,17,0.5,0.7,5,0.1,20,K_meta
fomaml,limari,42,18,0.47619047619047616,0.45000000000000007,5,0.1,20,K_meta
fomaml,limari,42,19,0.8,0.82,5,0.1,20,K_meta
fomaml,limari,42,20,0.6666666666666666,0.76,5,0.1,20,K_meta
fomaml,limari,42,21,0.6666666666666666,0.8300000000000001,5,0.1,20,K_meta
fomaml,limari,42,22,0.47058823529411764,0.68,5,0.1,20,K_meta
fomaml,limari,42,23,0.42105263157894735,0.55,5,0.1,20,K_meta
fomaml,limari,42,24,0.8571428571428571,0.8599999999999999,5,0.1,20,K_meta
fomaml,limari,42,25,0.5882352941176471,0.74,5,0.1,20,K_meta
fomaml,limari,42,26,0.75,0.91,5,0.1,20,K_meta
fomaml,limari,42,27,0.6666666666666666,0.4,5,0.1,20,K_meta
fomaml,limari,42,28,0.6956521739130435,0.6100000000000001,5,0.1,20,K_meta
fomaml,limari,42,29,0.8695652173913043,0.83,5,0.1,20,K_meta
fomaml,copiapo,123,0,0.7777777777777778,0.94,5,0.1,20,K_meta
fomaml,copiapo,123,1,0.782608695652174,0.7999999999999999,5,0.1,20,K_meta
fomaml,copiapo,123,2,0.8235294117647058,1.0,5,0.1,20,K_meta
fomaml,copiapo,123,3,0.9,0.97,5,0.1,20,K_meta
fomaml,copiapo,123,4,0.8421052631578947,0.9500000000000001,5,0.1,20,K_meta
fomaml,copiapo,123,5,0.6666666666666666,0.84,5,0.1,20,K_meta
fomaml,copiapo,123,6,0.9090909090909091,0.99,5,0.1,20,K_meta
fomaml,copiapo,123,7,0.6363636363636364,0.6799999999999999,5,0.1,20,K_meta
fomaml,copiapo,123,8,0.7777777777777778,0.87,5,0.1,20,K_meta
fomaml,copiapo,123,9,0.7777777777777778,0.9400000000000001,5,0.1,20,K_meta
fomaml,copiapo,123,10,0.7777777777777778,0.9700000000000001,5,0.1,20,K_meta
fomaml,copiapo,123,11,0.8235294117647058,1.0,5,0.1,20,K_meta
fomaml,copiapo,123,12,0.7058823529411765,0.78,5,0.1,20,K_meta
fomaml,copiapo,123,13,0.8,0.88,5,0.1,20,K_meta
fomaml,copiapo,123,14,0.6666666666666666,0.84,5,0.1,20,K_meta
fomaml,copiapo,123,15,0.9,0.93,5,0.1,20,K_meta
fomaml,copiapo,123,16,0.8333333333333334,0.97,5,0.1,20,K_meta
fomaml,copiapo,123,17,0.8421052631578947,0.8900000000000001,5,0.1,20,K_meta
fomaml,copiapo,123,18,0.6666666666666666,0.85,5,0.1,20,K_meta
fomaml,copiapo,123,19,0.9473684210526315,1.0,5,0.1,20,K_meta
fomaml,copiapo,123,20,0.5555555555555556,0.7150000000000001,5,0.1,20,K_meta
fomaml,copiapo,123,21,0.9,0.9700000000000001,5,0.1,20,K_meta
fomaml,copiapo,123,22,0.72,0.8250000000000001,5,0.1,20,K_meta
fomaml,copiapo,123,23,0.631578947368421,0.75,5,0.1,20,K_meta
fomaml,copiapo,123,24,0.9090909090909091,0.93,5,0.1,20,K_meta
fomaml,copiapo,123,25,0.8235294117647058,0.88,5,0.1,20,K_meta
fomaml,copiapo,123,26,0.7777777777777778,0.8300000000000001,5,0.1,20,K_meta
fomaml,copiapo,123,27,0.8571428571428571,0.97,5,0.1,20,K_meta
fomaml,copiapo,123,28,0.782608695652174,0.96,5,0.1,20,K_meta
fomaml,copiapo,123,29,0.8235294117647058,0.8800000000000001,5,0.1,20,K_meta
fomaml,huasco,123,0,0.9090909090909091,0.9700000000000001,5,0.1,20,K_meta
fomaml,huasco,123,1,0.9473684210526315,1.0,5,0.1,20,K_meta
fomaml,huasco,123,2,0.8,0.96,5,0.1,20,K_meta
fomaml,huasco,123,3,0.8333333333333334,0.8599999999999999,5,0.1,20,K_meta
fomaml,huasco,123,4,0.782608695652174,0.92,5,0.1,20,K_meta
fomaml,huasco,123,5,0.625,0.9,5,0.1,20,K_meta
fomaml,huasco,123,6,0.8421052631578947,0.9400000000000001,5,0.1,20,K_meta
fomaml,huasco,123,7,0.7692307692307693,0.86,5,0.1,20,K_meta
fomaml,huasco,123,8,0.9523809523809523,0.96,5,0.1,20,K_meta
fomaml,huasco,123,9,0.8421052631578947,0.8900000000000001,5,0.1,20,K_meta
fomaml,huasco,123,10,0.9,0.9800000000000001,5,0.1,20,K_meta
fomaml,huasco,123,11,0.9,0.95,5,0.1,20,K_meta
fomaml,huasco,123,12,0.9523809523809523,0.9900000000000001,5,0.1,20,K_meta
fomaml,huasco,123,13,0.7368421052631579,0.825,5,0.1,20,K_meta
fomaml,huasco,123,14,0.8333333333333334,0.9199999999999999,5,0.1,20,K_meta
fomaml,huasco,123,15,0.9473684210526315,0.99,5,0.1,20,K_meta
fomaml,huasco,123,16,0.9,0.98,5,0.1,20,K_meta
fomaml,huasco,123,17,0.9523809523809523,1.0,5,0.1,20,K_meta
fomaml,huasco,123,18,0.9090909090909091,0.8900000000000001,5,0.1,20,K_meta
fomaml,huasco,123,19,0.7368421052631579,0.85,5,0.1,20,K_meta
fomaml,huasco,123,20,0.42857142857142855,0.87,5,0.1,20,K_meta
fomaml,huasco,123,21,0.8571428571428571,0.9,5,0.1,20,K_meta
fomaml,huasco,123,22,0.7058823529411765,0.8999999999999999,5,0.1,20,K_meta
fomaml,huasco,123,23,0.8695652173913043,0.96,5,0.1,20,K_meta
fomaml,huasco,123,24,1.0,1.0,5,0.1,20,K_meta
fomaml,huasco,123,25,0.8181818181818182,0.7999999999999999,5,0.1,20,K_meta
fomaml,huasco,123,26,0.7777777777777778,0.91,5,0.1,20,K_meta
fomaml,huasco,123,27,0.8695652173913043,0.9,5,0.1,20,K_meta
fomaml,huasco,123,28,0.9523809523809523,0.98,5,0.1,20,K_meta
fomaml,huasco,123,29,0.8235294117647058,1.0,5,0.1,20,K_meta
fomaml,elqui,123,0,0.72,0.8200000000000001,5,0.1,20,K_meta
fomaml,elqui,123,1,0.5,0.78,5,0.1,20,K_meta
fomaml,elqui,123,2,0.6363636363636364,0.52,5,0.1,20,K_meta
fomaml,elqui,123,3,0.8695652173913043,0.89,5,0.1,20,K_meta
fomaml,elqui,123,4,0.6666666666666666,0.8299999999999998,5,0.1,20,K_meta
fomaml,elqui,123,5,0.8421052631578947,0.9000000000000001,5,0.1,20,K_meta
fomaml,elqui,123,6,0.8421052631578947,0.9300000000000002,5,0.1,20,K_meta
fomaml,elqui,123,7,0.8421052631578947,0.8300000000000001,5,0.1,20,K_meta
fomaml,elqui,123,8,0.6666666666666666,0.8,5,0.1,20,K_meta
fomaml,elqui,123,9,0.8,0.9099999999999999,5,0.1,20,K_meta
fomaml,elqui,123,10,0.8571428571428571,0.86,5,0.1,20,K_meta
fomaml,elqui,123,11,0.9473684210526315,1.0,5,0.1,20,K_meta
fomaml,elqui,123,12,0.7368421052631579,0.7799999999999999,5,0.1,20,K_meta
fomaml,elqui,123,13,0.9,0.92,5,0.1,20,K_meta
fomaml,elqui,123,14,0.8695652173913043,0.98,5,0.1,20,K_meta
fomaml,elqui,123,15,0.7058823529411765,0.7200000000000001,5,0.1,20,K_meta
fomaml,elqui,123,16,0.9,0.9100000000000001,5,0.1,20,K_meta
fomaml,elqui,123,17,0.9473684210526315,1.0,5,0.1,20,K_meta
fomaml,elqui,123,18,0.7692307692307693,0.97,5,0.1,20,K_meta
fomaml,elqui,123,19,0.6666666666666666,0.76,5,0.1,20,K_meta
fomaml,elqui,123,20,0.8571428571428571,0.87,5,0.1,20,K_meta
fomaml,elqui,123,21,0.8421052631578947,0.96,5,0.1,20,K_meta
fomaml,elqui,123,22,0.9,0.9500000000000002,5,0.1,20,K_meta
fomaml,elqui,123,23,0.9,0.99,5,0.1,20,K_meta
fomaml,elqui,123,24,0.5882352941176471,0.7899999999999999,5,0.1,20,K_meta
fomaml,elqui,123,25,0.6666666666666666,0.71,5,0.1,20,K_meta
fomaml,elqui,123,26,0.7692307692307693,0.9400000000000002,5,0.1,20,K_meta
fomaml,elqui,123,27,0.7619047619047619,0.7100000000000001,5,0.1,20,K_meta
fomaml,elqui,123,28,0.35294117647058826,0.66,5,0.1,20,K_meta
fomaml,elqui,123,29,0.7058823529411765,0.7699999999999999,5,0.1,20,K_meta
fomaml,limari,123,0,0.5263157894736842,0.62,5,0.1,20,K_meta
fomaml,limari,123,1,0.5,0.7000000000000001,5,0.1,20,K_meta
fomaml,limari,123,2,0.72,0.74,5,0.1,20,K_meta
fomaml,limari,123,3,0.625,0.79,5,0.1,20,K_meta
fomaml,limari,123,4,0.5555555555555556,0.68,5,0.1,20,K_meta
fomaml,limari,123,5,0.5,0.5700000000000001,5,0.1,20,K_meta
fomaml,limari,123,6,0.7777777777777778,0.88,5,0.1,20,K_meta
fomaml,limari,123,7,0.5882352941176471,0.7799999999999999,5,0.1,20,K_meta
fomaml,limari,123,8,0.47619047619047616,0.46,5,0.1,20,K_meta
fomaml,limari,123,9,0.631578947368421,0.77,5,0.1,20,K_meta
fomaml,limari,123,10,0.5714285714285714,0.95,5,0.1,20,K_meta
fomaml,limari,123,11,0.47058823529411764,0.66,5,0.1,20,K_meta
fomaml,limari,123,12,0.4444444444444444,0.65,5,0.1,20,K_meta
fomaml,limari,123,13,0.631578947368421,0.72,5,0.1,20,K_meta
fomaml,limari,123,14,0.7058823529411765,0.8300000000000001,5,0.1,20,K_meta
fomaml,limari,123,15,0.782608695652174,0.75,5,0.1,20,K_meta
fomaml,limari,123,16,0.5555555555555556,0.6799999999999999,5,0.1,20,K_meta
fomaml,limari,123,17,0.9090909090909091,0.9,5,0.1,20,K_meta
fomaml,limari,123,18,0.6666666666666666,0.7400000000000001,5,0.1,20,K_meta
fomaml,limari,123,19,0.7368421052631579,0.7999999999999999,5,0.1,20,K_meta
fomaml,limari,123,20,0.8333333333333334,0.66,5,0.1,20,K_meta
fomaml,limari,123,21,0.7619047619047619,0.89,5,0.1,20,K_meta
fomaml,limari,123,22,0.5,0.6,5,0.1,20,K_meta
fomaml,limari,123,23,0.6,0.75,5,0.1,20,K_meta
fomaml,limari,123,24,0.4444444444444444,0.64,5,0.1,20,K_meta
fomaml,limari,123,25,0.6666666666666666,0.43,5,0.1,20,K_meta
fomaml,limari,123,26,0.5714285714285714,0.68,5,0.1,20,K_meta
fomaml,limari,123,27,0.6956521739130435,0.71,5,0.1,20,K_meta
fomaml,limari,123,28,0.6666666666666666,0.72,5,0.1,20,K_meta
fomaml,limari,123,29,0.4,0.51,5,0.1,20,K_meta
fomaml,copiapo,7,0,0.8695652173913043,0.97,5,0.1,20,K_meta
fomaml,copiapo,7,1,0.9090909090909091,0.94,5,0.1,20,K_meta
fomaml,copiapo,7,2,0.9,0.94,5,0.1,20,K_meta
fomaml,copiapo,7,3,0.8181818181818182,0.88,5,0.1,20,K_meta
fomaml,copiapo,7,4,0.7368421052631579,0.86,5,0.1,20,K_meta
fomaml,copiapo,7,5,0.8695652173913043,0.96,5,0.1,20,K_meta
fomaml,copiapo,7,6,0.8571428571428571,0.91,5,0.1,20,K_meta
fomaml,copiapo,7,7,0.75,0.9,5,0.1,20,K_meta
fomaml,copiapo,7,8,0.8,0.86,5,0.1,20,K_meta
fomaml,copiapo,7,9,0.8,0.92,5,0.1,20,K_meta
fomaml,copiapo,7,10,0.782608695652174,0.92,5,0.1,20,K_meta
fomaml,copiapo,7,11,0.5263157894736842,0.6799999999999999,5,0.1,20,K_meta
fomaml,copiapo,7,12,0.8571428571428571,0.98,5,0.1,20,K_meta
fomaml,copiapo,7,13,0.6923076923076923,0.8200000000000001,5,0.1,20,K_meta
fomaml,copiapo,7,14,0.8181818181818182,0.9199999999999999,5,0.1,20,K_meta
fomaml,copiapo,7,15,0.9523809523809523,0.95,5,0.1,20,K_meta
fomaml,copiapo,7,16,0.8571428571428571,0.9700000000000001,5,0.1,20,K_meta
fomaml,copiapo,7,17,0.8235294117647058,0.9400000000000001,5,0.1,20,K_meta
fomaml,copiapo,7,18,0.7368421052631579,0.92,5,0.1,20,K_meta
fomaml,copiapo,7,19,0.8421052631578947,0.9,5,0.1,20,K_meta
fomaml,copiapo,7,20,0.8,0.8999999999999999,5,0.1,20,K_meta
fomaml,copiapo,7,21,0.8235294117647058,0.94,5,0.1,20,K_meta
fomaml,copiapo,7,22,0.8,0.84,5,0.1,20,K_meta
fomaml,copiapo,7,23,0.631578947368421,0.78,5,0.1,20,K_meta
fomaml,copiapo,7,24,0.8888888888888888,0.8300000000000001,5,0.1,20,K_meta
fomaml,copiapo,7,25,0.7619047619047619,0.8999999999999999,5,0.1,20,K_meta
fomaml,copiapo,7,26,0.9090909090909091,0.94,5,0.1,20,K_meta
fomaml,copiapo,7,27,0.75,0.8900000000000001,5,0.1,20,K_meta
fomaml,copiapo,7,28,0.75,0.9,5,0.1,20,K_meta
fomaml,copiapo,7,29,0.6956521739130435,0.8500000000000001,5,0.1,20,K_meta
fomaml,huasco,7,0,0.9090909090909091,0.99,5,0.1,20,K_meta
fomaml,huasco,7,1,0.6666666666666666,0.89,5,0.1,20,K_meta
fomaml,huasco,7,2,0.9,0.92,5,0.1,20,K_meta
fomaml,huasco,7,3,0.9473684210526315,1.0,5,0.1,20,K_meta
fomaml,huasco,7,4,0.7619047619047619,0.85,5,0.1,20,K_meta
fomaml,huasco,7,5,0.9523809523809523,1.0,5,0.1,20,K_meta
fomaml,huasco,7,6,0.8571428571428571,0.95,5,0.1,20,K_meta
fomaml,huasco,7,7,0.7058823529411765,0.9200000000000002,5,0.1,20,K_meta
fomaml,huasco,7,8,0.8333333333333334,0.85,5,0.1,20,K_meta
fomaml,huasco,7,9,0.8695652173913043,0.92,5,0.1,20,K_meta
fomaml,huasco,7,10,0.9090909090909091,0.98,5,0.1,20,K_meta
fomaml,huasco,7,11,0.72,0.83,5,0.1,20,K_meta
fomaml,huasco,7,12,0.8695652173913043,0.75,5,0.1,20,K_meta
fomaml,huasco,7,13,0.8571428571428571,0.845,5,0.1,20,K_meta
fomaml,huasco,7,14,0.9523809523809523,1.0,5,0.1,20,K_meta
fomaml,huasco,7,15,0.8181818181818182,0.825,5,0.1,20,K_meta
fomaml,huasco,7,16,0.8695652173913043,0.91,5,0.1,20,K_meta
fomaml,huasco,7,17,0.6666666666666666,0.65,5,0.1,20,K_meta
fomaml,huasco,7,18,0.9090909090909091,0.91,5,0.1,20,K_meta
fomaml,huasco,7,19,0.9523809523809523,1.0,5,0.1,20,K_meta
fomaml,huasco,7,20,0.7272727272727273,0.85,5,0.1,20,K_meta
fomaml,huasco,7,21,0.9,0.99,5,0.1,20,K_meta
fomaml,huasco,7,22,0.782608695652174,0.87,5,0.1,20,K_meta
fomaml,huasco,7,23,0.7368421052631579,0.85,5,0.1,20,K_meta
fomaml,huasco,7,24,0.9523809523809523,0.93,5,0.1,20,K_meta
fomaml,huasco,7,25,0.6956521739130435,0.78,5,0.1,20,K_meta
fomaml,huasco,7,26,0.8888888888888888,0.98,5,0.1,20,K_meta
fomaml,huasco,7,27,0.6666666666666666,0.72,5,0.1,20,K_meta
fomaml,huasco,7,28,1.0,1.0,5,0.1,20,K_meta
fomaml,huasco,7,29,0.8,0.93,5,0.1,20,K_meta
fomaml,elqui,7,0,0.7272727272727273,0.67,5,0.1,20,K_meta
fomaml,elqui,7,1,0.8571428571428571,0.9400000000000001,5,0.1,20,K_meta
fomaml,elqui,7,2,0.782608695652174,0.66,5,0.1,20,K_meta
fomaml,elqui,7,3,0.7,0.85,5,0.1,20,K_meta
fomaml,elqui,7,4,0.8333333333333334,0.8799999999999999,5,0.1,20,K_meta
fomaml,elqui,7,5,0.7,0.69,5,0.1,20,K_meta
fomaml,elqui,7,6,0.625,0.93,5,0.1,20,K_meta
fomaml,elqui,7,7,0.8695652173913043,0.97,5,0.1,20,K_meta
fomaml,elqui,7,8,0.631578947368421,0.64,5,0.1,20,K_meta
fomaml,elqui,7,9,0.7272727272727273,0.8700000000000001,5,0.1,20,K_meta
fomaml,elqui,7,10,0.7368421052631579,0.88,5,0.1,20,K_meta
fomaml,elqui,7,11,0.6956521739130435,0.79,5,0.1,20,K_meta
fomaml,elqui,7,12,0.7368421052631579,0.88,5,0.1,20,K_meta
fomaml,elqui,7,13,0.8421052631578947,0.9000000000000001,5,0.1,20,K_meta
fomaml,elqui,7,14,0.8,0.81,5,0.1,20,K_meta
fomaml,elqui,7,15,0.8421052631578947,0.88,5,0.1,20,K_meta
fomaml,elqui,7,16,0.8,0.8300000000000001,5,0.1,20,K_meta
fomaml,elqui,7,17,0.7272727272727273,0.6000000000000001,5,0.1,20,K_meta
fomaml,elqui,7,18,0.6666666666666666,0.8599999999999999,5,0.1,20,K_meta
fomaml,elqui,7,19,0.8,0.8550000000000001,5,0.1,20,K_meta
fomaml,elqui,7,20,0.8181818181818182,0.8999999999999999,5,0.1,20,K_meta
fomaml,elqui,7,21,0.6,0.76,5,0.1,20,K_meta
fomaml,elqui,7,22,0.8333333333333334,0.9599999999999999,5,0.1,20,K_meta
fomaml,elqui,7,23,0.7142857142857143,0.6950000000000001,5,0.1,20,K_meta
fomaml,elqui,7,24,0.782608695652174,0.76,5,0.1,20,K_meta
fomaml,elqui,7,25,0.7777777777777778,0.87,5,0.1,20,K_meta
fomaml,elqui,7,26,0.8571428571428571,0.97,5,0.1,20,K_meta
fomaml,elqui,7,27,0.8,0.9,5,0.1,20,K_meta
fomaml,elqui,7,28,0.8181818181818182,0.8500000000000001,5,0.1,20,K_meta
fomaml,elqui,7,29,0.7619047619047619,0.9099999999999999,5,0.1,20,K_meta
fomaml,limari,7,0,0.6666666666666666,0.665,5,0.1,20,K_meta
fomaml,limari,7,1,0.9090909090909091,0.9200000000000002,5,0.1,20,K_meta
fomaml,limari,7,2,0.4444444444444444,0.5700000000000001,5,0.1,20,K_meta
fomaml,limari,7,3,0.6956521739130435,0.6900000000000001,5,0.1,20,K_meta
fomaml,limari,7,4,0.6666666666666666,0.61,5,0.1,20,K_meta
fomaml,limari,7,5,0.47619047619047616,0.39,5,0.1,20,K_meta
fomaml,limari,7,6,0.75,0.81,5,0.1,20,K_meta
fomaml,limari,7,7,0.5555555555555556,0.64,5,0.1,20,K_meta
fomaml,limari,7,8,0.631578947368421,0.75,5,0.1,20,K_meta
fomaml,limari,7,9,0.8,0.73,5,0.1,20,K_meta
fomaml,limari,7,10,0.631578947368421,0.76,5,0.1,20,K_meta
fomaml,limari,7,11,0.72,0.49,5,0.1,20,K_meta
fomaml,limari,7,12,0.8571428571428571,0.86,5,0.1,20,K_meta
fomaml,limari,7,13,0.8333333333333334,0.87,5,0.1,20,K_meta
fomaml,limari,7,14,0.8181818181818182,0.78,5,0.1,20,K_meta
fomaml,limari,7,15,0.45454545454545453,0.355,5,0.1,20,K_meta
fomaml,limari,7,16,0.7619047619047619,0.6900000000000001,5,0.1,20,K_meta
fomaml,limari,7,17,0.6956521739130435,0.65,5,0.1,20,K_meta
fomaml,limari,7,18,0.7368421052631579,0.88,5,0.1,20,K_meta
fomaml,limari,7,19,0.4444444444444444,0.58,5,0.1,20,K_meta
fomaml,limari,7,20,0.5,0.58,5,0.1,20,K_meta
fomaml,limari,7,21,0.7619047619047619,0.76,5,0.1,20,K_meta
fomaml,limari,7,22,0.5217391304347826,0.41000000000000003,5,0.1,20,K_meta
fomaml,limari,7,23,0.6086956521739131,0.595,5,0.1,20,K_meta
fomaml,limari,7,24,0.75,0.7,5,0.1,20,K_meta
fomaml,limari,7,25,0.7272727272727273,0.8,5,0.1,20,K_meta
fomaml,limari,7,26,0.6956521739130435,0.76,5,0.1,20,K_meta
fomaml,limari,7,27,0.8421052631578947,0.97,5,0.1,20,K_meta
fomaml,limari,7,28,0.4,0.77,5,0.1,20,K_meta
fomaml,limari,7,29,0.8181818181818182,0.86,5,0.1,20,K_meta
