target,cv_type,fold,method,seed,episode,f1,auc
copiapo,spatial,0,independent,42,0,0.25,0.7142857142857143
copiapo,spatial,0,independent,42,1,0.4444444444444444,1.0
copiapo,spatial,0,independent,42,2,0.4444444444444444,0.7142857142857143
copiapo,spatial,0,independent,42,3,0.4444444444444444,1.0
copiapo,spatial,0,independent,42,4,0.4444444444444444,0.7142857142857143
copiapo,spatial,0,independent,42,5,0.4444444444444444,0.7142857142857143
copiapo,spatial,0,independent,42,6,0.4444444444444444,0.7142857142857143
copiapo,spatial,0,independent,42,7,0.4444444444444444,0.7142857142857143
copiapo,spatial,0,independent,42,8,0.4444444444444444,1.0
copiapo,spatial,0,independent,42,9,0.4444444444444444,0.7142857142857143
copiapo,spatial,0,finetune,42,0,0.4444444444444444,1.0
copiapo,spatial,0,finetune,42,1,0.25,1.0
copiapo,spatial,0,finetune,42,2,0.4444444444444444,1.0
copiapo,spatial,0,finetune,42,3,0.4444444444444444,1.0
copiapo,spatial,0,finetune,42,4,0.25,1.0
copiapo,spatial,0,finetune,42,5,0.25,1.0
copiapo,spatial,0,finetune,42,6,0.25,1.0
copiapo,spatial,0,finetune,42,7,0.25,1.0
copiapo,spatial,0,finetune,42,8,0.25,1.0
copiapo,spatial,0,finetune,42,9,0.25,1.0
copiapo,spatial,0,reptile,42,0,0.25,1.0
copiapo,spatial,0,reptile,42,1,0.4444444444444444,1.0
copiapo,spatial,0,reptile,42,2,0.4444444444444444,1.0
copiapo,spatial,0,reptile,42,3,0.4444444444444444,1.0
copiapo,spatial,0,reptile,42,4,0.4444444444444444,1.0
copiapo,spatial,0,reptile,42,5,0.4444444444444444,1.0
copiapo,spatial,0,reptile,42,6,0.25,1.0
copiapo,spatial,0,reptile,42,7,0.4444444444444444,1.0
copiapo,spatial,0,reptile,42,8,0.25,1.0
copiapo,spatial,0,reptile,42,9,0.4444444444444444,1.0
copiapo,spatial,0,fomaml,42,0,0.4444444444444444,1.0
copiapo,spatial,0,fomaml,42,1,0.4444444444444444,0.7142857142857143
copiapo,spatial,0,fomaml,42,2,0.4444444444444444,1.0
copiapo,spatial,0,fomaml,42,3,0.4444444444444444,1.0
copiapo,spatial,0,fomaml,42,4,0.4444444444444444,1.0
copiapo,spatial,0,fomaml,42,5,0.4444444444444444,1.0
copiapo,spatial,0,fomaml,42,6,0.4444444444444444,1.0
copiapo,spatial,0,fomaml,42,7,0.4444444444444444,1.0
copiapo,spatial,0,fomaml,42,8,0.4444444444444444,1.0
copiapo,spatial,0,fomaml,42,9,0.4444444444444444,1.0
copiapo,spatial,1,independent,42,0,0.0,
copiapo,spatial,1,independent,42,1,0.0,
copiapo,spatial,1,independent,42,2,0.0,
copiapo,spatial,1,independent,42,3,0.0,
copiapo,spatial,1,independent,42,4,0.0,
copiapo,spatial,1,independent,42,5,0.0,
copiapo,spatial,1,independent,42,6,0.0,
copiapo,spatial,1,independent,42,7,0.0,
copiapo,spatial,1,independent,42,8,0.0,
copiapo,spatial,1,independent,42,9,0.0,
copiapo,spatial,1,finetune,42,0,0.0,
copiapo,spatial,1,finetune,42,1,0.0,
copiapo,spatial,1,finetune,42,2,0.0,
copiapo,spatial,1,finetune,42,3,0.0,
copiapo,spatial,1,finetune,42,4,0.0,
copiapo,spatial,1,finetune,42,5,0.0,
copiapo,spatial,1,finetune,42,6,0.0,
copiapo,spatial,1,finetune,42,7,0.0,
copiapo,spatial,1,finetune,42,8,0.0,
copiapo,spatial,1,finetune,42,9,0.0,
copiapo,spatial,1,reptile,42,0,0.0,
copiapo,spatial,1,reptile,42,1,0.0,
copiapo,spatial,1,reptile,42,2,0.0,
copiapo,spatial,1,reptile,42,3,0.0,
copiapo,spatial,1,reptile,42,4,0.0,
copiapo,spatial,1,reptile,42,5,0.0,
copiapo,spatial,1,reptile,42,6,0.0,
copiapo,spatial,1,reptile,42,7,0.0,
copiapo,spatial,1,reptile,42,8,0.0,
copiapo,spatial,1,reptile,42,9,0.0,
copiapo,spatial,1,fomaml,42,0,0.0,
copiapo,spatial,1,fomaml,42,1,0.0,
copiapo,spatial,1,fomaml,42,2,0.0,
copiapo,spatial,1,fomaml,42,3,0.0,
copiapo,spatial,1,fomaml,42,4,0.0,
copiapo,spatial,1,fomaml,42,5,0.0,
copiapo,spatial,1,fomaml,42,6,0.0,
copiapo,spatial,1,fomaml,42,7,0.0,
copiapo,spatial,1,fomaml,42,8,0.0,
copiapo,spatial,1,fomaml,42,9,0.0,
copiapo,spatial,2,independent,42,0,0.0,
copiapo,spatial,2,independent,42,1,0.0,
copiapo,spatial,2,independent,42,2,0.0,
copiapo,spatial,2,independent,42,3,0.0,
copiapo,spatial,2,independent,42,4,0.0,
copiapo,spatial,2,independent,42,5,0.0,
copiapo,spatial,2,independent,42,6,0.0,
copiapo,spatial,2,independent,42,7,0.0,
copiapo,spatial,2,independent,42,8,0.0,
copiapo,spatial,2,independent,42,9,0.0,
copiapo,spatial,2,finetune,42,0,0.0,
copiapo,spatial,2,finetune,42,1,0.0,
copiapo,spatial,2,finetune,42,2,0.0,
copiapo,spatial,2,finetune,42,3,0.0,
copiapo,spatial,2,finetune,42,4,0.0,
copiapo,spatial,2,finetune,42,5,0.0,
copiapo,spatial,2,finetune,42,6,0.0,
copiapo,spatial,2,finetune,42,7,0.0,
copiapo,spatial,2,finetune,42,8,0.0,
copiapo,spatial,2,finetune,42,9,0.0,
copiapo,spatial,2,reptile,42,0,0.0,
copiapo,spatial,2,reptile,42,1,0.0,
copiapo,spatial,2,reptile,42,2,0.0,
copiapo,spatial,2,reptile,42,3,0.0,
copiapo,spatial,2,reptile,42,4,0.0,
copiapo,spatial,2,reptile,42,5,0.0,
copiapo,spatial,2,reptile,42,6,0.0,
copiapo,spatial,2,reptile,42,7,0.0,
copiapo,spatial,2,reptile,42,8,0.0,
copiapo,spatial,2,reptile,42,9,0.0,
copiapo,spatial,2,fomaml,42,0,0.0,
copiapo,spatial,2,fomaml,42,1,0.0,
copiapo,spatial,2,fomaml,42,2,0.0,
copiapo,spatial,2,fomaml,42,3,0.0,
copiapo,spatial,2,fomaml,42,4,0.0,
copiapo,spatial,2,fomaml,42,5,0.0,
copiapo,spatial,2,fomaml,42,6,0.0,
copiapo,spatial,2,fomaml,42,7,0.0,
copiapo,spatial,2,fomaml,42,8,0.0,
copiapo,spatial,2,fomaml,42,9,0.0,
copiapo,spatial,3,independent,42,0,0.6666666666666666,0.5
copiapo,spatial,3,independent,42,1,0.8235294117647058,0.37500000000000006
copiapo,spatial,3,independent,42,2,0.6666666666666666,0.5
copiapo,spatial,3,independent,42,3,0.8235294117647058,0.625
copiapo,spatial,3,independent,42,4,0.75,0.45833333333333337
copiapo,spatial,3,independent,42,5,0.75,0.45833333333333337
copiapo,spatial,3,independent,42,6,0.6666666666666666,0.6666666666666667
copiapo,spatial,3,independent,42,7,0.6666666666666666,0.5833333333333334
copiapo,spatial,3,independent,42,8,0.6666666666666666,0.625
copiapo,spatial,3,independent,42,9,0.8235294117647058,0.45833333333333337
copiapo,spatial,3,finetune,42,0,0.8888888888888888,0.33333333333333337
copiapo,spatial,3,finetune,42,1,0.8888888888888888,0.33333333333333337
copiapo,spatial,3,finetune,42,2,0.8235294117647058,0.33333333333333337
copiapo,spatial,3,finetune,42,3,0.8888888888888888,0.33333333333333337
copiapo,spatial,3,finetune,42,4,0.8888888888888888,0.37500000000000006
copiapo,spatial,3,finetune,42,5,0.8888888888888888,0.33333333333333337
copiapo,spatial,3,finetune,42,6,0.8235294117647058,0.45833333333333337
copiapo,spatial,3,finetune,42,7,0.8888888888888888,0.37500000000000006
copiapo,spatial,3,finetune,42,8,0.8888888888888888,0.33333333333333337
copiapo,spatial,3,finetune,42,9,0.8888888888888888,0.33333333333333337
copiapo,spatial,3,reptile,42,0,0.75,0.33333333333333337
copiapo,spatial,3,reptile,42,1,0.6666666666666666,0.33333333333333337
copiapo,spatial,3,reptile,42,2,0.6666666666666666,0.33333333333333337
copiapo,spatial,3,reptile,42,3,0.75,0.33333333333333337
copiapo,spatial,3,reptile,42,4,0.75,0.33333333333333337
copiapo,spatial,3,reptile,42,5,0.5714285714285714,0.33333333333333337
copiapo,spatial,3,reptile,42,6,0.6666666666666666,0.33333333333333337
copiapo,spatial,3,reptile,42,7,0.5714285714285714,0.33333333333333337
copiapo,spatial,3,reptile,42,8,0.75,0.33333333333333337
copiapo,spatial,3,reptile,42,9,0.75,0.33333333333333337
copiapo,spatial,3,fomaml,42,0,0.6666666666666666,0.4166666666666667
copiapo,spatial,3,fomaml,42,1,0.6666666666666666,0.5
copiapo,spatial,3,fomaml,42,2,0.6666666666666666,0.4166666666666667
copiapo,spatial,3,fomaml,42,3,0.75,0.33333333333333337
copiapo,spatial,3,fomaml,42,4,0.6666666666666666,0.5
copiapo,spatial,3,fomaml,42,5,0.8235294117647058,0.4166666666666667
copiapo,spatial,3,fomaml,42,6,0.6666666666666666,0.33333333333333337
copiapo,spatial,3,fomaml,42,7,0.75,0.45833333333333337
copiapo,spatial,3,fomaml,42,8,0.5714285714285714,0.33333333333333337
copiapo,spatial,3,fomaml,42,9,0.75,0.33333333333333337
copiapo,spatial,4,independent,42,0,0.8888888888888888,0.9166666666666667
copiapo,spatial,4,independent,42,1,0.8888888888888888,1.0
copiapo,spatial,4,independent,42,2,1.0,1.0
copiapo,spatial,4,independent,42,3,0.8888888888888888,1.0
copiapo,spatial,4,independent,42,4,0.8,0.9166666666666667
copiapo,spatial,4,independent,42,5,0.8888888888888888,1.0
copiapo,spatial,4,independent,42,6,1.0,1.0
copiapo,spatial,4,independent,42,7,0.8888888888888888,0.9166666666666667
copiapo,spatial,4,independent,42,8,0.8888888888888888,1.0
copiapo,spatial,4,independent,42,9,0.8888888888888888,0.8333333333333334
copiapo,spatial,4,finetune,42,0,0.8888888888888888,0.9166666666666667
copiapo,spatial,4,finetune,42,1,0.8888888888888888,1.0
copiapo,spatial,4,finetune,42,2,0.8888888888888888,0.9166666666666667
copiapo,spatial,4,finetune,42,3,0.8888888888888888,1.0
copiapo,spatial,4,finetune,42,4,0.8888888888888888,0.8333333333333334
copiapo,spatial,4,finetune,42,5,0.8888888888888888,1.0
copiapo,spatial,4,finetune,42,6,0.8888888888888888,1.0
copiapo,spatial,4,finetune,42,7,0.8888888888888888,1.0
copiapo,spatial,4,finetune,42,8,0.8888888888888888,0.9166666666666667
copiapo,spatial,4,finetune,42,9,0.8888888888888888,1.0
copiapo,spatial,4,reptile,42,0,0.8888888888888888,1.0
copiapo,spatial,4,reptile,42,1,0.8888888888888888,0.9166666666666667
copiapo,spatial,4,reptile,42,2,0.8888888888888888,1.0
copiapo,spatial,4,reptile,42,3,0.8888888888888888,1.0
copiapo,spatial,4,reptile,42,4,0.8888888888888888,1.0
copiapo,spatial,4,reptile,42,5,0.8888888888888888,1.0
copiapo,spatial,4,reptile,42,6,0.8888888888888888,1.0
copiapo,spatial,4,reptile,42,7,0.8888888888888888,1.0
copiapo,spatial,4,reptile,42,8,0.8888888888888888,1.0
copiapo,spatial,4,reptile,42,9,0.8888888888888888,1.0
copiapo,spatial,4,fomaml,42,0,1.0,1.0
copiapo,spatial,4,fomaml,42,1,1.0,1.0
copiapo,spatial,4,fomaml,42,2,0.8888888888888888,1.0
copiapo,spatial,4,fomaml,42,3,1.0,1.0
copiapo,spatial,4,fomaml,42,4,0.8888888888888888,1.0
copiapo,spatial,4,fomaml,42,5,1.0,1.0
copiapo,spatial,4,fomaml,42,6,0.8888888888888888,1.0
copiapo,spatial,4,fomaml,42,7,0.8888888888888888,1.0
copiapo,spatial,4,fomaml,42,8,0.8888888888888888,1.0
copiapo,spatial,4,fomaml,42,9,0.8888888888888888,1.0
copiapo,random,0,independent,42,0,0.9090909090909091,0.9333333333333333
copiapo,random,0,independent,42,1,0.9090909090909091,1.0
copiapo,random,0,independent,42,2,0.9090909090909091,0.9333333333333333
copiapo,random,0,independent,42,3,0.9090909090909091,0.9333333333333333
copiapo,random,0,independent,42,4,0.9090909090909091,0.9333333333333333
copiapo,random,0,independent,42,5,0.9090909090909091,1.0
copiapo,random,0,independent,42,6,0.9090909090909091,0.9333333333333333
copiapo,random,0,independent,42,7,0.9090909090909091,0.9333333333333333
copiapo,random,0,independent,42,8,0.9090909090909091,0.9333333333333333
copiapo,random,0,independent,42,9,0.9090909090909091,0.9333333333333333
copiapo,random,0,finetune,42,0,0.9090909090909091,0.8666666666666667
copiapo,random,0,finetune,42,1,0.9090909090909091,0.9333333333333333
copiapo,random,0,finetune,42,2,0.9090909090909091,0.9333333333333333
copiapo,random,0,finetune,42,3,0.9090909090909091,1.0
copiapo,random,0,finetune,42,4,0.9090909090909091,0.9333333333333333
copiapo,random,0,finetune,42,5,0.9090909090909091,1.0
copiapo,random,0,finetune,42,6,0.9090909090909091,0.8
copiapo,random,0,finetune,42,7,0.9090909090909091,0.8666666666666667
copiapo,random,0,finetune,42,8,0.9090909090909091,0.8666666666666667
copiapo,random,0,finetune,42,9,0.9090909090909091,0.9333333333333333
copiapo,random,0,reptile,42,0,0.9090909090909091,0.9333333333333333
copiapo,random,0,reptile,42,1,0.9090909090909091,0.9333333333333333
copiapo,random,0,reptile,42,2,0.9090909090909091,0.8666666666666667
copiapo,random,0,reptile,42,3,0.9090909090909091,0.9333333333333333
copiapo,random,0,reptile,42,4,0.9090909090909091,0.9333333333333333
copiapo,random,0,reptile,42,5,0.9090909090909091,0.9333333333333333
copiapo,random,0,reptile,42,6,0.9090909090909091,0.9333333333333333
copiapo,random,0,reptile,42,7,0.9090909090909091,0.9333333333333333
copiapo,random,0,reptile,42,8,0.9090909090909091,0.9333333333333333
copiapo,random,0,reptile,42,9,0.9090909090909091,0.9333333333333333
copiapo,random,0,fomaml,42,0,0.9090909090909091,1.0
copiapo,random,0,fomaml,42,1,0.9090909090909091,1.0
copiapo,random,0,fomaml,42,2,0.9090909090909091,1.0
copiapo,random,0,fomaml,42,3,0.9090909090909091,1.0
copiapo,random,0,fomaml,42,4,0.9090909090909091,1.0
copiapo,random,0,fomaml,42,5,0.9090909090909091,1.0
copiapo,random,0,fomaml,42,6,0.9090909090909091,1.0
copiapo,random,0,fomaml,42,7,0.9090909090909091,1.0
copiapo,random,0,fomaml,42,8,0.9090909090909091,1.0
copiapo,random,0,fomaml,42,9,0.9090909090909091,1.0
copiapo,random,1,independent,42,0,1.0,1.0
copiapo,random,1,independent,42,1,0.8888888888888888,1.0
copiapo,random,1,independent,42,2,1.0,1.0
copiapo,random,1,independent,42,3,1.0,1.0
copiapo,random,1,independent,42,4,1.0,1.0
copiapo,random,1,independent,42,5,1.0,1.0
copiapo,random,1,independent,42,6,1.0,1.0
copiapo,random,1,independent,42,7,1.0,1.0
copiapo,random,1,independent,42,8,1.0,1.0
copiapo,random,1,independent,42,9,1.0,1.0
copiapo,random,1,finetune,42,0,1.0,1.0
copiapo,random,1,finetune,42,1,1.0,1.0
copiapo,random,1,finetune,42,2,0.8571428571428571,1.0
copiapo,random,1,finetune,42,3,1.0,1.0
copiapo,random,1,finetune,42,4,1.0,1.0
copiapo,random,1,finetune,42,5,0.8571428571428571,1.0
copiapo,random,1,finetune,42,6,1.0,1.0
copiapo,random,1,finetune,42,7,0.8571428571428571,1.0
copiapo,random,1,finetune,42,8,1.0,1.0
copiapo,random,1,finetune,42,9,0.8571428571428571,1.0
copiapo,random,1,reptile,42,0,1.0,1.0
copiapo,random,1,reptile,42,1,1.0,1.0
copiapo,random,1,reptile,42,2,1.0,1.0
copiapo,random,1,reptile,42,3,1.0,1.0
copiapo,random,1,reptile,42,4,1.0,1.0
copiapo,random,1,reptile,42,5,1.0,1.0
copiapo,random,1,reptile,42,6,1.0,1.0
copiapo,random,1,reptile,42,7,1.0,1.0
copiapo,random,1,reptile,42,8,1.0,1.0
copiapo,random,1,reptile,42,9,1.0,1.0
copiapo,random,1,fomaml,42,0,1.0,1.0
copiapo,random,1,fomaml,42,1,1.0,1.0
copiapo,random,1,fomaml,42,2,1.0,1.0
copiapo,random,1,fomaml,42,3,1.0,1.0
copiapo,random,1,fomaml,42,4,1.0,1.0
copiapo,random,1,fomaml,42,5,1.0,1.0
copiapo,random,1,fomaml,42,6,1.0,1.0
copiapo,random,1,fomaml,42,7,1.0,1.0
copiapo,random,1,fomaml,42,8,1.0,1.0
copiapo,random,1,fomaml,42,9,1.0,1.0
copiapo,random,2,independent,42,0,0.8571428571428571,1.0
copiapo,random,2,independent,42,1,0.8571428571428571,1.0
copiapo,random,2,independent,42,2,0.8571428571428571,1.0
copiapo,random,2,independent,42,3,0.8571428571428571,1.0
copiapo,random,2,independent,42,4,0.8571428571428571,1.0
copiapo,random,2,independent,42,5,0.8571428571428571,1.0
copiapo,random,2,independent,42,6,0.8571428571428571,1.0
copiapo,random,2,independent,42,7,0.8571428571428571,1.0
copiapo,random,2,independent,42,8,0.8571428571428571,1.0
copiapo,random,2,independent,42,9,0.8571428571428571,1.0
copiapo,random,2,finetune,42,0,0.8571428571428571,1.0
copiapo,random,2,finetune,42,1,0.8571428571428571,1.0
copiapo,random,2,finetune,42,2,0.8571428571428571,1.0
copiapo,random,2,finetune,42,3,0.8571428571428571,1.0
copiapo,random,2,finetune,42,4,0.8571428571428571,1.0
copiapo,random,2,finetune,42,5,0.8571428571428571,1.0
copiapo,random,2,finetune,42,6,0.8571428571428571,1.0
copiapo,random,2,finetune,42,7,0.8571428571428571,1.0
copiapo,random,2,finetune,42,8,0.8571428571428571,1.0
copiapo,random,2,finetune,42,9,0.8571428571428571,1.0
copiapo,random,2,reptile,42,0,0.8571428571428571,1.0
copiapo,random,2,reptile,42,1,0.8571428571428571,1.0
copiapo,random,2,reptile,42,2,0.8571428571428571,1.0
copiapo,random,2,reptile,42,3,0.8571428571428571,1.0
copiapo,random,2,reptile,42,4,0.8571428571428571,1.0
copiapo,random,2,reptile,42,5,0.8571428571428571,1.0
copiapo,random,2,reptile,42,6,0.8571428571428571,1.0
copiapo,random,2,reptile,42,7,0.8571428571428571,1.0
copiapo,random,2,reptile,42,8,0.8571428571428571,1.0
copiapo,random,2,reptile,42,9,0.8571428571428571,1.0
copiapo,random,2,fomaml,42,0,0.8571428571428571,1.0
copiapo,random,2,fomaml,42,1,0.8571428571428571,1.0
copiapo,random,2,fomaml,42,2,0.8571428571428571,1.0
copiapo,random,2,fomaml,42,3,0.8571428571428571,1.0
copiapo,random,2,fomaml,42,4,0.8571428571428571,1.0
copiapo,random,2,fomaml,42,5,0.8571428571428571,1.0
copiapo,random,2,fomaml,42,6,0.8571428571428571,1.0
copiapo,random,2,fomaml,42,7,0.8571428571428571,1.0
copiapo,random,2,fomaml,42,8,0.8571428571428571,1.0
copiapo,random,2,fomaml,42,9,0.8571428571428571,1.0
copiapo,random,3,independent,42,0,0.6666666666666666,1.0
copiapo,random,3,independent,42,1,0.6666666666666666,1.0
copiapo,random,3,independent,42,2,0.6666666666666666,1.0
copiapo,random,3,independent,42,3,0.6666666666666666,1.0
copiapo,random,3,independent,42,4,1.0,1.0
copiapo,random,3,independent,42,5,0.6666666666666666,1.0
copiapo,random,3,independent,42,6,1.0,1.0
copiapo,random,3,independent,42,7,1.0,1.0
copiapo,random,3,independent,42,8,1.0,1.0
copiapo,random,3,independent,42,9,1.0,1.0
copiapo,random,3,finetune,42,0,0.5,1.0
copiapo,random,3,finetune,42,1,0.5,1.0
copiapo,random,3,finetune,42,2,0.6666666666666666,1.0
copiapo,random,3,finetune,42,3,0.6666666666666666,1.0
copiapo,random,3,finetune,42,4,0.6666666666666666,1.0
copiapo,random,3,finetune,42,5,0.6666666666666666,1.0
copiapo,random,3,finetune,42,6,0.6666666666666666,1.0
copiapo,random,3,finetune,42,7,0.6666666666666666,1.0
copiapo,random,3,finetune,42,8,0.5,1.0
copiapo,random,3,finetune,42,9,0.6666666666666666,1.0
copiapo,random,3,reptile,42,0,0.6666666666666666,1.0
copiapo,random,3,reptile,42,1,0.6666666666666666,1.0
copiapo,random,3,reptile,42,2,0.6666666666666666,1.0
copiapo,random,3,reptile,42,3,0.6666666666666666,1.0
copiapo,random,3,reptile,42,4,0.4,0.8333333333333334
copiapo,random,3,reptile,42,5,0.6666666666666666,1.0
copiapo,random,3,reptile,42,6,0.6666666666666666,1.0
copiapo,random,3,reptile,42,7,0.5,1.0
copiapo,random,3,reptile,42,8,0.5,1.0
copiapo,random,3,reptile,42,9,0.6666666666666666,0.8333333333333334
copiapo,random,3,fomaml,42,0,0.6666666666666666,1.0
copiapo,random,3,fomaml,42,1,1.0,1.0
copiapo,random,3,fomaml,42,2,0.6666666666666666,1.0
copiapo,random,3,fomaml,42,3,1.0,1.0
copiapo,random,3,fomaml,42,4,0.6666666666666666,1.0
copiapo,random,3,fomaml,42,5,0.6666666666666666,1.0
copiapo,random,3,fomaml,42,6,0.6666666666666666,1.0
copiapo,random,3,fomaml,42,7,0.6666666666666666,1.0
copiapo,random,3,fomaml,42,8,1.0,1.0
copiapo,random,3,fomaml,42,9,0.6666666666666666,1.0
copiapo,random,4,independent,42,0,0.8,0.9
copiapo,random,4,independent,42,1,0.8888888888888888,0.9
copiapo,random,4,independent,42,2,0.8888888888888888,0.9
copiapo,random,4,independent,42,3,0.8,0.9
copiapo,random,4,independent,42,4,0.8,0.9
copiapo,random,4,independent,42,5,0.8,0.9
copiapo,random,4,independent,42,6,0.8,0.9
copiapo,random,4,independent,42,7,0.8,0.9
copiapo,random,4,independent,42,8,0.8,0.9
copiapo,random,4,independent,42,9,0.8,0.9
copiapo,random,4,finetune,42,0,0.8,0.9
copiapo,random,4,finetune,42,1,0.8,0.9
copiapo,random,4,finetune,42,2,0.8,0.9
copiapo,random,4,finetune,42,3,0.8,0.9
copiapo,random,4,finetune,42,4,0.8,0.9
copiapo,random,4,finetune,42,5,0.8888888888888888,0.9
copiapo,random,4,finetune,42,6,0.8,0.9
copiapo,random,4,finetune,42,7,0.8,0.9
copiapo,random,4,finetune,42,8,0.8,0.9
copiapo,random,4,finetune,42,9,0.8,0.9
copiapo,random,4,reptile,42,0,0.8,0.9
copiapo,random,4,reptile,42,1,0.8,0.9
copiapo,random,4,reptile,42,2,0.8888888888888888,0.9
copiapo,random,4,reptile,42,3,0.8,0.9
copiapo,random,4,reptile,42,4,0.8888888888888888,0.9
copiapo,random,4,reptile,42,5,0.8,0.9
copiapo,random,4,reptile,42,6,0.8,0.9
copiapo,random,4,reptile,42,7,0.8,0.9
copiapo,random,4,reptile,42,8,0.8,0.9
copiapo,random,4,reptile,42,9,0.8,0.9
copiapo,random,4,fomaml,42,0,0.8,0.9
copiapo,random,4,fomaml,42,1,0.8,0.9
copiapo,random,4,fomaml,42,2,0.8,0.9
copiapo,random,4,fomaml,42,3,0.8,0.9
copiapo,random,4,fomaml,42,4,0.8888888888888888,0.9
copiapo,random,4,fomaml,42,5,0.8,0.9
copiapo,random,4,fomaml,42,6,0.8,0.9
copiapo,random,4,fomaml,42,7,0.8,0.9
copiapo,random,4,fomaml,42,8,0.8,0.9
copiapo,random,4,fomaml,42,9,0.8,0.9
huasco,spatial,0,independent,42,0,0.9333333333333333,0.9614406779661017
huasco,spatial,0,independent,42,1,0.8672566371681416,0.9580508474576271
huasco,spatial,0,independent,42,2,0.9180327868852459,0.969774011299435
huasco,spatial,0,independent,42,3,0.8909090909090909,0.9790960451977401
huasco,spatial,0,independent,42,4,0.8727272727272727,0.9661016949152542
huasco,spatial,0,independent,42,5,0.7927927927927928,0.90409604519774
huasco,spatial,0,independent,42,6,0.8495575221238938,0.918361581920904
huasco,spatial,0,independent,42,7,0.9180327868852459,0.974858757062147
huasco,spatial,0,independent,42,8,0.9133858267716536,0.9830508474576272
huasco,spatial,0,independent,42,9,0.8368794326241135,0.9206214689265537
huasco,spatial,0,finetune,42,0,0.8828828828828829,0.9683615819209039
huasco,spatial,0,finetune,42,1,0.9206349206349206,0.9555084745762712
huasco,spatial,0,finetune,42,2,0.7572815533980582,0.9190677966101695
huasco,spatial,0,finetune,42,3,0.9107142857142857,0.964406779661017
huasco,spatial,0,finetune,42,4,0.9147286821705426,0.9649717514124293
huasco,spatial,0,finetune,42,5,0.9421487603305785,0.9686440677966103
huasco,spatial,0,finetune,42,6,0.8253968253968254,0.8837570621468926
huasco,spatial,0,finetune,42,7,0.921875,0.9713276836158192
huasco,spatial,0,finetune,42,8,0.9090909090909091,0.9668079096045198
huasco,spatial,0,finetune,42,9,0.9421487603305785,0.9718926553672316
huasco,spatial,0,reptile,42,0,0.9047619047619048,0.9516949152542373
huasco,spatial,0,reptile,42,1,0.928,0.9531073446327684
huasco,spatial,0,reptile,42,2,0.9090909090909091,0.9683615819209039
huasco,spatial,0,reptile,42,3,0.8976377952755905,0.9338983050847457
huasco,spatial,0,reptile,42,4,0.9230769230769231,0.9748587570621469
huasco,spatial,0,reptile,42,5,0.90625,0.9440677966101695
huasco,spatial,0,reptile,42,6,0.9076923076923077,0.9562146892655368
huasco,spatial,0,reptile,42,7,0.8818897637795275,0.9025423728813559
huasco,spatial,0,reptile,42,8,0.8805970149253731,0.9049435028248588
huasco,spatial,0,reptile,42,9,0.9180327868852459,0.9536723163841808
huasco,spatial,0,fomaml,42,0,0.9491525423728814,0.9607344632768362
huasco,spatial,0,fomaml,42,1,0.9354838709677419,0.971045197740113
huasco,spatial,0,fomaml,42,2,0.8596491228070176,0.9437853107344633
huasco,spatial,0,fomaml,42,3,0.9344262295081968,0.9545197740112994
huasco,spatial,0,fomaml,42,4,0.8411214953271028,0.9355932203389831
huasco,spatial,0,fomaml,42,5,0.905982905982906,0.97090395480226
huasco,spatial,0,fomaml,42,6,0.9152542372881356,0.9528248587570621
huasco,spatial,0,fomaml,42,7,0.9193548387096774,0.9457627118644067
huasco,spatial,0,fomaml,42,8,0.8849557522123894,0.9500000000000001
huasco,spatial,0,fomaml,42,9,0.8983050847457628,0.9728813559322034
huasco,spatial,1,independent,42,0,0.0,
huasco,spatial,1,independent,42,1,0.0,
huasco,spatial,1,independent,42,2,0.0,
huasco,spatial,1,independent,42,3,0.0,
huasco,spatial,1,independent,42,4,0.0,
huasco,spatial,1,independent,42,5,0.0,
huasco,spatial,1,independent,42,6,0.0,
huasco,spatial,1,independent,42,7,0.0,
huasco,spatial,1,independent,42,8,0.0,
huasco,spatial,1,independent,42,9,0.0,
huasco,spatial,1,finetune,42,0,0.0,
huasco,spatial,1,finetune,42,1,0.0,
huasco,spatial,1,finetune,42,2,0.0,
huasco,spatial,1,finetune,42,3,0.0,
huasco,spatial,1,finetune,42,4,0.0,
huasco,spatial,1,finetune,42,5,0.0,
huasco,spatial,1,finetune,42,6,0.0,
huasco,spatial,1,finetune,42,7,0.0,
huasco,spatial,1,finetune,42,8,0.0,
huasco,spatial,1,finetune,42,9,0.0,
huasco,spatial,1,reptile,42,0,0.0,
huasco,spatial,1,reptile,42,1,0.0,
huasco,spatial,1,reptile,42,2,0.0,
huasco,spatial,1,reptile,42,3,0.0,
huasco,spatial,1,reptile,42,4,0.0,
huasco,spatial,1,reptile,42,5,0.0,
huasco,spatial,1,reptile,42,6,0.0,
huasco,spatial,1,reptile,42,7,0.0,
huasco,spatial,1,reptile,42,8,0.0,
huasco,spatial,1,reptile,42,9,0.0,
huasco,spatial,1,fomaml,42,0,0.0,
huasco,spatial,1,fomaml,42,1,0.0,
huasco,spatial,1,fomaml,42,2,0.0,
huasco,spatial,1,fomaml,42,3,0.0,
huasco,spatial,1,fomaml,42,4,0.0,
huasco,spatial,1,fomaml,42,5,0.0,
huasco,spatial,1,fomaml,42,6,0.0,
huasco,spatial,1,fomaml,42,7,0.0,
huasco,spatial,1,fomaml,42,8,0.0,
huasco,spatial,1,fomaml,42,9,0.0,
huasco,spatial,2,independent,42,0,0.0,
huasco,spatial,2,independent,42,1,0.0,
huasco,spatial,2,independent,42,2,0.0,
huasco,spatial,2,independent,42,3,0.0,
huasco,spatial,2,independent,42,4,0.0,
huasco,spatial,2,independent,42,5,0.0,
huasco,spatial,2,independent,42,6,0.0,
huasco,spatial,2,independent,42,7,0.0,
huasco,spatial,2,independent,42,8,0.0,
huasco,spatial,2,independent,42,9,0.0,
huasco,spatial,2,finetune,42,0,0.0,
huasco,spatial,2,finetune,42,1,0.0,
huasco,spatial,2,finetune,42,2,0.0,
huasco,spatial,2,finetune,42,3,0.0,
huasco,spatial,2,finetune,42,4,0.0,
huasco,spatial,2,finetune,42,5,0.0,
huasco,spatial,2,finetune,42,6,0.0,
huasco,spatial,2,finetune,42,7,0.0,
huasco,spatial,2,finetune,42,8,0.0,
huasco,spatial,2,finetune,42,9,0.0,
huasco,spatial,2,reptile,42,0,0.0,
huasco,spatial,2,reptile,42,1,0.0,
huasco,spatial,2,reptile,42,2,0.0,
huasco,spatial,2,reptile,42,3,0.0,
huasco,spatial,2,reptile,42,4,0.0,
huasco,spatial,2,reptile,42,5,0.0,
huasco,spatial,2,reptile,42,6,0.0,
huasco,spatial,2,reptile,42,7,0.0,
huasco,spatial,2,reptile,42,8,0.0,
huasco,spatial,2,reptile,42,9,0.0,
huasco,spatial,2,fomaml,42,0,0.0,
huasco,spatial,2,fomaml,42,1,0.0,
huasco,spatial,2,fomaml,42,2,0.0,
huasco,spatial,2,fomaml,42,3,0.0,
huasco,spatial,2,fomaml,42,4,0.0,
huasco,spatial,2,fomaml,42,5,0.0,
huasco,spatial,2,fomaml,42,6,0.0,
huasco,spatial,2,fomaml,42,7,0.0,
huasco,spatial,2,fomaml,42,8,0.0,
huasco,spatial,2,fomaml,42,9,0.0,
huasco,spatial,3,independent,42,0,0.0,
huasco,spatial,3,independent,42,1,0.0,
huasco,spatial,3,independent,42,2,0.0,
huasco,spatial,3,independent,42,3,0.0,
huasco,spatial,3,independent,42,4,0.0,
huasco,spatial,3,independent,42,5,0.0,
huasco,spatial,3,independent,42,6,0.0,
huasco,spatial,3,independent,42,7,0.0,
huasco,spatial,3,independent,42,8,0.0,
huasco,spatial,3,independent,42,9,0.0,
huasco,spatial,3,finetune,42,0,0.0,
huasco,spatial,3,finetune,42,1,0.0,
huasco,spatial,3,finetune,42,2,0.0,
huasco,spatial,3,finetune,42,3,0.0,
huasco,spatial,3,finetune,42,4,0.0,
huasco,spatial,3,finetune,42,5,0.0,
huasco,spatial,3,finetune,42,6,0.0,
huasco,spatial,3,finetune,42,7,0.0,
huasco,spatial,3,finetune,42,8,0.0,
huasco,spatial,3,finetune,42,9,0.0,
huasco,spatial,3,reptile,42,0,0.0,
huasco,spatial,3,reptile,42,1,0.0,
huasco,spatial,3,reptile,42,2,0.0,
huasco,spatial,3,reptile,42,3,0.0,
huasco,spatial,3,reptile,42,4,0.0,
huasco,spatial,3,reptile,42,5,0.0,
huasco,spatial,3,reptile,42,6,0.0,
huasco,spatial,3,reptile,42,7,0.0,
huasco,spatial,3,reptile,42,8,0.0,
huasco,spatial,3,reptile,42,9,0.0,
huasco,spatial,3,fomaml,42,0,0.0,
huasco,spatial,3,fomaml,42,1,0.0,
huasco,spatial,3,fomaml,42,2,0.0,
huasco,spatial,3,fomaml,42,3,0.0,
huasco,spatial,3,fomaml,42,4,0.0,
huasco,spatial,3,fomaml,42,5,0.0,
huasco,spatial,3,fomaml,42,6,0.0,
huasco,spatial,3,fomaml,42,7,0.0,
huasco,spatial,3,fomaml,42,8,0.0,
huasco,spatial,3,fomaml,42,9,0.0,
huasco,spatial,4,independent,42,0,0.9252336448598131,0.8606809608894183
huasco,spatial,4,independent,42,1,0.8557457212713936,0.784891800675005
huasco,spatial,4,independent,42,2,0.7959183673469388,0.7914433194361723
huasco,spatial,4,independent,42,3,0.8782816229116945,0.8570081397657335
huasco,spatial,4,independent,42,4,0.929384965831435,0.836063132817153
huasco,spatial,4,independent,42,5,0.8716707021791767,0.8313976573357157
huasco,spatial,4,independent,42,6,0.7621621621621621,0.8011216994242605
huasco,spatial,4,independent,42,7,0.8102564102564103,0.8272781417510423
huasco,spatial,4,independent,42,8,0.7798408488063661,0.8156640857653364
huasco,spatial,4,independent,42,9,0.8465346534653465,0.8257891602144133
huasco,spatial,4,finetune,42,0,0.7226890756302521,0.809807425054596
huasco,spatial,4,finetune,42,1,0.8282828282828283,0.8026603136787771
huasco,spatial,4,finetune,42,2,0.8341708542713567,0.8276255707762556
huasco,spatial,4,finetune,42,3,0.8676470588235294,0.8283700615445702
huasco,spatial,4,finetune,42,4,0.944954128440367,0.9167659321024418
huasco,spatial,4,finetune,42,5,0.8761904761904762,0.8321917808219178
huasco,spatial,4,finetune,42,6,0.9504504504504504,0.8661901925749453
huasco,spatial,4,finetune,42,7,0.9095238095238095,0.8886241810601548
huasco,spatial,4,finetune,42,8,0.8229426433915212,0.7967540202501489
huasco,spatial,4,finetune,42,9,0.7979539641943734,0.807921381774866
huasco,spatial,4,reptile,42,0,0.8042328042328042,0.8729402422076634
huasco,spatial,4,reptile,42,1,0.8380462724935732,0.8731387730792138
huasco,spatial,4,reptile,42,2,0.9309576837416481,0.8146714314075838
huasco,spatial,4,reptile,42,3,0.8878281622911695,0.8433095096287472
huasco,spatial,4,reptile,42,4,0.9315068493150684,0.8586460194560254
huasco,spatial,4,reptile,42,5,0.8655256723716381,0.8368076235854676
huasco,spatial,4,reptile,42,6,0.9043062200956937,0.8912050823903117
huasco,spatial,4,reptile,42,7,0.85,0.8305042684137384
huasco,spatial,4,reptile,42,8,0.7821522309711286,0.8149692277149096
huasco,spatial,4,reptile,42,9,0.8307692307692308,0.8595394083780028
huasco,spatial,4,fomaml,42,0,0.8270676691729323,0.8140758387929322
huasco,spatial,4,fomaml,42,1,0.75,0.8045463569585071
huasco,spatial,4,fomaml,42,2,0.8153846153846154,0.8618721461187214
huasco,spatial,4,fomaml,42,3,0.8274111675126904,0.8468334325987691
huasco,spatial,4,fomaml,42,4,0.8405797101449275,0.8040500297796308
huasco,spatial,4,fomaml,42,5,0.9395348837209302,0.934683343259877
huasco,spatial,4,fomaml,42,6,0.8391959798994975,0.8363609291244788
huasco,spatial,4,fomaml,42,7,0.9238095238095239,0.9124478856462179
huasco,spatial,4,fomaml,42,8,0.7688172043010753,0.8434087750645225
huasco,spatial,4,fomaml,42,9,0.9277389277389277,0.8994937462775461
huasco,random,0,independent,42,0,0.9158878504672897,0.9414774544291653
huasco,random,0,independent,42,1,0.9090909090909091,0.9494723377038696
huasco,random,0,independent,42,2,0.9107142857142857,0.946434282059482
huasco,random,0,independent,42,3,0.8672566371681416,0.9176527022705468
huasco,random,0,independent,42,4,0.8275862068965517,0.910137511992325
huasco,random,0,independent,42,5,0.9056603773584906,0.9432363287496003
huasco,random,0,independent,42,6,0.8727272727272727,0.9304445155100736
huasco,random,0,independent,42,7,0.9158878504672897,0.940677966101695
huasco,random,0,independent,42,8,0.8909090909090909,0.9306044131755676
huasco,random,0,independent,42,9,0.9056603773584906,0.9358810361368725
huasco,random,0,finetune,42,0,0.9107142857142857,0.9222897345698753
huasco,random,0,finetune,42,1,0.8347826086956521,0.9142948512951711
huasco,random,0,finetune,42,2,0.8712871287128713,0.9392388871122481
huasco,random,0,finetune,42,3,0.8828828828828829,0.9171730092740646
huasco,random,0,finetune,42,4,0.8712871287128713,0.9481931563799169
huasco,random,0,finetune,42,5,0.8653846153846154,0.9409977614326831
huasco,random,0,finetune,42,6,0.8627450980392157,0.9451551007355292
huasco,random,0,finetune,42,7,0.9122807017543859,0.9579469139750559
huasco,random,0,finetune,42,8,0.8282828282828283,0.9449952030700353
huasco,random,0,finetune,42,9,0.896551724137931,0.9545890629996803
huasco,random,0,reptile,42,0,0.9272727272727272,0.95810681164055
huasco,random,0,reptile,42,1,0.9174311926605505,0.9472337703869523
huasco,random,0,reptile,42,2,0.8846153846153846,0.9360409338023665
huasco,random,0,reptile,42,3,0.9009009009009009,0.9392388871122482
huasco,random,0,reptile,42,4,0.9142857142857143,0.9465941797249761
huasco,random,0,reptile,42,5,0.9369369369369369,0.9571474256475856
huasco,random,0,reptile,42,6,0.9203539823008849,0.9529900863447394
huasco,random,0,reptile,42,7,0.896551724137931,0.9142948512951711
huasco,random,0,reptile,42,8,0.8596491228070176,0.9203709625839462
huasco,random,0,reptile,42,9,0.9345794392523364,0.9417972497601536
huasco,random,0,fomaml,42,0,0.8909090909090909,0.9355612408058843
huasco,random,0,fomaml,42,1,0.8928571428571429,0.9208506555804286
huasco,random,0,fomaml,42,2,0.9026548672566371,0.931244003837544
huasco,random,0,fomaml,42,3,0.8653846153846154,0.9401982731052126
huasco,random,0,fomaml,42,4,0.9217391304347826,0.9486728493763991
huasco,random,0,fomaml,42,5,0.9074074074074074,0.923568915893828
huasco,random,0,fomaml,42,6,0.9056603773584906,0.954109370003198
huasco,random,0,fomaml,42,7,0.9056603773584906,0.9370003197953309
huasco,random,0,fomaml,42,8,0.9174311926605505,0.9549088583306683
huasco,random,0,fomaml,42,9,0.9369369369369369,0.9457946913975055
huasco,random,1,independent,42,0,0.9482758620689655,0.982142857142857
huasco,random,1,independent,42,1,0.9152542372881356,0.9375
huasco,random,1,independent,42,2,0.9565217391304348,0.9753246753246754
huasco,random,1,independent,42,3,0.9649122807017544,0.9727272727272728
huasco,random,1,independent,42,4,0.9203539823008849,0.9857142857142858
huasco,random,1,independent,42,5,0.9482758620689655,0.9655844155844157
huasco,random,1,independent,42,6,0.9333333333333333,0.9660714285714286
huasco,random,1,independent,42,7,0.9,0.937987012987013
huasco,random,1,independent,42,8,0.9464285714285714,0.9675324675324675
huasco,random,1,independent,42,9,0.9009009009009009,0.9581168831168831
huasco,random,1,finetune,42,0,0.9380530973451328,0.974025974025974
huasco,random,1,finetune,42,1,0.8990825688073395,0.9837662337662337
huasco,random,1,finetune,42,2,0.9298245614035088,0.9636363636363636
huasco,random,1,finetune,42,3,0.9411764705882353,0.9702922077922078
huasco,random,1,finetune,42,4,0.9152542372881356,0.9214285714285714
huasco,random,1,finetune,42,5,0.972972972972973,0.9831168831168831
huasco,random,1,finetune,42,6,0.8679245283018868,0.949512987012987
huasco,random,1,finetune,42,7,0.9380530973451328,0.9732142857142857
huasco,random,1,finetune,42,8,0.9333333333333333,0.9675324675324675
huasco,random,1,finetune,42,9,0.8543689320388349,0.9623376623376623
huasco,random,1,reptile,42,0,0.9285714285714286,0.976948051948052
huasco,random,1,reptile,42,1,0.9391304347826087,0.972077922077922
huasco,random,1,reptile,42,2,0.8947368421052632,0.9496753246753247
huasco,random,1,reptile,42,3,0.9565217391304348,0.9626623376623377
huasco,random,1,reptile,42,4,0.9482758620689655,0.9808441558441559
huasco,random,1,reptile,42,5,0.8983050847457628,0.9282467532467533
huasco,random,1,reptile,42,6,0.9322033898305084,0.9607142857142857
huasco,random,1,reptile,42,7,0.9649122807017544,0.9762987012987013
huasco,random,1,reptile,42,8,0.9557522123893806,0.9886363636363635
huasco,random,1,reptile,42,9,0.9649122807017544,0.962012987012987
huasco,random,1,fomaml,42,0,0.9298245614035088,0.971103896103896
huasco,random,1,fomaml,42,1,0.9642857142857143,0.9915584415584416
huasco,random,1,fomaml,42,2,0.918918918918919,0.9847402597402597
huasco,random,1,fomaml,42,3,0.9074074074074074,0.9863636363636363
huasco,random,1,fomaml,42,4,0.9391304347826087,0.9733766233766235
huasco,random,1,fomaml,42,5,0.9230769230769231,0.9644480519480519
huasco,random,1,fomaml,42,6,0.918918918918919,0.9683441558441558
huasco,random,1,fomaml,42,7,0.9655172413793104,0.9766233766233766
huasco,random,1,fomaml,42,8,0.9090909090909091,0.9667207792207791
huasco,random,1,fomaml,42,9,0.9380530973451328,0.9792207792207792
huasco,random,2,independent,42,0,0.9375,0.9791666666666667
huasco,random,2,independent,42,1,0.9523809523809523,0.9733796296296297
huasco,random,2,independent,42,2,0.8717948717948718,0.9459325396825397
huasco,random,2,independent,42,3,0.9457364341085271,0.9751984126984127
huasco,random,2,independent,42,4,0.9,0.9659391534391534
huasco,random,2,independent,42,5,0.9032258064516129,0.9742063492063491
huasco,random,2,independent,42,6,0.9545454545454546,0.9652777777777778
huasco,random,2,independent,42,7,0.8739495798319328,0.9444444444444444
huasco,random,2,independent,42,8,0.8925619834710744,0.9695767195767194
huasco,random,2,independent,42,9,0.9312977099236641,0.9623015873015873
huasco,random,2,finetune,42,0,0.9206349206349206,0.976521164021164
huasco,random,2,finetune,42,1,0.9090909090909091,0.9596560846560847
huasco,random,2,finetune,42,2,0.921875,0.9652777777777778
huasco,random,2,finetune,42,3,0.9465648854961832,0.9761904761904762
huasco,random,2,finetune,42,4,0.8983050847457628,0.951388888888889
huasco,random,2,finetune,42,5,0.9,0.9699074074074073
huasco,random,2,finetune,42,6,0.9312977099236641,0.9722222222222222
huasco,random,2,finetune,42,7,0.8852459016393442,0.951058201058201
huasco,random,2,finetune,42,8,0.8833333333333333,0.9502314814814815
huasco,random,2,finetune,42,9,0.9538461538461539,0.9818121693121692
huasco,random,2,reptile,42,0,0.9016393442622951,0.9652777777777777
huasco,random,2,reptile,42,1,0.9354838709677419,0.9811507936507936
huasco,random,2,reptile,42,2,0.907563025210084,0.9821428571428571
huasco,random,2,reptile,42,3,0.8925619834710744,0.9659391534391534
huasco,random,2,reptile,42,4,0.9206349206349206,0.9728835978835978
huasco,random,2,reptile,42,5,0.921875,0.9497354497354497
huasco,random,2,reptile,42,6,0.847457627118644,0.9484126984126984
huasco,random,2,reptile,42,7,0.9206349206349206,0.9821428571428571
huasco,random,2,reptile,42,8,0.9016393442622951,0.9583333333333334
huasco,random,2,reptile,42,9,0.953125,0.9917328042328042
huasco,random,2,fomaml,42,0,0.9206349206349206,0.9424603174603174
huasco,random,2,fomaml,42,1,0.9384615384615385,0.9685846560846562
huasco,random,2,fomaml,42,2,0.905982905982906,0.9742063492063492
huasco,random,2,fomaml,42,3,0.8793103448275862,0.9490740740740742
huasco,random,2,fomaml,42,4,0.8925619834710744,0.955026455026455
huasco,random,2,fomaml,42,5,0.9538461538461539,0.9793320105820105
huasco,random,2,fomaml,42,6,0.9375,0.9457671957671957
huasco,random,2,fomaml,42,7,0.864,0.9249338624338623
huasco,random,2,fomaml,42,8,0.9344262295081968,0.9768518518518519
huasco,random,2,fomaml,42,9,0.926829268292683,0.9854497354497355
huasco,random,3,independent,42,0,0.8431372549019608,0.9460978835978837
huasco,random,3,independent,42,1,0.8543689320388349,0.8958333333333333
huasco,random,3,independent,42,2,0.8461538461538461,0.9252645502645503
huasco,random,3,independent,42,3,0.782608695652174,0.9126984126984127
huasco,random,3,independent,42,4,0.7835051546391752,0.8728505291005291
huasco,random,3,independent,42,5,0.84,0.9401455026455027
huasco,random,3,independent,42,6,0.8380952380952381,0.9284060846560847
huasco,random,3,independent,42,7,0.7789473684210526,0.8556547619047619
huasco,random,3,independent,42,8,0.8712871287128713,0.963128306878307
huasco,random,3,independent,42,9,0.88,0.9313822751322751
huasco,random,3,finetune,42,0,0.7865168539325843,0.9295634920634921
huasco,random,3,finetune,42,1,0.7835051546391752,0.8617724867724867
huasco,random,3,finetune,42,2,0.86,0.9593253968253969
huasco,random,3,finetune,42,3,0.8316831683168316,0.9244378306878307
huasco,random,3,finetune,42,4,0.8,0.8776455026455027
huasco,random,3,finetune,42,5,0.8823529411764706,0.9618055555555556
huasco,random,3,finetune,42,6,0.8,0.9212962962962963
huasco,random,3,finetune,42,7,0.8846153846153846,0.9626322751322751
huasco,random,3,finetune,42,8,0.82,0.9186507936507936
huasco,random,3,finetune,42,9,0.8541666666666666,0.9525462962962963
huasco,random,3,reptile,42,0,0.8712871287128713,0.9169973544973545
huasco,random,3,reptile,42,1,0.8484848484848485,0.9275793650793651
huasco,random,3,reptile,42,2,0.8598130841121495,0.9183201058201058
huasco,random,3,reptile,42,3,0.8867924528301887,0.957010582010582
huasco,random,3,reptile,42,4,0.8686868686868687,0.9183201058201058
huasco,random,3,reptile,42,5,0.8543689320388349,0.8938492063492064
huasco,random,3,reptile,42,6,0.8761904761904762,0.9408068783068783
huasco,random,3,reptile,42,7,0.8367346938775511,0.904265873015873
huasco,random,3,reptile,42,8,0.8163265306122449,0.8971560846560847
huasco,random,3,reptile,42,9,0.86,0.9421296296296297
huasco,random,3,fomaml,42,0,0.8775510204081632,0.9566798941798942
huasco,random,3,fomaml,42,1,0.84,0.9269179894179894
huasco,random,3,fomaml,42,2,0.8571428571428571,0.9378306878306878
huasco,random,3,fomaml,42,3,0.8461538461538461,0.9054232804232805
huasco,random,3,fomaml,42,4,0.8910891089108911,0.9634589947089948
huasco,random,3,fomaml,42,5,0.84,0.9074074074074074
huasco,random,3,fomaml,42,6,0.8297872340425532,0.9368386243386243
huasco,random,3,fomaml,42,7,0.8076923076923077,0.876984126984127
huasco,random,3,fomaml,42,8,0.8571428571428571,0.9507275132275131
huasco,random,3,fomaml,42,9,0.88,0.9626322751322751
huasco,random,4,independent,42,0,0.896,0.9512036434612883
huasco,random,4,independent,42,1,0.8833333333333333,0.9531554977228367
huasco,random,4,independent,42,2,0.9137931034482759,0.9606376057254391
huasco,random,4,independent,42,3,0.8818897637795275,0.9311971372804164
huasco,random,4,independent,42,4,0.8925619834710744,0.9238776837996097
huasco,random,4,independent,42,5,0.9105691056910569,0.9736499674690956
huasco,random,4,independent,42,6,0.9230769230769231,0.9588484059856863
huasco,random,4,independent,42,7,0.9016393442622951,0.9541314248536109
huasco,random,4,independent,42,8,0.8923076923076924,0.9630774235523747
huasco,random,4,independent,42,9,0.8596491228070176,0.9427456083279115
huasco,random,4,finetune,42,0,0.88,0.9111906310995446
huasco,random,4,finetune,42,1,0.8760330578512396,0.9113532856213402
huasco,random,4,finetune,42,2,0.8852459016393442,0.9453480806766428
huasco,random,4,finetune,42,3,0.9333333333333333,0.9552700065061809
huasco,random,4,finetune,42,4,0.943089430894309,0.9726740403383214
huasco,random,4,finetune,42,5,0.8923076923076924,0.9575471698113208
huasco,random,4,finetune,42,6,0.8521739130434782,0.9590110605074822
huasco,random,4,finetune,42,7,0.926829268292683,0.9351008458035133
huasco,random,4,finetune,42,8,0.8780487804878049,0.9362394274560832
huasco,random,4,finetune,42,9,0.9482758620689655,0.9746258945998698
huasco,random,4,reptile,42,0,0.9243697478991597,0.9570592062459335
huasco,random,4,reptile,42,1,0.8392857142857143,0.9173715029277814
huasco,random,4,reptile,42,2,0.8992248062015504,0.9079375406636305
huasco,random,4,reptile,42,3,0.8976377952755905,0.9609629147690306
huasco,random,4,reptile,42,4,0.8888888888888888,0.9492517891997398
huasco,random,4,reptile,42,5,0.896,0.9196486662329213
huasco,random,4,reptile,42,6,0.9032258064516129,0.9580351333767079
huasco,random,4,reptile,42,7,0.8992248062015504,0.9131424853610931
huasco,random,4,reptile,42,8,0.8852459016393442,0.91704619388419
huasco,random,4,reptile,42,9,0.8943089430894309,0.94242029928432
huasco,random,4,fomaml,42,0,0.9026548672566371,0.9536434612882239
huasco,random,4,fomaml,42,1,0.9152542372881356,0.9651919323357189
huasco,random,4,fomaml,42,2,0.896,0.9437215354586858
huasco,random,4,fomaml,42,3,0.873015873015873,0.9261548471047495
huasco,random,4,fomaml,42,4,0.9310344827586207,0.9778789850357841
huasco,random,4,fomaml,42,5,0.926829268292683,0.9632400780741706
huasco,random,4,fomaml,42,6,0.896,0.9477878985035784
huasco,random,4,fomaml,42,7,0.8870967741935484,0.9271307742355238
huasco,random,4,fomaml,42,8,0.9152542372881356,0.9681197137280416
huasco,random,4,fomaml,42,9,0.9230769230769231,0.9676317501626546
elqui,spatial,0,independent,42,0,0.7951807228915663,0.7548309178743962
elqui,spatial,0,independent,42,1,0.7777777777777778,0.7979066022544284
elqui,spatial,0,independent,42,2,0.8,0.7399355877616748
elqui,spatial,0,independent,42,3,0.8409090909090909,0.859098228663446
elqui,spatial,0,independent,42,4,0.8048780487804879,0.8993558776167472
elqui,spatial,0,independent,42,5,0.5714285714285714,0.7616747181964574
elqui,spatial,0,independent,42,6,0.7341772151898734,0.8796296296296297
elqui,spatial,0,independent,42,7,0.8409090909090909,0.8228663446054749
elqui,spatial,0,independent,42,8,0.8235294117647058,0.9114331723027376
elqui,spatial,0,independent,42,9,0.7586206896551724,0.715780998389694
elqui,spatial,0,finetune,42,0,0.7469879518072289,0.8309178743961353
elqui,spatial,0,finetune,42,1,0.775,0.8397745571658616
elqui,spatial,0,finetune,42,2,0.7012987012987013,0.7592592592592592
elqui,spatial,0,finetune,42,3,0.6578947368421053,0.7697262479871175
elqui,spatial,0,finetune,42,4,0.7532467532467533,0.855475040257649
elqui,spatial,0,finetune,42,5,0.813953488372093,0.8438003220611917
elqui,spatial,0,finetune,42,6,0.7088607594936709,0.7769726247987118
elqui,spatial,0,finetune,42,7,0.8275862068965517,0.8446054750402576
elqui,spatial,0,finetune,42,8,0.8409090909090909,0.8446054750402576
elqui,spatial,0,finetune,42,9,0.6842105263157895,0.8035426731078905
elqui,spatial,0,reptile,42,0,0.8235294117647058,0.8743961352657005
elqui,spatial,0,reptile,42,1,0.8505747126436781,0.8792270531400966
elqui,spatial,0,reptile,42,2,0.7951807228915663,0.8164251207729468
elqui,spatial,0,reptile,42,3,0.7741935483870968,0.7294685990338163
elqui,spatial,0,reptile,42,4,0.7608695652173914,0.7351046698872785
elqui,spatial,0,reptile,42,5,0.7710843373493976,0.747987117552335
elqui,spatial,0,reptile,42,6,0.75,0.751207729468599
elqui,spatial,0,reptile,42,7,0.6835443037974683,0.7673107890499196
elqui,spatial,0,reptile,42,8,0.7529411764705882,0.8019323671497585
elqui,spatial,0,reptile,42,9,0.7105263157894737,0.8494363929146538
elqui,spatial,0,fomaml,42,0,0.7,0.6014492753623188
elqui,spatial,0,fomaml,42,1,0.7959183673469388,0.7693236714975845
elqui,spatial,0,fomaml,42,2,0.7692307692307693,0.8381642512077294
elqui,spatial,0,fomaml,42,3,0.8131868131868132,0.8301127214170693
elqui,spatial,0,fomaml,42,4,0.8470588235294118,0.9001610305958132
elqui,spatial,0,fomaml,42,5,0.8433734939759037,0.8703703703703703
elqui,spatial,0,fomaml,42,6,0.8048780487804879,0.7713365539452496
elqui,spatial,0,fomaml,42,7,0.7551020408163265,0.7318840579710145
elqui,spatial,0,fomaml,42,8,0.7816091954022989,0.7592592592592593
elqui,spatial,0,fomaml,42,9,0.7560975609756098,0.7809983896940418
elqui,spatial,1,independent,42,0,0.8811188811188811,0.8591954022988506
elqui,spatial,1,independent,42,1,0.9006622516556292,0.9209770114942529
elqui,spatial,1,independent,42,2,0.8993288590604027,0.8400383141762452
elqui,spatial,1,independent,42,3,0.9006622516556292,0.8302203065134101
elqui,spatial,1,independent,42,4,0.9090909090909091,0.8524904214559387
elqui,spatial,1,independent,42,5,0.9150326797385621,0.9307950191570881
elqui,spatial,1,independent,42,6,0.935064935064935,0.9578544061302682
elqui,spatial,1,independent,42,7,0.9290322580645162,0.8979885057471263
elqui,spatial,1,independent,42,8,0.922077922077922,0.8948754789272031
elqui,spatial,1,independent,42,9,0.8874172185430463,0.8795498084291188
elqui,spatial,1,finetune,42,0,0.9230769230769231,0.9442049808429118
elqui,spatial,1,finetune,42,1,0.9261744966442953,0.8295019157088123
elqui,spatial,1,finetune,42,2,0.9006622516556292,0.853448275862069
elqui,spatial,1,finetune,42,3,0.9019607843137255,0.8948754789272031
elqui,spatial,1,finetune,42,4,0.8947368421052632,0.9351053639846743
elqui,spatial,1,finetune,42,5,0.8933333333333333,0.8381226053639846
elqui,spatial,1,finetune,42,6,0.9171974522292994,0.9612068965517241
elqui,spatial,1,finetune,42,7,0.9090909090909091,0.9616858237547893
elqui,spatial,1,finetune,42,8,0.9161290322580645,0.9386973180076629
elqui,spatial,1,finetune,42,9,0.9281045751633987,0.8960727969348659
elqui,spatial,1,reptile,42,0,0.9078947368421053,0.8922413793103449
elqui,spatial,1,reptile,42,1,0.9395973154362416,0.9449233716475095
elqui,spatial,1,reptile,42,2,0.9066666666666666,0.8589559386973179
elqui,spatial,1,reptile,42,3,0.8961038961038961,0.8781130268199233
elqui,spatial,1,reptile,42,4,0.9290322580645162,0.8845785440613027
elqui,spatial,1,reptile,42,5,0.9006622516556292,0.9027777777777777
elqui,spatial,1,reptile,42,6,0.922077922077922,0.9545019157088123
elqui,spatial,1,reptile,42,7,0.9230769230769231,0.974616858237548
elqui,spatial,1,reptile,42,8,0.9230769230769231,0.9252873563218391
elqui,spatial,1,reptile,42,9,0.9210526315789473,0.9439655172413793
elqui,spatial,1,fomaml,42,0,0.8689655172413793,0.8807471264367815
elqui,spatial,1,fomaml,42,1,0.9230769230769231,0.8860153256704981
elqui,spatial,1,fomaml,42,2,0.9403973509933775,0.9803639846743295
elqui,spatial,1,fomaml,42,3,0.896551724137931,0.8524904214559387
elqui,spatial,1,fomaml,42,4,0.922077922077922,0.9133141762452107
elqui,spatial,1,fomaml,42,5,0.9530201342281879,0.9631226053639846
elqui,spatial,1,fomaml,42,6,0.8783783783783784,0.8275862068965517
elqui,spatial,1,fomaml,42,7,0.8874172185430463,0.8666187739463602
elqui,spatial,1,fomaml,42,8,0.935064935064935,0.92816091954023
elqui,spatial,1,fomaml,42,9,0.8874172185430463,0.8946360153256705
elqui,spatial,2,independent,42,0,0.4,1.0
elqui,spatial,2,independent,42,1,0.0,0.8275862068965517
elqui,spatial,2,independent,42,2,0.0,0.7241379310344828
elqui,spatial,2,independent,42,3,0.0,1.0
elqui,spatial,2,independent,42,4,0.6666666666666666,1.0
elqui,spatial,2,independent,42,5,0.0,1.0
elqui,spatial,2,independent,42,6,0.0,0.7586206896551724
elqui,spatial,2,independent,42,7,0.0,0.7931034482758621
elqui,spatial,2,independent,42,8,0.0,0.8275862068965517
elqui,spatial,2,independent,42,9,0.5,0.9310344827586207
elqui,spatial,2,finetune,42,0,0.0,0.896551724137931
elqui,spatial,2,finetune,42,1,0.3333333333333333,0.9310344827586207
elqui,spatial,2,finetune,42,2,0.0,0.9310344827586207
elqui,spatial,2,finetune,42,3,0.5,0.9655172413793103
elqui,spatial,2,finetune,42,4,0.6666666666666666,0.9655172413793104
elqui,spatial,2,finetune,42,5,0.0,0.9310344827586207
elqui,spatial,2,finetune,42,6,0.0,0.8275862068965517
elqui,spatial,2,finetune,42,7,0.0,0.8620689655172414
elqui,spatial,2,finetune,42,8,0.6666666666666666,0.9655172413793104
elqui,spatial,2,finetune,42,9,0.6666666666666666,0.9655172413793104
elqui,spatial,2,reptile,42,0,1.0,1.0
elqui,spatial,2,reptile,42,1,0.0,1.0
elqui,spatial,2,reptile,42,2,1.0,1.0
elqui,spatial,2,reptile,42,3,0.0,0.9310344827586207
elqui,spatial,2,reptile,42,4,1.0,1.0
elqui,spatial,2,reptile,42,5,0.3333333333333333,1.0
elqui,spatial,2,reptile,42,6,0.0,0.9655172413793103
elqui,spatial,2,reptile,42,7,0.0,0.8620689655172413
elqui,spatial,2,reptile,42,8,1.0,1.0
elqui,spatial,2,reptile,42,9,0.0,1.0
elqui,spatial,2,fomaml,42,0,0.0,0.9310344827586207
elqui,spatial,2,fomaml,42,1,0.0,0.8275862068965517
elqui,spatial,2,fomaml,42,2,0.0,0.8620689655172414
elqui,spatial,2,fomaml,42,3,0.0,0.8275862068965517
elqui,spatial,2,fomaml,42,4,1.0,1.0
elqui,spatial,2,fomaml,42,5,0.0,1.0
elqui,spatial,2,fomaml,42,6,0.4,0.9310344827586207
elqui,spatial,2,fomaml,42,7,0.0,0.9310344827586207
elqui,spatial,2,fomaml,42,8,0.6666666666666666,0.9655172413793103
elqui,spatial,2,fomaml,42,9,0.3333333333333333,0.9999999999999999
elqui,spatial,3,independent,42,0,0.5714285714285714,0.8253968253968255
elqui,spatial,3,independent,42,1,0.6153846153846154,0.8994708994708994
elqui,spatial,3,independent,42,2,0.7058823529411765,0.8677248677248677
elqui,spatial,3,independent,42,3,0.5,0.7724867724867724
elqui,spatial,3,independent,42,4,0.5,0.8253968253968254
elqui,spatial,3,independent,42,5,0.46153846153846156,0.888888888888889
elqui,spatial,3,independent,42,6,0.7058823529411765,0.9100529100529101
elqui,spatial,3,independent,42,7,0.5714285714285714,0.8571428571428571
elqui,spatial,3,independent,42,8,0.7058823529411765,0.8941798941798942
elqui,spatial,3,independent,42,9,0.5,0.8253968253968255
elqui,spatial,3,finetune,42,0,0.5882352941176471,0.8624338624338624
elqui,spatial,3,finetune,42,1,0.47619047619047616,0.708994708994709
elqui,spatial,3,finetune,42,2,0.631578947368421,0.8253968253968254
elqui,spatial,3,finetune,42,3,0.6666666666666666,0.873015873015873
elqui,spatial,3,finetune,42,4,0.47058823529411764,0.8253968253968255
elqui,spatial,3,finetune,42,5,0.625,0.9047619047619048
elqui,spatial,3,finetune,42,6,0.631578947368421,0.8412698412698413
elqui,spatial,3,finetune,42,7,0.47058823529411764,0.8571428571428571
elqui,spatial,3,finetune,42,8,0.625,0.873015873015873
elqui,spatial,3,finetune,42,9,0.5882352941176471,0.8783068783068784
elqui,spatial,3,reptile,42,0,0.5882352941176471,0.8941798941798942
elqui,spatial,3,reptile,42,1,0.47058823529411764,0.8042328042328042
elqui,spatial,3,reptile,42,2,0.5333333333333333,0.8835978835978836
elqui,spatial,3,reptile,42,3,0.631578947368421,0.8465608465608466
elqui,spatial,3,reptile,42,4,0.7058823529411765,0.9206349206349206
elqui,spatial,3,reptile,42,5,0.7777777777777778,0.9153439153439155
elqui,spatial,3,reptile,42,6,0.5714285714285714,0.8518518518518519
elqui,spatial,3,reptile,42,7,0.5714285714285714,0.8518518518518519
elqui,spatial,3,reptile,42,8,0.6666666666666666,0.9312169312169312
elqui,spatial,3,reptile,42,9,0.625,0.9100529100529101
elqui,spatial,3,fomaml,42,0,0.6666666666666666,0.873015873015873
elqui,spatial,3,fomaml,42,1,0.6666666666666666,0.8359788359788359
elqui,spatial,3,fomaml,42,2,0.8,0.9126984126984127
elqui,spatial,3,fomaml,42,3,0.625,0.8624338624338624
elqui,spatial,3,fomaml,42,4,0.5882352941176471,0.873015873015873
elqui,spatial,3,fomaml,42,5,0.5333333333333333,0.8306878306878307
elqui,spatial,3,fomaml,42,6,0.5333333333333333,0.8518518518518519
elqui,spatial,3,fomaml,42,7,0.6666666666666666,0.8571428571428572
elqui,spatial,3,fomaml,42,8,0.7368421052631579,0.9259259259259259
elqui,spatial,3,fomaml,42,9,0.7368421052631579,0.9259259259259259
elqui,spatial,4,independent,42,0,0.0,0.5083333333333333
elqui,spatial,4,independent,42,1,0.0,0.5666666666666667
elqui,spatial,4,independent,42,2,0.0,0.7416666666666667
elqui,spatial,4,independent,42,3,0.0,0.6
elqui,spatial,4,independent,42,4,0.25,0.775
elqui,spatial,4,independent,42,5,0.25,0.6916666666666667
elqui,spatial,4,independent,42,6,0.25,0.6166666666666667
elqui,spatial,4,independent,42,7,0.25,0.5166666666666666
elqui,spatial,4,independent,42,8,0.0,0.7666666666666666
elqui,spatial,4,independent,42,9,0.0,0.6333333333333333
elqui,spatial,4,finetune,42,0,0.0,0.6833333333333333
elqui,spatial,4,finetune,42,1,0.0,0.825
elqui,spatial,4,finetune,42,2,0.0,0.6666666666666666
elqui,spatial,4,finetune,42,3,0.0,0.6083333333333334
elqui,spatial,4,finetune,42,4,0.25,0.7000000000000001
elqui,spatial,4,finetune,42,5,0.0,0.7416666666666667
elqui,spatial,4,finetune,42,6,0.0,0.5833333333333333
elqui,spatial,4,finetune,42,7,0.25,0.825
elqui,spatial,4,finetune,42,8,0.0,0.7416666666666667
elqui,spatial,4,finetune,42,9,0.0,0.7
elqui,spatial,4,reptile,42,0,0.0,0.65
elqui,spatial,4,reptile,42,1,0.0,0.5083333333333333
elqui,spatial,4,reptile,42,2,0.0,0.725
elqui,spatial,4,reptile,42,3,0.0,0.4833333333333333
elqui,spatial,4,reptile,42,4,0.0,0.75
elqui,spatial,4,reptile,42,5,0.2222222222222222,0.7
elqui,spatial,4,reptile,42,6,0.0,0.775
elqui,spatial,4,reptile,42,7,0.25,0.6666666666666666
elqui,spatial,4,reptile,42,8,0.25,0.5666666666666667
elqui,spatial,4,reptile,42,9,0.0,0.7250000000000001
elqui,spatial,4,fomaml,42,0,0.0,0.6583333333333333
elqui,spatial,4,fomaml,42,1,0.0,0.7749999999999999
elqui,spatial,4,fomaml,42,2,0.0,0.7666666666666666
elqui,spatial,4,fomaml,42,3,0.0,0.5333333333333333
elqui,spatial,4,fomaml,42,4,0.0,0.6166666666666667
elqui,spatial,4,fomaml,42,5,0.0,0.4666666666666667
elqui,spatial,4,fomaml,42,6,0.0,0.7666666666666666
elqui,spatial,4,fomaml,42,7,0.0,0.5583333333333333
elqui,spatial,4,fomaml,42,8,0.0,0.7416666666666667
elqui,spatial,4,fomaml,42,9,0.25,0.7166666666666666
elqui,random,0,independent,42,0,0.8936170212765957,0.9318840579710145
elqui,random,0,independent,42,1,0.6842105263157895,0.8898550724637682
elqui,random,0,independent,42,2,0.8095238095238095,0.8826086956521739
elqui,random,0,independent,42,3,0.7619047619047619,0.8565217391304347
elqui,random,0,independent,42,4,0.8936170212765957,0.9478260869565217
elqui,random,0,independent,42,5,0.8636363636363636,0.9492753623188406
elqui,random,0,independent,42,6,0.8085106382978723,0.9217391304347826
elqui,random,0,independent,42,7,0.8181818181818182,0.9079710144927535
elqui,random,0,independent,42,8,0.8260869565217391,0.9333333333333333
elqui,random,0,independent,42,9,0.8695652173913043,0.9594202898550724
elqui,random,0,finetune,42,0,0.8,0.917391304347826
elqui,random,0,finetune,42,1,0.8444444444444444,0.9340579710144927
elqui,random,0,finetune,42,2,0.8292682926829268,0.9144927536231884
elqui,random,0,finetune,42,3,0.8695652173913043,0.9608695652173913
elqui,random,0,finetune,42,4,0.7906976744186046,0.9014492753623189
elqui,random,0,finetune,42,5,0.7619047619047619,0.9405797101449275
elqui,random,0,finetune,42,6,0.7272727272727273,0.8797101449275362
elqui,random,0,finetune,42,7,0.782608695652174,0.9144927536231884
elqui,random,0,finetune,42,8,0.851063829787234,0.9536231884057971
elqui,random,0,finetune,42,9,0.7804878048780488,0.9072463768115941
elqui,random,0,reptile,42,0,0.7804878048780488,0.9188405797101449
elqui,random,0,reptile,42,1,0.7368421052631579,0.9391304347826087
elqui,random,0,reptile,42,2,0.9047619047619048,0.9405797101449275
elqui,random,0,reptile,42,3,0.8260869565217391,0.9536231884057971
elqui,random,0,reptile,42,4,0.851063829787234,0.9521739130434782
elqui,random,0,reptile,42,5,0.6666666666666666,0.918840579710145
elqui,random,0,reptile,42,6,0.782608695652174,0.9260869565217391
elqui,random,0,reptile,42,7,0.8444444444444444,0.9434782608695652
elqui,random,0,reptile,42,8,0.8260869565217391,0.9449275362318841
elqui,random,0,reptile,42,9,0.8095238095238095,0.8869565217391304
elqui,random,0,fomaml,42,0,0.85,0.917391304347826
elqui,random,0,fomaml,42,1,0.8095238095238095,0.910144927536232
elqui,random,0,fomaml,42,2,0.8571428571428571,0.9391304347826087
elqui,random,0,fomaml,42,3,0.8181818181818182,0.9130434782608697
elqui,random,0,fomaml,42,4,0.7368421052631579,0.9130434782608696
elqui,random,0,fomaml,42,5,0.8181818181818182,0.9376811594202898
elqui,random,0,fomaml,42,6,0.8888888888888888,0.9463768115942028
elqui,random,0,fomaml,42,7,0.6486486486486487,0.9115942028985506
elqui,random,0,fomaml,42,8,0.8260869565217391,0.9391304347826087
elqui,random,0,fomaml,42,9,0.7317073170731707,0.8673913043478261
elqui,random,1,independent,42,0,0.8852459016393442,0.888888888888889
elqui,random,1,independent,42,1,0.8524590163934426,0.9273504273504274
elqui,random,1,independent,42,2,0.8620689655172413,0.9515669515669516
elqui,random,1,independent,42,3,0.9,0.9373219373219374
elqui,random,1,independent,42,4,0.75,0.7962962962962963
elqui,random,1,independent,42,5,0.8135593220338984,0.8903133903133903
elqui,random,1,independent,42,6,0.8301886792452831,0.9358974358974359
elqui,random,1,independent,42,7,0.847457627118644,0.9344729344729344
elqui,random,1,independent,42,8,0.8620689655172413,0.933048433048433
elqui,random,1,independent,42,9,0.8214285714285714,0.9259259259259259
elqui,random,1,finetune,42,0,0.75,0.8888888888888888
elqui,random,1,finetune,42,1,0.8571428571428571,0.876068376068376
elqui,random,1,finetune,42,2,0.8620689655172413,0.9195156695156694
elqui,random,1,finetune,42,3,0.8148148148148148,0.8917378917378918
elqui,random,1,finetune,42,4,0.8852459016393442,0.9245014245014245
elqui,random,1,finetune,42,5,0.8363636363636363,0.9002849002849003
elqui,random,1,finetune,42,6,0.8461538461538461,0.896011396011396
elqui,random,1,finetune,42,7,0.847457627118644,0.9316239316239316
elqui,random,1,finetune,42,8,0.8301886792452831,0.9330484330484331
elqui,random,1,finetune,42,9,0.7843137254901961,0.8753561253561254
elqui,random,1,reptile,42,0,0.8679245283018868,0.9102564102564102
elqui,random,1,reptile,42,1,0.8928571428571429,0.9301994301994302
elqui,random,1,reptile,42,2,0.8620689655172413,0.9088319088319088
elqui,random,1,reptile,42,3,0.8363636363636363,0.9088319088319089
elqui,random,1,reptile,42,4,0.7924528301886793,0.8774928774928774
elqui,random,1,reptile,42,5,0.8771929824561403,0.923076923076923
elqui,random,1,reptile,42,6,0.8846153846153846,0.9316239316239316
elqui,random,1,reptile,42,7,0.8421052631578947,0.9102564102564102
elqui,random,1,reptile,42,8,0.9152542372881356,0.8931623931623932
elqui,random,1,reptile,42,9,0.8148148148148148,0.9316239316239316
elqui,random,1,fomaml,42,0,0.8679245283018868,0.9245014245014245
elqui,random,1,fomaml,42,1,0.8627450980392157,0.9301994301994302
elqui,random,1,fomaml,42,2,0.8421052631578947,0.9515669515669515
elqui,random,1,fomaml,42,3,0.8301886792452831,0.8703703703703703
elqui,random,1,fomaml,42,4,0.9152542372881356,0.9123931623931624
elqui,random,1,fomaml,42,5,0.8771929824561403,0.9458689458689459
elqui,random,1,fomaml,42,6,0.8727272727272727,0.9358974358974359
elqui,random,1,fomaml,42,7,0.8727272727272727,0.923076923076923
elqui,random,1,fomaml,42,8,0.8852459016393442,0.9458689458689459
elqui,random,1,fomaml,42,9,0.8,0.905982905982906
elqui,random,2,independent,42,0,0.7317073170731707,0.9151785714285714
elqui,random,2,independent,42,1,0.8095238095238095,0.8988095238095238
elqui,random,2,independent,42,2,0.8837209302325582,0.9508928571428571
elqui,random,2,independent,42,3,0.6666666666666666,0.8928571428571428
elqui,random,2,independent,42,4,0.8,0.8943452380952381
elqui,random,2,independent,42,5,0.8837209302325582,0.9389880952380952
elqui,random,2,independent,42,6,0.8571428571428571,0.9494047619047619
elqui,random,2,independent,42,7,0.8205128205128205,0.9300595238095237
elqui,random,2,independent,42,8,0.8636363636363636,0.9538690476190477
elqui,random,2,independent,42,9,0.8780487804878049,0.9397321428571428
elqui,random,2,finetune,42,0,0.8780487804878049,0.9508928571428571
elqui,random,2,finetune,42,1,0.8205128205128205,0.9568452380952381
elqui,random,2,finetune,42,2,0.8260869565217391,0.9434523809523809
elqui,random,2,finetune,42,3,0.8717948717948718,0.9419642857142857
elqui,random,2,finetune,42,4,0.8205128205128205,0.9494047619047619
elqui,random,2,finetune,42,5,0.8636363636363636,0.9315476190476191
elqui,random,2,finetune,42,6,0.8444444444444444,0.9464285714285714
elqui,random,2,finetune,42,7,0.8,0.9122023809523809
elqui,random,2,finetune,42,8,0.8,0.9270833333333333
elqui,random,2,finetune,42,9,0.875,0.9613095238095238
elqui,random,2,reptile,42,0,0.926829268292683,0.9836309523809523
elqui,random,2,reptile,42,1,0.9333333333333333,0.9821428571428572
elqui,random,2,reptile,42,2,0.8333333333333334,0.9345238095238095
elqui,random,2,reptile,42,3,0.8695652173913043,0.9494047619047619
elqui,random,2,reptile,42,4,0.8444444444444444,0.9404761904761905
elqui,random,2,reptile,42,5,0.851063829787234,0.9598214285714286
elqui,random,2,reptile,42,6,0.8421052631578947,0.9583333333333333
elqui,random,2,reptile,42,7,0.8888888888888888,0.9657738095238095
elqui,random,2,reptile,42,8,0.8571428571428571,0.9434523809523809
elqui,random,2,reptile,42,9,0.8571428571428571,0.9464285714285714
elqui,random,2,fomaml,42,0,0.8571428571428571,0.9270833333333333
elqui,random,2,fomaml,42,1,0.8444444444444444,0.9583333333333333
elqui,random,2,fomaml,42,2,0.8837209302325582,0.9776785714285715
elqui,random,2,fomaml,42,3,0.8372093023255814,0.9538690476190476
elqui,random,2,fomaml,42,4,0.7906976744186046,0.9107142857142857
elqui,random,2,fomaml,42,5,0.9090909090909091,0.9672619047619048
elqui,random,2,fomaml,42,6,0.8372093023255814,0.9568452380952381
elqui,random,2,fomaml,42,7,0.8888888888888888,0.9345238095238095
elqui,random,2,fomaml,42,8,0.8444444444444444,0.9389880952380952
elqui,random,2,fomaml,42,9,0.8888888888888888,0.9523809523809523
elqui,random,3,independent,42,0,0.8679245283018868,0.8714285714285714
elqui,random,3,independent,42,1,0.7931034482758621,0.8485714285714285
elqui,random,3,independent,42,2,0.7796610169491526,0.8542857142857143
elqui,random,3,independent,42,3,0.8518518518518519,0.8285714285714285
elqui,random,3,independent,42,4,0.7924528301886793,0.817857142857143
elqui,random,3,independent,42,5,0.8148148148148148,0.8457142857142856
elqui,random,3,independent,42,6,0.8,0.83
elqui,random,3,independent,42,7,0.7843137254901961,0.8571428571428571
elqui,random,3,independent,42,8,0.7636363636363637,0.8685714285714285
elqui,random,3,independent,42,9,0.7924528301886793,0.8928571428571428
elqui,random,3,finetune,42,0,0.75,0.9114285714285715
elqui,random,3,finetune,42,1,0.8076923076923077,0.8814285714285715
elqui,random,3,finetune,42,2,0.8070175438596491,0.88
elqui,random,3,finetune,42,3,0.7777777777777778,0.8785714285714286
elqui,random,3,finetune,42,4,0.8148148148148148,0.8814285714285713
elqui,random,3,finetune,42,5,0.7547169811320755,0.9014285714285715
elqui,random,3,finetune,42,6,0.8301886792452831,0.8571428571428572
elqui,random,3,finetune,42,7,0.8301886792452831,0.8428571428571429
elqui,random,3,finetune,42,8,0.8,0.895
elqui,random,3,finetune,42,9,0.7924528301886793,0.8871428571428571
elqui,random,3,reptile,42,0,0.8235294117647058,0.8314285714285714
elqui,random,3,reptile,42,1,0.7857142857142857,0.8771428571428571
elqui,random,3,reptile,42,2,0.8301886792452831,0.8728571428571429
elqui,random,3,reptile,42,3,0.8070175438596491,0.8528571428571429
elqui,random,3,reptile,42,4,0.7924528301886793,0.8971428571428571
elqui,random,3,reptile,42,5,0.8076923076923077,0.8385714285714286
elqui,random,3,reptile,42,6,0.8461538461538461,0.8471428571428571
elqui,random,3,reptile,42,7,0.84,0.8942857142857142
elqui,random,3,reptile,42,8,0.8076923076923077,0.9071428571428571
elqui,random,3,reptile,42,9,0.7924528301886793,0.8971428571428571
elqui,random,3,fomaml,42,0,0.72,0.8057142857142857
elqui,random,3,fomaml,42,1,0.7692307692307693,0.89
elqui,random,3,fomaml,42,2,0.8461538461538461,0.86
elqui,random,3,fomaml,42,3,0.8214285714285714,0.8857142857142857
elqui,random,3,fomaml,42,4,0.8518518518518519,0.87
elqui,random,3,fomaml,42,5,0.7719298245614035,0.8714285714285714
elqui,random,3,fomaml,42,6,0.7037037037037037,0.8414285714285714
elqui,random,3,fomaml,42,7,0.7924528301886793,0.8314285714285714
elqui,random,3,fomaml,42,8,0.8518518518518519,0.8671428571428572
elqui,random,3,fomaml,42,9,0.8,0.8914285714285715
elqui,random,4,independent,42,0,0.8484848484848485,0.8133971291866029
elqui,random,4,independent,42,1,0.8307692307692308,0.8787878787878788
elqui,random,4,independent,42,2,0.8484848484848485,0.9035087719298245
elqui,random,4,independent,42,3,0.8,0.8213716108452951
elqui,random,4,independent,42,4,0.8615384615384616,0.901116427432217
elqui,random,4,independent,42,5,0.9014084507042254,0.9409888357256778
elqui,random,4,independent,42,6,0.8695652173913043,0.8915470494417863
elqui,random,4,independent,42,7,0.8857142857142857,0.8652312599681021
elqui,random,4,independent,42,8,0.8529411764705882,0.810207336523126
elqui,random,4,independent,42,9,0.8918918918918919,0.923444976076555
elqui,random,4,finetune,42,0,0.8732394366197183,0.9074960127591707
elqui,random,4,finetune,42,1,0.8857142857142857,0.886762360446571
elqui,random,4,finetune,42,2,0.8484848484848485,0.8165869218500799
elqui,random,4,finetune,42,3,0.9041095890410958,0.9186602870813397
elqui,random,4,finetune,42,4,0.8695652173913043,0.872408293460925
elqui,random,4,finetune,42,5,0.8253968253968254,0.8325358851674641
elqui,random,4,finetune,42,6,0.8695652173913043,0.9059011164274322
elqui,random,4,finetune,42,7,0.8857142857142857,0.872408293460925
elqui,random,4,finetune,42,8,0.8387096774193549,0.8915470494417863
elqui,random,4,finetune,42,9,0.835820895522388,0.8556618819776715
elqui,random,4,reptile,42,0,0.875,0.9154704944178628
elqui,random,4,reptile,42,1,0.8656716417910447,0.9362041467304626
elqui,random,4,reptile,42,2,0.8857142857142857,0.8676236044657097
elqui,random,4,reptile,42,3,0.835820895522388,0.8835725677830941
elqui,random,4,reptile,42,4,0.8656716417910447,0.9074960127591707
elqui,random,4,reptile,42,5,0.8484848484848485,0.9074960127591707
elqui,random,4,reptile,42,6,0.9295774647887324,0.9154704944178629
elqui,random,4,reptile,42,7,0.8571428571428571,0.8580542264752791
elqui,random,4,reptile,42,8,0.8405797101449275,0.8676236044657097
elqui,random,4,reptile,42,9,0.8656716417910447,0.9138755980861245
elqui,random,4,fomaml,42,0,0.8484848484848485,0.8883572567783095
elqui,random,4,fomaml,42,1,0.8955223880597015,0.9393939393939394
elqui,random,4,fomaml,42,2,0.9117647058823529,0.861244019138756
elqui,random,4,fomaml,42,3,0.8787878787878788,0.9473684210526315
elqui,random,4,fomaml,42,4,0.8955223880597015,0.8660287081339713
elqui,random,4,fomaml,42,5,0.78125,0.84688995215311
elqui,random,4,fomaml,42,6,0.8695652173913043,0.9043062200956938
elqui,random,4,fomaml,42,7,0.8484848484848485,0.89792663476874
elqui,random,4,fomaml,42,8,0.8484848484848485,0.8596491228070176
elqui,random,4,fomaml,42,9,0.8823529411764706,0.9154704944178629
limari,spatial,0,independent,42,0,0.6153846153846154,0.75
limari,spatial,0,independent,42,1,0.5333333333333333,0.75
limari,spatial,0,independent,42,2,0.6153846153846154,0.75
limari,spatial,0,independent,42,3,0.8,0.7916666666666666
limari,spatial,0,independent,42,4,0.6153846153846154,0.7638888888888888
limari,spatial,0,independent,42,5,0.6153846153846154,0.7222222222222222
limari,spatial,0,independent,42,6,0.6153846153846154,0.5694444444444444
limari,spatial,0,independent,42,7,0.5333333333333333,0.7638888888888888
limari,spatial,0,independent,42,8,0.5333333333333333,0.7638888888888888
limari,spatial,0,independent,42,9,0.5714285714285714,0.7777777777777778
limari,spatial,0,finetune,42,0,0.5714285714285714,0.736111111111111
limari,spatial,0,finetune,42,1,0.5714285714285714,0.736111111111111
limari,spatial,0,finetune,42,2,0.5714285714285714,0.7222222222222223
limari,spatial,0,finetune,42,3,0.6153846153846154,0.75
limari,spatial,0,finetune,42,4,0.5714285714285714,0.7638888888888888
limari,spatial,0,finetune,42,5,0.5714285714285714,0.75
limari,spatial,0,finetune,42,6,0.5,0.736111111111111
limari,spatial,0,finetune,42,7,0.6153846153846154,0.736111111111111
limari,spatial,0,finetune,42,8,0.5714285714285714,0.7361111111111112
limari,spatial,0,finetune,42,9,0.5714285714285714,0.75
limari,spatial,0,reptile,42,0,0.5714285714285714,0.7777777777777777
limari,spatial,0,reptile,42,1,0.5714285714285714,0.7638888888888888
limari,spatial,0,reptile,42,2,0.6153846153846154,0.7777777777777778
limari,spatial,0,reptile,42,3,0.5333333333333333,0.7638888888888888
limari,spatial,0,reptile,42,4,0.6153846153846154,0.7638888888888888
limari,spatial,0,reptile,42,5,0.5333333333333333,0.7916666666666666
limari,spatial,0,reptile,42,6,0.5333333333333333,0.75
limari,spatial,0,reptile,42,7,0.5,0.7638888888888888
limari,spatial,0,reptile,42,8,0.5333333333333333,0.7638888888888888
limari,spatial,0,reptile,42,9,0.6153846153846154,0.75
limari,spatial,0,fomaml,42,0,0.5714285714285714,0.75
limari,spatial,0,fomaml,42,1,0.46153846153846156,0.7361111111111112
limari,spatial,0,fomaml,42,2,0.5333333333333333,0.7638888888888887
limari,spatial,0,fomaml,42,3,0.5714285714285714,0.75
limari,spatial,0,fomaml,42,4,0.5,0.7361111111111112
limari,spatial,0,fomaml,42,5,0.5714285714285714,0.75
limari,spatial,0,fomaml,42,6,0.5333333333333333,0.7638888888888887
limari,spatial,0,fomaml,42,7,0.5,0.7361111111111112
limari,spatial,0,fomaml,42,8,0.5714285714285714,0.7222222222222222
limari,spatial,0,fomaml,42,9,0.5,0.7361111111111112
limari,spatial,1,independent,42,0,0.0,0.8
limari,spatial,1,independent,42,1,0.4,0.6
limari,spatial,1,independent,42,2,0.6666666666666666,0.8
limari,spatial,1,independent,42,3,0.5,0.8
limari,spatial,1,independent,42,4,0.0,0.6
limari,spatial,1,independent,42,5,0.0,0.6
limari,spatial,1,independent,42,6,0.6666666666666666,0.8
limari,spatial,1,independent,42,7,0.0,0.8
limari,spatial,1,independent,42,8,0.0,0.4
limari,spatial,1,independent,42,9,0.6666666666666666,0.8
limari,spatial,1,finetune,42,0,0.0,0.4
limari,spatial,1,finetune,42,1,0.0,1.0
limari,spatial,1,finetune,42,2,0.0,0.8
limari,spatial,1,finetune,42,3,0.5,0.6
limari,spatial,1,finetune,42,4,0.6666666666666666,0.8
limari,spatial,1,finetune,42,5,0.0,0.6
limari,spatial,1,finetune,42,6,0.6666666666666666,0.8
limari,spatial,1,finetune,42,7,0.5,0.6
limari,spatial,1,finetune,42,8,0.5,0.8
limari,spatial,1,finetune,42,9,0.4,0.6
limari,spatial,1,reptile,42,0,0.0,0.8
limari,spatial,1,reptile,42,1,0.0,0.6
limari,spatial,1,reptile,42,2,0.0,0.8
limari,spatial,1,reptile,42,3,0.0,0.8
limari,spatial,1,reptile,42,4,0.0,0.4
limari,spatial,1,reptile,42,5,0.6666666666666666,0.8
limari,spatial,1,reptile,42,6,0.0,0.6
limari,spatial,1,reptile,42,7,0.0,0.8
limari,spatial,1,reptile,42,8,0.4,0.4
limari,spatial,1,reptile,42,9,0.5,0.8
limari,spatial,1,fomaml,42,0,0.5,0.6
limari,spatial,1,fomaml,42,1,0.6666666666666666,0.8
limari,spatial,1,fomaml,42,2,0.0,0.6
limari,spatial,1,fomaml,42,3,0.0,0.6
limari,spatial,1,fomaml,42,4,0.0,0.6
limari,spatial,1,fomaml,42,5,0.0,0.8
limari,spatial,1,fomaml,42,6,0.0,0.6
limari,spatial,1,fomaml,42,7,0.0,0.4
limari,spatial,1,fomaml,42,8,0.4,0.4
limari,spatial,1,fomaml,42,9,0.6666666666666666,0.8
limari,spatial,2,independent,42,0,0.8,0.7999999999999999
limari,spatial,2,independent,42,1,0.625,0.72
limari,spatial,2,independent,42,2,0.6451612903225806,0.83
limari,spatial,2,independent,42,3,0.6666666666666666,0.5700000000000001
limari,spatial,2,independent,42,4,0.6666666666666666,0.59
limari,spatial,2,independent,42,5,0.5333333333333333,0.52
limari,spatial,2,independent,42,6,0.6666666666666666,0.74
limari,spatial,2,independent,42,7,0.7096774193548387,0.8099999999999999
limari,spatial,2,independent,42,8,0.6666666666666666,0.73
limari,spatial,2,independent,42,9,0.5,0.59
limari,spatial,2,finetune,42,0,0.6666666666666666,0.84
limari,spatial,2,finetune,42,1,0.5714285714285714,0.79
limari,spatial,2,finetune,42,2,0.5714285714285714,0.84
limari,spatial,2,finetune,42,3,0.4444444444444444,0.6699999999999999
limari,spatial,2,finetune,42,4,0.46153846153846156,0.73
limari,spatial,2,finetune,42,5,0.6666666666666666,0.59
limari,spatial,2,finetune,42,6,0.8421052631578947,0.82
limari,spatial,2,finetune,42,7,0.5185185185185185,0.7999999999999999
limari,spatial,2,finetune,42,8,0.6206896551724138,0.79
limari,spatial,2,finetune,42,9,0.6875,0.75
limari,spatial,2,reptile,42,0,0.5806451612903226,0.52
limari,spatial,2,reptile,42,1,0.7272727272727273,0.6900000000000001
limari,spatial,2,reptile,42,2,0.6,0.6
limari,spatial,2,reptile,42,3,0.6,0.6300000000000001
limari,spatial,2,reptile,42,4,0.6,0.5900000000000001
limari,spatial,2,reptile,42,5,0.6470588235294118,0.43999999999999995
limari,spatial,2,reptile,42,6,0.6470588235294118,0.43999999999999995
limari,spatial,2,reptile,42,7,0.6285714285714286,0.52
limari,spatial,2,reptile,42,8,0.6666666666666666,0.6099999999999999
limari,spatial,2,reptile,42,9,0.5714285714285714,0.6
limari,spatial,2,fomaml,42,0,0.6451612903225806,0.7799999999999999
limari,spatial,2,fomaml,42,1,0.7096774193548387,0.6399999999999999
limari,spatial,2,fomaml,42,2,0.5806451612903226,0.64
limari,spatial,2,fomaml,42,3,0.6666666666666666,0.6399999999999999
limari,spatial,2,fomaml,42,4,0.7567567567567568,0.66
limari,spatial,2,fomaml,42,5,0.5625,0.45999999999999996
limari,spatial,2,fomaml,42,6,0.6,0.64
limari,spatial,2,fomaml,42,7,0.7567567567567568,0.6699999999999999
limari,spatial,2,fomaml,42,8,0.6451612903225806,0.72
limari,spatial,2,fomaml,42,9,0.6666666666666666,0.74
limari,spatial,3,independent,42,0,0.0,
limari,spatial,3,independent,42,1,0.0,
limari,spatial,3,independent,42,2,0.0,
limari,spatial,3,independent,42,3,0.0,
limari,spatial,3,independent,42,4,0.0,
limari,spatial,3,independent,42,5,0.0,
limari,spatial,3,independent,42,6,0.0,
limari,spatial,3,independent,42,7,0.0,
limari,spatial,3,independent,42,8,0.0,
limari,spatial,3,independent,42,9,0.0,
limari,spatial,3,finetune,42,0,0.0,
limari,spatial,3,finetune,42,1,0.0,
limari,spatial,3,finetune,42,2,0.0,
limari,spatial,3,finetune,42,3,0.0,
limari,spatial,3,finetune,42,4,0.0,
limari,spatial,3,finetune,42,5,0.0,
limari,spatial,3,finetune,42,6,0.0,
limari,spatial,3,finetune,42,7,0.0,
limari,spatial,3,finetune,42,8,0.0,
limari,spatial,3,finetune,42,9,0.0,
limari,spatial,3,reptile,42,0,0.0,
limari,spatial,3,reptile,42,1,0.0,
limari,spatial,3,reptile,42,2,0.0,
limari,spatial,3,reptile,42,3,0.0,
limari,spatial,3,reptile,42,4,0.0,
limari,spatial,3,reptile,42,5,0.0,
limari,spatial,3,reptile,42,6,0.0,
limari,spatial,3,reptile,42,7,0.0,
limari,spatial,3,reptile,42,8,0.0,
limari,spatial,3,reptile,42,9,0.0,
limari,spatial,3,fomaml,42,0,0.0,
limari,spatial,3,fomaml,42,1,0.0,
limari,spatial,3,fomaml,42,2,0.0,
limari,spatial,3,fomaml,42,3,0.0,
limari,spatial,3,fomaml,42,4,0.0,
limari,spatial,3,fomaml,42,5,0.0,
limari,spatial,3,fomaml,42,6,0.0,
limari,spatial,3,fomaml,42,7,0.0,
limari,spatial,3,fomaml,42,8,0.0,
limari,spatial,3,fomaml,42,9,0.0,
limari,spatial,4,independent,42,0,0.8421052631578947,0.775
limari,spatial,4,independent,42,1,0.7058823529411765,0.575
limari,spatial,4,independent,42,2,0.75,0.825
limari,spatial,4,independent,42,3,0.8235294117647058,0.85
limari,spatial,4,independent,42,4,0.7058823529411765,0.75
limari,spatial,4,independent,42,5,0.6666666666666666,0.775
limari,spatial,4,independent,42,6,0.7777777777777778,0.7000000000000001
limari,spatial,4,independent,42,7,0.7777777777777778,0.625
limari,spatial,4,independent,42,8,0.75,0.675
limari,spatial,4,independent,42,9,0.8421052631578947,0.6000000000000001
limari,spatial,4,finetune,42,0,0.5333333333333333,0.55
limari,spatial,4,finetune,42,1,0.7777777777777778,0.675
limari,spatial,4,finetune,42,2,0.5333333333333333,0.65
limari,spatial,4,finetune,42,3,0.8421052631578947,0.65
limari,spatial,4,finetune,42,4,0.5714285714285714,0.65
limari,spatial,4,finetune,42,5,0.7058823529411765,0.65
limari,spatial,4,finetune,42,6,0.75,0.775
limari,spatial,4,finetune,42,7,0.5714285714285714,0.725
limari,spatial,4,finetune,42,8,0.7058823529411765,0.55
limari,spatial,4,finetune,42,9,0.7058823529411765,0.675
limari,spatial,4,reptile,42,0,0.8421052631578947,0.6
limari,spatial,4,reptile,42,1,0.625,0.575
limari,spatial,4,reptile,42,2,0.8421052631578947,0.625
limari,spatial,4,reptile,42,3,0.625,0.7
limari,spatial,4,reptile,42,4,0.7777777777777778,0.75
limari,spatial,4,reptile,42,5,0.7777777777777778,0.75
limari,spatial,4,reptile,42,6,0.7777777777777778,0.7
limari,spatial,4,reptile,42,7,0.8235294117647058,0.9
limari,spatial,4,reptile,42,8,0.7058823529411765,0.725
limari,spatial,4,reptile,42,9,0.7058823529411765,0.55
limari,spatial,4,fomaml,42,0,0.7777777777777778,0.7
limari,spatial,4,fomaml,42,1,0.7058823529411765,0.8
limari,spatial,4,fomaml,42,2,0.6153846153846154,0.825
limari,spatial,4,fomaml,42,3,0.5714285714285714,0.7
limari,spatial,4,fomaml,42,4,0.75,0.7
limari,spatial,4,fomaml,42,5,0.75,0.675
limari,spatial,4,fomaml,42,6,0.6666666666666666,0.725
limari,spatial,4,fomaml,42,7,0.7777777777777778,0.8
limari,spatial,4,fomaml,42,8,0.625,0.625
limari,spatial,4,fomaml,42,9,0.7142857142857143,0.85
limari,random,0,independent,42,0,0.6666666666666666,0.8571428571428572
limari,random,0,independent,42,1,0.9333333333333333,0.8775510204081632
limari,random,0,independent,42,2,0.6666666666666666,0.6734693877551021
limari,random,0,independent,42,3,0.75,0.6734693877551021
limari,random,0,independent,42,4,0.8,0.7551020408163265
limari,random,0,independent,42,5,0.9333333333333333,0.9183673469387755
limari,random,0,independent,42,6,0.7692307692307693,0.8775510204081632
limari,random,0,independent,42,7,0.7272727272727273,0.9795918367346939
limari,random,0,independent,42,8,0.7142857142857143,0.7959183673469388
limari,random,0,independent,42,9,0.7142857142857143,0.7346938775510204
limari,random,0,finetune,42,0,0.6666666666666666,0.8571428571428572
limari,random,0,finetune,42,1,0.7692307692307693,0.8775510204081634
limari,random,0,finetune,42,2,0.7692307692307693,0.8775510204081632
limari,random,0,finetune,42,3,0.875,0.8571428571428572
limari,random,0,finetune,42,4,0.5,0.7959183673469388
limari,random,0,finetune,42,5,0.7142857142857143,0.8571428571428571
limari,random,0,finetune,42,6,0.7142857142857143,0.8367346938775511
limari,random,0,finetune,42,7,0.9333333333333333,0.8979591836734694
limari,random,0,finetune,42,8,0.7692307692307693,0.8367346938775511
limari,random,0,finetune,42,9,0.6153846153846154,0.7755102040816326
limari,random,0,reptile,42,0,0.6153846153846154,0.8367346938775511
limari,random,0,reptile,42,1,0.6153846153846154,0.8163265306122449
limari,random,0,reptile,42,2,0.5714285714285714,0.7142857142857143
limari,random,0,reptile,42,3,0.7142857142857143,0.7959183673469388
limari,random,0,reptile,42,4,0.7692307692307693,0.8775510204081632
limari,random,0,reptile,42,5,0.6153846153846154,0.7755102040816326
limari,random,0,reptile,42,6,0.7692307692307693,0.8571428571428571
limari,random,0,reptile,42,7,0.8571428571428571,0.9591836734693877
limari,random,0,reptile,42,8,0.75,0.7959183673469388
limari,random,0,reptile,42,9,0.6666666666666666,0.8571428571428572
limari,random,0,fomaml,42,0,0.7692307692307693,0.8979591836734694
limari,random,0,fomaml,42,1,0.7692307692307693,0.9183673469387755
limari,random,0,fomaml,42,2,0.7142857142857143,0.7755102040816326
limari,random,0,fomaml,42,3,0.7692307692307693,0.8979591836734694
limari,random,0,fomaml,42,4,0.7142857142857143,0.8163265306122449
limari,random,0,fomaml,42,5,0.8571428571428571,0.8775510204081632
limari,random,0,fomaml,42,6,0.7692307692307693,0.836734693877551
limari,random,0,fomaml,42,7,0.8571428571428571,0.8775510204081632
limari,random,0,fomaml,42,8,0.6666666666666666,0.7142857142857143
limari,random,0,fomaml,42,9,0.8571428571428571,0.836734693877551
limari,random,1,independent,42,0,0.6666666666666666,0.875
limari,random,1,independent,42,1,0.7272727272727273,0.9166666666666666
limari,random,1,independent,42,2,0.9090909090909091,0.9791666666666667
limari,random,1,independent,42,3,0.7272727272727273,0.8958333333333333
limari,random,1,independent,42,4,0.8,0.9583333333333333
limari,random,1,independent,42,5,0.4,0.8333333333333333
limari,random,1,independent,42,6,0.4444444444444444,0.75
limari,random,1,independent,42,7,0.6,0.9375
limari,random,1,independent,42,8,0.9090909090909091,0.9583333333333334
limari,random,1,independent,42,9,0.7272727272727273,0.9583333333333333
limari,random,1,finetune,42,0,0.6,0.875
limari,random,1,finetune,42,1,0.7272727272727273,0.8541666666666667
limari,random,1,finetune,42,2,0.6,0.875
limari,random,1,finetune,42,3,0.7272727272727273,0.8958333333333334
limari,random,1,finetune,42,4,0.7272727272727273,0.8958333333333333
limari,random,1,finetune,42,5,0.6,0.8541666666666666
limari,random,1,finetune,42,6,0.7272727272727273,0.8958333333333333
limari,random,1,finetune,42,7,0.6,0.875
limari,random,1,finetune,42,8,0.7272727272727273,0.9166666666666666
limari,random,1,finetune,42,9,0.8333333333333334,0.9583333333333334
limari,random,1,reptile,42,0,0.4444444444444444,0.8541666666666666
limari,random,1,reptile,42,1,0.7272727272727273,0.9375
limari,random,1,reptile,42,2,0.8,0.9583333333333334
limari,random,1,reptile,42,3,0.9090909090909091,0.9791666666666667
limari,random,1,reptile,42,4,0.4444444444444444,0.9166666666666667
limari,random,1,reptile,42,5,0.5,0.8541666666666666
limari,random,1,reptile,42,6,0.4444444444444444,0.8958333333333333
limari,random,1,reptile,42,7,0.6,0.8958333333333333
limari,random,1,reptile,42,8,0.8,0.9166666666666666
limari,random,1,reptile,42,9,0.8,0.9166666666666666
limari,random,1,fomaml,42,0,0.7272727272727273,0.875
limari,random,1,fomaml,42,1,0.7272727272727273,0.875
limari,random,1,fomaml,42,2,0.6666666666666666,0.8958333333333334
limari,random,1,fomaml,42,3,0.8333333333333334,0.8958333333333333
limari,random,1,fomaml,42,4,0.6,0.8958333333333333
limari,random,1,fomaml,42,5,0.7272727272727273,0.9166666666666666
limari,random,1,fomaml,42,6,0.7272727272727273,0.8958333333333334
limari,random,1,fomaml,42,7,0.6666666666666666,0.8333333333333334
limari,random,1,fomaml,42,8,0.9090909090909091,0.9583333333333334
limari,random,1,fomaml,42,9,0.7272727272727273,0.8958333333333333
limari,random,2,independent,42,0,0.8571428571428571,0.9591836734693877
limari,random,2,independent,42,1,0.8571428571428571,0.9387755102040817
limari,random,2,independent,42,2,0.9333333333333333,0.9183673469387755
limari,random,2,independent,42,3,0.875,0.836734693877551
limari,random,2,independent,42,4,0.9333333333333333,0.9387755102040817
limari,random,2,independent,42,5,0.8,0.8367346938775511
limari,random,2,independent,42,6,0.8,0.8979591836734694
limari,random,2,independent,42,7,0.8235294117647058,0.8571428571428572
limari,random,2,independent,42,8,0.8,0.8775510204081632
limari,random,2,independent,42,9,0.8,0.8979591836734694
limari,random,2,finetune,42,0,0.7142857142857143,0.8979591836734694
limari,random,2,finetune,42,1,0.7142857142857143,0.8775510204081632
limari,random,2,finetune,42,2,0.8,0.9387755102040817
limari,random,2,finetune,42,3,0.8571428571428571,0.9183673469387754
limari,random,2,finetune,42,4,0.8333333333333334,0.9183673469387754
limari,random,2,finetune,42,5,0.75,0.8979591836734693
limari,random,2,finetune,42,6,0.7692307692307693,0.9183673469387754
limari,random,2,finetune,42,7,0.8571428571428571,0.9795918367346939
limari,random,2,finetune,42,8,0.7692307692307693,0.9387755102040817
limari,random,2,finetune,42,9,0.9333333333333333,0.9591836734693877
limari,random,2,reptile,42,0,0.875,0.9183673469387755
limari,random,2,reptile,42,1,0.875,0.9591836734693877
limari,random,2,reptile,42,2,0.875,0.9387755102040817
limari,random,2,reptile,42,3,0.875,0.9795918367346939
limari,random,2,reptile,42,4,0.9333333333333333,0.9591836734693877
limari,random,2,reptile,42,5,0.9333333333333333,0.9591836734693877
limari,random,2,reptile,42,6,0.9333333333333333,0.9591836734693877
limari,random,2,reptile,42,7,0.875,0.8775510204081634
limari,random,2,reptile,42,8,0.875,0.9387755102040817
limari,random,2,reptile,42,9,0.875,0.9183673469387755
limari,random,2,fomaml,42,0,0.8,0.7959183673469388
limari,random,2,fomaml,42,1,0.8571428571428571,0.8775510204081634
limari,random,2,fomaml,42,2,0.8,0.7959183673469388
limari,random,2,fomaml,42,3,0.8,0.8775510204081632
limari,random,2,fomaml,42,4,0.8,0.8979591836734694
limari,random,2,fomaml,42,5,0.8571428571428571,0.8979591836734693
limari,random,2,fomaml,42,6,0.8571428571428571,0.9387755102040817
limari,random,2,fomaml,42,7,0.8,0.8979591836734694
limari,random,2,fomaml,42,8,0.9333333333333333,0.8979591836734694
limari,random,2,fomaml,42,9,0.9333333333333333,0.9387755102040817
limari,random,3,independent,42,0,0.7058823529411765,0.65625
limari,random,3,independent,42,1,0.625,0.6666666666666666
limari,random,3,independent,42,2,0.7058823529411765,0.7083333333333334
limari,random,3,independent,42,3,0.5714285714285714,0.6666666666666667
limari,random,3,independent,42,4,0.625,0.6666666666666667
limari,random,3,independent,42,5,0.7142857142857143,0.7291666666666666
limari,random,3,independent,42,6,0.7058823529411765,0.7083333333333333
limari,random,3,independent,42,7,0.75,0.71875
limari,random,3,independent,42,8,0.6666666666666666,0.6875
limari,random,3,independent,42,9,0.7058823529411765,0.7916666666666667
limari,random,3,finetune,42,0,0.5882352941176471,0.7291666666666667
limari,random,3,finetune,42,1,0.5333333333333333,0.625
limari,random,3,finetune,42,2,0.7058823529411765,0.6666666666666666
limari,random,3,finetune,42,3,0.625,0.75
limari,random,3,finetune,42,4,0.4,0.625
limari,random,3,finetune,42,5,0.5882352941176471,0.6875
limari,random,3,finetune,42,6,0.5,0.5625
limari,random,3,finetune,42,7,0.6666666666666666,0.7291666666666667
limari,random,3,finetune,42,8,0.7058823529411765,0.625
limari,random,3,finetune,42,9,0.7058823529411765,0.7083333333333334
limari,random,3,reptile,42,0,0.625,0.5625
limari,random,3,reptile,42,1,0.5882352941176471,0.7916666666666667
limari,random,3,reptile,42,2,0.5714285714285714,0.6041666666666666
limari,random,3,reptile,42,3,0.5882352941176471,0.75
limari,random,3,reptile,42,4,0.625,0.7083333333333334
limari,random,3,reptile,42,5,0.5882352941176471,0.6666666666666667
limari,random,3,reptile,42,6,0.5882352941176471,0.6041666666666667
limari,random,3,reptile,42,7,0.5882352941176471,0.625
limari,random,3,reptile,42,8,0.5882352941176471,0.7708333333333333
limari,random,3,reptile,42,9,0.6666666666666666,0.7291666666666666
limari,random,3,fomaml,42,0,0.7058823529411765,0.5833333333333333
limari,random,3,fomaml,42,1,0.625,0.7708333333333333
limari,random,3,fomaml,42,2,0.6666666666666666,0.7083333333333333
limari,random,3,fomaml,42,3,0.625,0.5833333333333334
limari,random,3,fomaml,42,4,0.6666666666666666,0.7708333333333333
limari,random,3,fomaml,42,5,0.6666666666666666,0.5625
limari,random,3,fomaml,42,6,0.625,0.7291666666666667
limari,random,3,fomaml,42,7,0.625,0.6041666666666667
limari,random,3,fomaml,42,8,0.7058823529411765,0.6666666666666666
limari,random,3,fomaml,42,9,0.625,0.6458333333333333
limari,random,4,independent,42,0,0.8,0.9777777777777779
limari,random,4,independent,42,1,0.9411764705882353,0.9777777777777779
limari,random,4,independent,42,2,0.7058823529411765,0.8666666666666667
limari,random,4,independent,42,3,0.5333333333333333,0.5555555555555556
limari,random,4,independent,42,4,0.7368421052631579,0.6666666666666666
limari,random,4,independent,42,5,0.9411764705882353,0.9777777777777779
limari,random,4,independent,42,6,0.9473684210526315,0.9555555555555556
limari,random,4,independent,42,7,0.8888888888888888,0.9333333333333333
limari,random,4,independent,42,8,0.7777777777777778,0.8222222222222222
limari,random,4,independent,42,9,0.8888888888888888,0.8666666666666667
limari,random,4,finetune,42,0,0.8421052631578947,0.8666666666666667
limari,random,4,finetune,42,1,0.75,0.9111111111111112
limari,random,4,finetune,42,2,0.8,0.6888888888888889
limari,random,4,finetune,42,3,0.9473684210526315,0.888888888888889
limari,random,4,finetune,42,4,0.7777777777777778,0.8222222222222222
limari,random,4,finetune,42,5,0.8235294117647058,0.8888888888888888
limari,random,4,finetune,42,6,0.75,0.9333333333333333
limari,random,4,finetune,42,7,0.8235294117647058,0.8666666666666667
limari,random,4,finetune,42,8,0.75,0.8222222222222222
limari,random,4,finetune,42,9,0.8888888888888888,0.8888888888888888
limari,random,4,reptile,42,0,0.8571428571428571,0.7777777777777778
limari,random,4,reptile,42,1,0.7777777777777778,0.7333333333333334
limari,random,4,reptile,42,2,0.7777777777777778,0.8888888888888888
limari,random,4,reptile,42,3,0.7058823529411765,0.6444444444444445
limari,random,4,reptile,42,4,0.7777777777777778,0.7777777777777778
limari,random,4,reptile,42,5,0.7058823529411765,0.7333333333333333
limari,random,4,reptile,42,6,0.7777777777777778,0.7111111111111111
limari,random,4,reptile,42,7,0.9411764705882353,0.9777777777777779
limari,random,4,reptile,42,8,0.7142857142857143,0.9777777777777779
limari,random,4,reptile,42,9,0.6666666666666666,0.48888888888888893
limari,random,4,fomaml,42,0,0.875,0.9555555555555555
limari,random,4,fomaml,42,1,0.8888888888888888,0.9555555555555555
limari,random,4,fomaml,42,2,0.875,0.9777777777777779
limari,random,4,fomaml,42,3,1.0,1.0
limari,random,4,fomaml,42,4,0.8888888888888888,0.9777777777777779
limari,random,4,fomaml,42,5,0.8888888888888888,0.9555555555555556
limari,random,4,fomaml,42,6,0.875,0.9777777777777779
limari,random,4,fomaml,42,7,0.9411764705882353,0.9777777777777779
limari,random,4,fomaml,42,8,0.8421052631578947,0.7777777777777778
limari,random,4,fomaml,42,9,0.5714285714285714,0.6888888888888889
copiapo,spatial,0,independent,123,0,0.0,
copiapo,spatial,0,independent,123,1,0.0,
copiapo,spatial,0,independent,123,2,0.0,
copiapo,spatial,0,independent,123,3,0.0,
copiapo,spatial,0,independent,123,4,0.0,
copiapo,spatial,0,independent,123,5,0.0,
copiapo,spatial,0,independent,123,6,0.0,
copiapo,spatial,0,independent,123,7,0.0,
copiapo,spatial,0,independent,123,8,0.0,
copiapo,spatial,0,independent,123,9,0.0,
copiapo,spatial,0,finetune,123,0,0.0,
copiapo,spatial,0,finetune,123,1,0.0,
copiapo,spatial,0,finetune,123,2,0.0,
copiapo,spatial,0,finetune,123,3,0.0,
copiapo,spatial,0,finetune,123,4,0.0,
copiapo,spatial,0,finetune,123,5,0.0,
copiapo,spatial,0,finetune,123,6,0.0,
copiapo,spatial,0,finetune,123,7,0.0,
copiapo,spatial,0,finetune,123,8,0.0,
copiapo,spatial,0,finetune,123,9,0.0,
copiapo,spatial,0,reptile,123,0,0.0,
copiapo,spatial,0,reptile,123,1,0.0,
copiapo,spatial,0,reptile,123,2,0.0,
copiapo,spatial,0,reptile,123,3,0.0,
copiapo,spatial,0,reptile,123,4,0.0,
copiapo,spatial,0,reptile,123,5,0.0,
copiapo,spatial,0,reptile,123,6,0.0,
copiapo,spatial,0,reptile,123,7,0.0,
copiapo,spatial,0,reptile,123,8,0.0,
copiapo,spatial,0,reptile,123,9,0.0,
copiapo,spatial,0,fomaml,123,0,0.0,
copiapo,spatial,0,fomaml,123,1,0.0,
copiapo,spatial,0,fomaml,123,2,0.0,
copiapo,spatial,0,fomaml,123,3,0.0,
copiapo,spatial,0,fomaml,123,4,0.0,
copiapo,spatial,0,fomaml,123,5,0.0,
copiapo,spatial,0,fomaml,123,6,0.0,
copiapo,spatial,0,fomaml,123,7,0.0,
copiapo,spatial,0,fomaml,123,8,0.0,
copiapo,spatial,0,fomaml,123,9,0.0,
copiapo,spatial,1,independent,123,0,0.4444444444444444,0.8571428571428571
copiapo,spatial,1,independent,123,1,0.4444444444444444,1.0
copiapo,spatial,1,independent,123,2,0.4444444444444444,1.0
copiapo,spatial,1,independent,123,3,0.4444444444444444,1.0
copiapo,spatial,1,independent,123,4,0.4444444444444444,1.0
copiapo,spatial,1,independent,123,5,0.4444444444444444,0.8571428571428571
copiapo,spatial,1,independent,123,6,0.4444444444444444,0.7142857142857143
copiapo,spatial,1,independent,123,7,0.4444444444444444,1.0
copiapo,spatial,1,independent,123,8,0.4444444444444444,0.8571428571428571
copiapo,spatial,1,independent,123,9,0.4444444444444444,1.0
copiapo,spatial,1,finetune,123,0,0.4444444444444444,1.0
copiapo,spatial,1,finetune,123,1,0.25,0.8571428571428571
copiapo,spatial,1,finetune,123,2,0.4444444444444444,1.0
copiapo,spatial,1,finetune,123,3,0.4444444444444444,1.0
copiapo,spatial,1,finetune,123,4,0.25,0.8571428571428571
copiapo,spatial,1,finetune,123,5,0.25,0.7142857142857143
copiapo,spatial,1,finetune,123,6,0.4444444444444444,0.8571428571428571
copiapo,spatial,1,finetune,123,7,0.4444444444444444,0.7142857142857143
copiapo,spatial,1,finetune,123,8,0.25,1.0
copiapo,spatial,1,finetune,123,9,0.4444444444444444,0.8571428571428571
copiapo,spatial,1,reptile,123,0,0.4444444444444444,1.0
copiapo,spatial,1,reptile,123,1,0.4444444444444444,1.0
copiapo,spatial,1,reptile,123,2,0.4444444444444444,1.0
copiapo,spatial,1,reptile,123,3,0.6,1.0
copiapo,spatial,1,reptile,123,4,0.6,1.0
copiapo,spatial,1,reptile,123,5,0.4444444444444444,0.8571428571428571
copiapo,spatial,1,reptile,123,6,0.4444444444444444,1.0
copiapo,spatial,1,reptile,123,7,0.4444444444444444,0.8571428571428571
copiapo,spatial,1,reptile,123,8,0.4444444444444444,0.8571428571428571
copiapo,spatial,1,reptile,123,9,0.4444444444444444,1.0
copiapo,spatial,1,fomaml,123,0,0.4444444444444444,1.0
copiapo,spatial,1,fomaml,123,1,0.4444444444444444,1.0
copiapo,spatial,1,fomaml,123,2,0.4444444444444444,1.0
copiapo,spatial,1,fomaml,123,3,0.4444444444444444,1.0
copiapo,spatial,1,fomaml,123,4,0.4444444444444444,1.0
copiapo,spatial,1,fomaml,123,5,0.4444444444444444,1.0
copiapo,spatial,1,fomaml,123,6,0.4444444444444444,1.0
copiapo,spatial,1,fomaml,123,7,0.4444444444444444,1.0
copiapo,spatial,1,fomaml,123,8,0.4444444444444444,1.0
copiapo,spatial,1,fomaml,123,9,0.25,1.0
copiapo,spatial,2,independent,123,0,0.6666666666666666,0.3333333333333333
copiapo,spatial,2,independent,123,1,0.75,0.5
copiapo,spatial,2,independent,123,2,0.75,0.5
copiapo,spatial,2,independent,123,3,0.75,0.33333333333333337
copiapo,spatial,2,independent,123,4,0.75,0.5833333333333334
copiapo,spatial,2,independent,123,5,0.75,0.5
copiapo,spatial,2,independent,123,6,0.8888888888888888,0.37500000000000006
copiapo,spatial,2,independent,123,7,0.75,0.33333333333333337
copiapo,spatial,2,independent,123,8,0.8888888888888888,0.5
copiapo,spatial,2,independent,123,9,0.75,0.5833333333333334
copiapo,spatial,2,finetune,123,0,0.8235294117647058,0.45833333333333337
copiapo,spatial,2,finetune,123,1,0.8235294117647058,0.4166666666666667
copiapo,spatial,2,finetune,123,2,0.8235294117647058,0.5416666666666667
copiapo,spatial,2,finetune,123,3,0.8235294117647058,0.37500000000000006
copiapo,spatial,2,finetune,123,4,0.8235294117647058,0.5
copiapo,spatial,2,finetune,123,5,0.8235294117647058,0.5416666666666667
copiapo,spatial,2,finetune,123,6,0.8235294117647058,0.45833333333333337
copiapo,spatial,2,finetune,123,7,0.8235294117647058,0.5
copiapo,spatial,2,finetune,123,8,0.8235294117647058,0.5
copiapo,spatial,2,finetune,123,9,0.8235294117647058,0.5416666666666667
copiapo,spatial,2,reptile,123,0,0.6666666666666666,0.37500000000000006
copiapo,spatial,2,reptile,123,1,0.6666666666666666,0.5
copiapo,spatial,2,reptile,123,2,0.75,0.45833333333333337
copiapo,spatial,2,reptile,123,3,0.75,0.45833333333333337
copiapo,spatial,2,reptile,123,4,0.6666666666666666,0.5833333333333334
copiapo,spatial,2,reptile,123,5,0.6666666666666666,0.37500000000000006
copiapo,spatial,2,reptile,123,6,0.75,0.5
copiapo,spatial,2,reptile,123,7,0.6666666666666666,0.33333333333333337
copiapo,spatial,2,reptile,123,8,0.6666666666666666,0.45833333333333337
copiapo,spatial,2,reptile,123,9,0.5714285714285714,0.4166666666666667
copiapo,spatial,2,fomaml,123,0,0.8235294117647058,0.5
copiapo,spatial,2,fomaml,123,1,0.8235294117647058,0.5
copiapo,spatial,2,fomaml,123,2,0.8235294117647058,0.45833333333333337
copiapo,spatial,2,fomaml,123,3,0.8235294117647058,0.5
copiapo,spatial,2,fomaml,123,4,0.8235294117647058,0.5
copiapo,spatial,2,fomaml,123,5,0.75,0.41666666666666663
copiapo,spatial,2,fomaml,123,6,0.8235294117647058,0.5416666666666667
copiapo,spatial,2,fomaml,123,7,0.75,0.5
copiapo,spatial,2,fomaml,123,8,0.8235294117647058,0.5
copiapo,spatial,2,fomaml,123,9,0.6666666666666666,0.41666666666666663
copiapo,spatial,3,independent,123,0,0.0,
copiapo,spatial,3,independent,123,1,0.0,
copiapo,spatial,3,independent,123,2,0.0,
copiapo,spatial,3,independent,123,3,0.0,
copiapo,spatial,3,independent,123,4,0.0,
copiapo,spatial,3,independent,123,5,0.0,
copiapo,spatial,3,independent,123,6,0.0,
copiapo,spatial,3,independent,123,7,0.0,
copiapo,spatial,3,independent,123,8,0.0,
copiapo,spatial,3,independent,123,9,0.0,
copiapo,spatial,3,finetune,123,0,0.0,
copiapo,spatial,3,finetune,123,1,0.0,
copiapo,spatial,3,finetune,123,2,0.0,
copiapo,spatial,3,finetune,123,3,0.0,
copiapo,spatial,3,finetune,123,4,0.0,
copiapo,spatial,3,finetune,123,5,0.0,
copiapo,spatial,3,finetune,123,6,0.0,
copiapo,spatial,3,finetune,123,7,0.0,
copiapo,spatial,3,finetune,123,8,0.0,
copiapo,spatial,3,finetune,123,9,0.0,
copiapo,spatial,3,reptile,123,0,0.0,
copiapo,spatial,3,reptile,123,1,0.0,
copiapo,spatial,3,reptile,123,2,0.0,
copiapo,spatial,3,reptile,123,3,0.0,
copiapo,spatial,3,reptile,123,4,0.0,
copiapo,spatial,3,reptile,123,5,0.0,
copiapo,spatial,3,reptile,123,6,0.0,
copiapo,spatial,3,reptile,123,7,0.0,
copiapo,spatial,3,reptile,123,8,0.0,
copiapo,spatial,3,reptile,123,9,0.0,
copiapo,spatial,3,fomaml,123,0,0.0,
copiapo,spatial,3,fomaml,123,1,0.0,
copiapo,spatial,3,fomaml,123,2,0.0,
copiapo,spatial,3,fomaml,123,3,0.0,
copiapo,spatial,3,fomaml,123,4,0.0,
copiapo,spatial,3,fomaml,123,5,0.0,
copiapo,spatial,3,fomaml,123,6,0.0,
copiapo,spatial,3,fomaml,123,7,0.0,
copiapo,spatial,3,fomaml,123,8,0.0,
copiapo,spatial,3,fomaml,123,9,0.0,
copiapo,spatial,4,independent,123,0,1.0,1.0
copiapo,spatial,4,independent,123,1,1.0,1.0
copiapo,spatial,4,independent,123,2,1.0,1.0
copiapo,spatial,4,independent,123,3,1.0,1.0
copiapo,spatial,4,independent,123,4,1.0,1.0
copiapo,spatial,4,independent,123,5,1.0,1.0
copiapo,spatial,4,independent,123,6,1.0,1.0
copiapo,spatial,4,independent,123,7,1.0,1.0
copiapo,spatial,4,independent,123,8,1.0,1.0
copiapo,spatial,4,independent,123,9,1.0,1.0
copiapo,spatial,4,finetune,123,0,1.0,1.0
copiapo,spatial,4,finetune,123,1,1.0,1.0
copiapo,spatial,4,finetune,123,2,1.0,1.0
copiapo,spatial,4,finetune,123,3,1.0,1.0
copiapo,spatial,4,finetune,123,4,1.0,1.0
copiapo,spatial,4,finetune,123,5,1.0,1.0
copiapo,spatial,4,finetune,123,6,1.0,1.0
copiapo,spatial,4,finetune,123,7,1.0,1.0
copiapo,spatial,4,finetune,123,8,1.0,1.0
copiapo,spatial,4,finetune,123,9,1.0,1.0
copiapo,spatial,4,reptile,123,0,1.0,1.0
copiapo,spatial,4,reptile,123,1,1.0,1.0
copiapo,spatial,4,reptile,123,2,0.8888888888888888,1.0
copiapo,spatial,4,reptile,123,3,1.0,1.0
copiapo,spatial,4,reptile,123,4,0.8888888888888888,1.0
copiapo,spatial,4,reptile,123,5,1.0,1.0
copiapo,spatial,4,reptile,123,6,1.0,1.0
copiapo,spatial,4,reptile,123,7,1.0,1.0
copiapo,spatial,4,reptile,123,8,1.0,1.0
copiapo,spatial,4,reptile,123,9,1.0,1.0
copiapo,spatial,4,fomaml,123,0,1.0,1.0
copiapo,spatial,4,fomaml,123,1,1.0,1.0
copiapo,spatial,4,fomaml,123,2,1.0,1.0
copiapo,spatial,4,fomaml,123,3,1.0,1.0
copiapo,spatial,4,fomaml,123,4,1.0,1.0
copiapo,spatial,4,fomaml,123,5,1.0,1.0
copiapo,spatial,4,fomaml,123,6,1.0,1.0
copiapo,spatial,4,fomaml,123,7,1.0,1.0
copiapo,spatial,4,fomaml,123,8,1.0,1.0
copiapo,spatial,4,fomaml,123,9,1.0,1.0
copiapo,random,0,independent,123,0,0.8,1.0
copiapo,random,0,independent,123,1,1.0,0.9999999999999999
copiapo,random,0,independent,123,2,1.0,1.0
copiapo,random,0,independent,123,3,1.0,1.0
copiapo,random,0,independent,123,4,1.0,1.0
copiapo,random,0,independent,123,5,1.0,1.0
copiapo,random,0,independent,123,6,1.0,1.0
copiapo,random,0,independent,123,7,1.0,1.0
copiapo,random,0,independent,123,8,1.0,1.0
copiapo,random,0,independent,123,9,1.0,1.0
copiapo,random,0,finetune,123,0,0.8,0.9999999999999999
copiapo,random,0,finetune,123,1,0.8,1.0
copiapo,random,0,finetune,123,2,1.0,0.9999999999999999
copiapo,random,0,finetune,123,3,1.0,1.0
copiapo,random,0,finetune,123,4,0.8,1.0
copiapo,random,0,finetune,123,5,1.0,0.9999999999999999
copiapo,random,0,finetune,123,6,1.0,1.0
copiapo,random,0,finetune,123,7,1.0,1.0
copiapo,random,0,finetune,123,8,0.8,0.9999999999999999
copiapo,random,0,finetune,123,9,1.0,0.9999999999999999
copiapo,random,0,reptile,123,0,1.0,0.9999999999999999
copiapo,random,0,reptile,123,1,0.8,1.0
copiapo,random,0,reptile,123,2,0.8,1.0
copiapo,random,0,reptile,123,3,1.0,0.9999999999999999
copiapo,random,0,reptile,123,4,0.8,1.0
copiapo,random,0,reptile,123,5,0.8,0.9999999999999999
copiapo,random,0,reptile,123,6,0.8,0.9999999999999999
copiapo,random,0,reptile,123,7,0.8,1.0
copiapo,random,0,reptile,123,8,0.8,0.9999999999999999
copiapo,random,0,reptile,123,9,0.8,1.0
copiapo,random,0,fomaml,123,0,1.0,1.0
copiapo,random,0,fomaml,123,1,1.0,1.0
copiapo,random,0,fomaml,123,2,1.0,1.0
copiapo,random,0,fomaml,123,3,1.0,1.0
copiapo,random,0,fomaml,123,4,1.0,1.0
copiapo,random,0,fomaml,123,5,1.0,1.0
copiapo,random,0,fomaml,123,6,1.0,1.0
copiapo,random,0,fomaml,123,7,1.0,1.0
copiapo,random,0,fomaml,123,8,1.0,0.9999999999999999
copiapo,random,0,fomaml,123,9,1.0,1.0
copiapo,random,1,independent,123,0,0.9090909090909091,0.9166666666666667
copiapo,random,1,independent,123,1,0.9090909090909091,1.0
copiapo,random,1,independent,123,2,0.9090909090909091,1.0
copiapo,random,1,independent,123,3,0.9090909090909091,0.9166666666666667
copiapo,random,1,independent,123,4,0.9090909090909091,1.0
copiapo,random,1,independent,123,5,0.9090909090909091,1.0
copiapo,random,1,independent,123,6,0.9090909090909091,0.9166666666666667
copiapo,random,1,independent,123,7,0.9090909090909091,1.0
copiapo,random,1,independent,123,8,0.9090909090909091,0.9166666666666667
copiapo,random,1,independent,123,9,0.9090909090909091,1.0
copiapo,random,1,finetune,123,0,0.9090909090909091,0.9166666666666667
copiapo,random,1,finetune,123,1,0.9090909090909091,0.9166666666666667
copiapo,random,1,finetune,123,2,0.9090909090909091,0.9166666666666667
copiapo,random,1,finetune,123,3,0.9090909090909091,0.9166666666666667
copiapo,random,1,finetune,123,4,0.9090909090909091,0.9166666666666667
copiapo,random,1,finetune,123,5,0.9090909090909091,1.0
copiapo,random,1,finetune,123,6,0.9090909090909091,0.9166666666666667
copiapo,random,1,finetune,123,7,0.9090909090909091,0.9166666666666667
copiapo,random,1,finetune,123,8,0.9090909090909091,0.9166666666666667
copiapo,random,1,finetune,123,9,0.9090909090909091,0.9166666666666667
copiapo,random,1,reptile,123,0,0.9090909090909091,0.9166666666666667
copiapo,random,1,reptile,123,1,0.9090909090909091,0.9166666666666667
copiapo,random,1,reptile,123,2,0.9090909090909091,0.9166666666666667
copiapo,random,1,reptile,123,3,0.9090909090909091,0.9166666666666667
copiapo,random,1,reptile,123,4,0.9090909090909091,0.9166666666666667
copiapo,random,1,reptile,123,5,0.9090909090909091,0.9166666666666667
copiapo,random,1,reptile,123,6,0.9090909090909091,0.9166666666666667
copiapo,random,1,reptile,123,7,0.9090909090909091,0.9166666666666667
copiapo,random,1,reptile,123,8,0.9090909090909091,0.9166666666666667
copiapo,random,1,reptile,123,9,0.9090909090909091,0.9166666666666667
copiapo,random,1,fomaml,123,0,0.9090909090909091,0.9166666666666667
copiapo,random,1,fomaml,123,1,0.9090909090909091,0.9166666666666667
copiapo,random,1,fomaml,123,2,0.9090909090909091,0.9166666666666667
copiapo,random,1,fomaml,123,3,0.9090909090909091,0.9166666666666667
copiapo,random,1,fomaml,123,4,0.9090909090909091,0.9166666666666667
copiapo,random,1,fomaml,123,5,0.9090909090909091,0.9166666666666667
copiapo,random,1,fomaml,123,6,0.9090909090909091,0.9166666666666667
copiapo,random,1,fomaml,123,7,0.9090909090909091,0.9166666666666667
copiapo,random,1,fomaml,123,8,0.9090909090909091,0.9166666666666667
copiapo,random,1,fomaml,123,9,0.9090909090909091,0.9166666666666667
copiapo,random,2,independent,123,0,0.8888888888888888,0.9375
copiapo,random,2,independent,123,1,0.8888888888888888,0.9375
copiapo,random,2,independent,123,2,0.8888888888888888,0.9375
copiapo,random,2,independent,123,3,0.8888888888888888,0.9375
copiapo,random,2,independent,123,4,0.8888888888888888,0.9375
copiapo,random,2,independent,123,5,0.8888888888888888,0.9375
copiapo,random,2,independent,123,6,0.8,0.9375
copiapo,random,2,independent,123,7,0.8888888888888888,0.9375
copiapo,random,2,independent,123,8,0.8888888888888888,0.9375
copiapo,random,2,independent,123,9,0.8888888888888888,0.9375
copiapo,random,2,finetune,123,0,0.75,0.8125
copiapo,random,2,finetune,123,1,0.75,0.9375
copiapo,random,2,finetune,123,2,0.8888888888888888,0.875
copiapo,random,2,finetune,123,3,0.8888888888888888,0.9375
copiapo,random,2,finetune,123,4,0.8888888888888888,0.8125
copiapo,random,2,finetune,123,5,0.8888888888888888,0.875
copiapo,random,2,finetune,123,6,0.8888888888888888,0.9375
copiapo,random,2,finetune,123,7,0.75,0.9375
copiapo,random,2,finetune,123,8,0.8888888888888888,0.9375
copiapo,random,2,finetune,123,9,0.8888888888888888,0.8125
copiapo,random,2,reptile,123,0,0.8888888888888888,1.0
copiapo,random,2,reptile,123,1,0.8888888888888888,0.9375
copiapo,random,2,reptile,123,2,0.8888888888888888,1.0
copiapo,random,2,reptile,123,3,0.8888888888888888,1.0
copiapo,random,2,reptile,123,4,0.8888888888888888,1.0
copiapo,random,2,reptile,123,5,0.8888888888888888,1.0
copiapo,random,2,reptile,123,6,0.8888888888888888,1.0
copiapo,random,2,reptile,123,7,0.8888888888888888,1.0
copiapo,random,2,reptile,123,8,0.8888888888888888,1.0
copiapo,random,2,reptile,123,9,0.8888888888888888,1.0
copiapo,random,2,fomaml,123,0,0.8888888888888888,1.0
copiapo,random,2,fomaml,123,1,0.8888888888888888,1.0
copiapo,random,2,fomaml,123,2,0.8888888888888888,1.0
copiapo,random,2,fomaml,123,3,0.8888888888888888,1.0
copiapo,random,2,fomaml,123,4,0.8888888888888888,1.0
copiapo,random,2,fomaml,123,5,0.8888888888888888,1.0
copiapo,random,2,fomaml,123,6,0.8888888888888888,1.0
copiapo,random,2,fomaml,123,7,0.8888888888888888,1.0
copiapo,random,2,fomaml,123,8,0.8888888888888888,1.0
copiapo,random,2,fomaml,123,9,0.8888888888888888,1.0
copiapo,random,3,independent,123,0,0.8,1.0
copiapo,random,3,independent,123,1,0.8,1.0
copiapo,random,3,independent,123,2,0.8,1.0
copiapo,random,3,independent,123,3,0.8,1.0
copiapo,random,3,independent,123,4,0.8,1.0
copiapo,random,3,independent,123,5,0.8,1.0
copiapo,random,3,independent,123,6,0.8,1.0
copiapo,random,3,independent,123,7,0.8,1.0
copiapo,random,3,independent,123,8,0.8,1.0
copiapo,random,3,independent,123,9,0.8,1.0
copiapo,random,3,finetune,123,0,0.8,1.0
copiapo,random,3,finetune,123,1,0.8,1.0
copiapo,random,3,finetune,123,2,0.8,1.0
copiapo,random,3,finetune,123,3,0.8,1.0
copiapo,random,3,finetune,123,4,0.8,1.0
copiapo,random,3,finetune,123,5,0.8,1.0
copiapo,random,3,finetune,123,6,0.8,1.0
copiapo,random,3,finetune,123,7,0.8,1.0
copiapo,random,3,finetune,123,8,0.8,1.0
copiapo,random,3,finetune,123,9,0.8,1.0
copiapo,random,3,reptile,123,0,0.8,1.0
copiapo,random,3,reptile,123,1,0.8,1.0
copiapo,random,3,reptile,123,2,0.8,1.0
copiapo,random,3,reptile,123,3,0.8,1.0
copiapo,random,3,reptile,123,4,0.8,1.0
copiapo,random,3,reptile,123,5,0.8,1.0
copiapo,random,3,reptile,123,6,0.8,1.0
copiapo,random,3,reptile,123,7,0.8,1.0
copiapo,random,3,reptile,123,8,0.8,1.0
copiapo,random,3,reptile,123,9,0.8,1.0
copiapo,random,3,fomaml,123,0,0.8,1.0
copiapo,random,3,fomaml,123,1,0.8,1.0
copiapo,random,3,fomaml,123,2,0.8,1.0
copiapo,random,3,fomaml,123,3,0.8,1.0
copiapo,random,3,fomaml,123,4,1.0,1.0
copiapo,random,3,fomaml,123,5,0.8,1.0
copiapo,random,3,fomaml,123,6,0.8,1.0
copiapo,random,3,fomaml,123,7,0.8,1.0
copiapo,random,3,fomaml,123,8,0.8,1.0
copiapo,random,3,fomaml,123,9,0.8,1.0
copiapo,random,4,independent,123,0,0.8888888888888888,1.0
copiapo,random,4,independent,123,1,0.8888888888888888,1.0
copiapo,random,4,independent,123,2,0.8888888888888888,1.0
copiapo,random,4,independent,123,3,0.8888888888888888,1.0
copiapo,random,4,independent,123,4,0.8888888888888888,1.0
copiapo,random,4,independent,123,5,0.8888888888888888,1.0
copiapo,random,4,independent,123,6,0.8888888888888888,1.0
copiapo,random,4,independent,123,7,0.8888888888888888,1.0
copiapo,random,4,independent,123,8,0.8888888888888888,1.0
copiapo,random,4,independent,123,9,0.8888888888888888,1.0
copiapo,random,4,finetune,123,0,0.8888888888888888,1.0
copiapo,random,4,finetune,123,1,0.8888888888888888,1.0
copiapo,random,4,finetune,123,2,0.8888888888888888,1.0
copiapo,random,4,finetune,123,3,0.8888888888888888,1.0
copiapo,random,4,finetune,123,4,0.8888888888888888,1.0
copiapo,random,4,finetune,123,5,0.8888888888888888,1.0
copiapo,random,4,finetune,123,6,0.8888888888888888,1.0
copiapo,random,4,finetune,123,7,0.8888888888888888,1.0
copiapo,random,4,finetune,123,8,0.8888888888888888,1.0
copiapo,random,4,finetune,123,9,0.8888888888888888,1.0
copiapo,random,4,reptile,123,0,0.8888888888888888,1.0
copiapo,random,4,reptile,123,1,0.8888888888888888,1.0
copiapo,random,4,reptile,123,2,0.8888888888888888,1.0
copiapo,random,4,reptile,123,3,0.8888888888888888,1.0
copiapo,random,4,reptile,123,4,0.8888888888888888,1.0
copiapo,random,4,reptile,123,5,0.8888888888888888,1.0
copiapo,random,4,reptile,123,6,0.8888888888888888,1.0
copiapo,random,4,reptile,123,7,0.8888888888888888,1.0
copiapo,random,4,reptile,123,8,0.8888888888888888,1.0
copiapo,random,4,reptile,123,9,0.8888888888888888,1.0
copiapo,random,4,fomaml,123,0,0.8888888888888888,1.0
copiapo,random,4,fomaml,123,1,0.8888888888888888,1.0
copiapo,random,4,fomaml,123,2,0.8888888888888888,1.0
copiapo,random,4,fomaml,123,3,0.8888888888888888,1.0
copiapo,random,4,fomaml,123,4,0.8888888888888888,1.0
copiapo,random,4,fomaml,123,5,0.8888888888888888,1.0
copiapo,random,4,fomaml,123,6,0.8888888888888888,1.0
copiapo,random,4,fomaml,123,7,0.8888888888888888,1.0
copiapo,random,4,fomaml,123,8,0.8888888888888888,1.0
copiapo,random,4,fomaml,123,9,0.8888888888888888,1.0
huasco,spatial,0,independent,123,0,0.0,
huasco,spatial,0,independent,123,1,0.0,
huasco,spatial,0,independent,123,2,0.0,
huasco,spatial,0,independent,123,3,0.0,
huasco,spatial,0,independent,123,4,0.0,
huasco,spatial,0,independent,123,5,0.0,
huasco,spatial,0,independent,123,6,0.0,
huasco,spatial,0,independent,123,7,0.0,
huasco,spatial,0,independent,123,8,0.0,
huasco,spatial,0,independent,123,9,0.0,
huasco,spatial,0,finetune,123,0,0.0,
huasco,spatial,0,finetune,123,1,0.0,
huasco,spatial,0,finetune,123,2,0.0,
huasco,spatial,0,finetune,123,3,0.0,
huasco,spatial,0,finetune,123,4,0.0,
huasco,spatial,0,finetune,123,5,0.0,
huasco,spatial,0,finetune,123,6,0.0,
huasco,spatial,0,finetune,123,7,0.0,
huasco,spatial,0,finetune,123,8,0.0,
huasco,spatial,0,finetune,123,9,0.0,
huasco,spatial,0,reptile,123,0,0.0,
huasco,spatial,0,reptile,123,1,0.0,
huasco,spatial,0,reptile,123,2,0.0,
huasco,spatial,0,reptile,123,3,0.0,
huasco,spatial,0,reptile,123,4,0.0,
huasco,spatial,0,reptile,123,5,0.0,
huasco,spatial,0,reptile,123,6,0.0,
huasco,spatial,0,reptile,123,7,0.0,
huasco,spatial,0,reptile,123,8,0.0,
huasco,spatial,0,reptile,123,9,0.0,
huasco,spatial,0,fomaml,123,0,0.0,
huasco,spatial,0,fomaml,123,1,0.0,
huasco,spatial,0,fomaml,123,2,0.0,
huasco,spatial,0,fomaml,123,3,0.0,
huasco,spatial,0,fomaml,123,4,0.0,
huasco,spatial,0,fomaml,123,5,0.0,
huasco,spatial,0,fomaml,123,6,0.0,
huasco,spatial,0,fomaml,123,7,0.0,
huasco,spatial,0,fomaml,123,8,0.0,
huasco,spatial,0,fomaml,123,9,0.0,
huasco,spatial,1,independent,123,0,0.7506702412868632,0.7758090133015685
huasco,spatial,1,independent,123,1,0.7916666666666666,0.8155151876116736
huasco,spatial,1,independent,123,2,0.9230769230769231,0.8678280722652372
huasco,spatial,1,independent,123,3,0.7606382978723404,0.7712924359737939
huasco,spatial,1,independent,123,4,0.8620689655172413,0.8496128648004766
huasco,spatial,1,independent,123,5,0.6914285714285714,0.8233075243200317
huasco,spatial,1,independent,123,6,0.8910411622276029,0.8867381377804248
huasco,spatial,1,independent,123,7,0.8253164556962025,0.819237641453246
huasco,spatial,1,independent,123,8,0.8370927318295739,0.8191383760174707
huasco,spatial,1,independent,123,9,0.7647058823529411,0.8092118324399444
huasco,spatial,1,finetune,123,0,0.8405063291139241,0.8761663688703594
huasco,spatial,1,finetune,123,1,0.9064748201438849,0.9122493547746675
huasco,spatial,1,finetune,123,2,0.7757255936675461,0.7845940043676792
huasco,spatial,1,finetune,123,3,0.784,0.838495135993647
huasco,spatial,1,finetune,123,4,0.6918604651162791,0.7971014492753623
huasco,spatial,1,finetune,123,5,0.9191685912240185,0.8544272384355768
huasco,spatial,1,finetune,123,6,0.883054892601432,0.8408278737343656
huasco,spatial,1,finetune,123,7,0.9382151029748284,0.8755211435378202
huasco,spatial,1,finetune,123,8,0.8165374677002584,0.8345245185626365
huasco,spatial,1,finetune,123,9,0.7696476964769647,0.8379988088147707
huasco,spatial,1,reptile,123,0,0.7875647668393783,0.8200317649394481
huasco,spatial,1,reptile,123,1,0.9216589861751152,0.860730593607306
huasco,spatial,1,reptile,123,2,0.9026128266033254,0.8187413142743697
huasco,spatial,1,reptile,123,3,0.830379746835443,0.8568592416120706
huasco,spatial,1,reptile,123,4,0.8270676691729323,0.8198828667857851
huasco,spatial,1,reptile,123,5,0.9348314606741573,0.8160115147905499
huasco,spatial,1,reptile,123,6,0.7616438356164383,0.8532856859241612
huasco,spatial,1,reptile,123,7,0.7862796833773087,0.8382966051220964
huasco,spatial,1,reptile,123,8,0.8423645320197044,0.795662100456621
huasco,spatial,1,reptile,123,9,0.8277634961439588,0.8762160015882469
huasco,spatial,1,fomaml,123,0,0.9551569506726457,0.859241612070677
huasco,spatial,1,fomaml,123,1,0.9137529137529138,0.8480742505459599
huasco,spatial,1,fomaml,123,2,0.8423645320197044,0.8099066904903712
huasco,spatial,1,fomaml,123,3,0.9280742459396751,0.8850009926543578
huasco,spatial,1,fomaml,123,4,0.8938271604938272,0.9323009728012707
huasco,spatial,1,fomaml,123,5,0.8295165394402035,0.8540301766924757
huasco,spatial,1,fomaml,123,6,0.9626373626373627,0.8377010125074449
huasco,spatial,1,fomaml,123,7,0.8599033816425121,0.8322414135398054
huasco,spatial,1,fomaml,123,8,0.7819148936170213,0.828916021441334
huasco,spatial,1,fomaml,123,9,0.9466666666666667,0.8623188405797101
huasco,spatial,2,independent,123,0,0.0,
huasco,spatial,2,independent,123,1,0.0,
huasco,spatial,2,independent,123,2,0.0,
huasco,spatial,2,independent,123,3,0.0,
huasco,spatial,2,independent,123,4,0.0,
huasco,spatial,2,independent,123,5,0.0,
huasco,spatial,2,independent,123,6,0.0,
huasco,spatial,2,independent,123,7,0.0,
huasco,spatial,2,independent,123,8,0.0,
huasco,spatial,2,independent,123,9,0.0,
huasco,spatial,2,finetune,123,0,0.0,
huasco,spatial,2,finetune,123,1,0.0,
huasco,spatial,2,finetune,123,2,0.0,
huasco,spatial,2,finetune,123,3,0.0,
huasco,spatial,2,finetune,123,4,0.0,
huasco,spatial,2,finetune,123,5,0.0,
huasco,spatial,2,finetune,123,6,0.0,
huasco,spatial,2,finetune,123,7,0.0,
huasco,spatial,2,finetune,123,8,0.0,
huasco,spatial,2,finetune,123,9,0.0,
huasco,spatial,2,reptile,123,0,0.0,
huasco,spatial,2,reptile,123,1,0.0,
huasco,spatial,2,reptile,123,2,0.0,
huasco,spatial,2,reptile,123,3,0.0,
huasco,spatial,2,reptile,123,4,0.0,
huasco,spatial,2,reptile,123,5,0.0,
huasco,spatial,2,reptile,123,6,0.0,
huasco,spatial,2,reptile,123,7,0.0,
huasco,spatial,2,reptile,123,8,0.0,
huasco,spatial,2,reptile,123,9,0.0,
huasco,spatial,2,fomaml,123,0,0.0,
huasco,spatial,2,fomaml,123,1,0.0,
huasco,spatial,2,fomaml,123,2,0.0,
huasco,spatial,2,fomaml,123,3,0.0,
huasco,spatial,2,fomaml,123,4,0.0,
huasco,spatial,2,fomaml,123,5,0.0,
huasco,spatial,2,fomaml,123,6,0.0,
huasco,spatial,2,fomaml,123,7,0.0,
huasco,spatial,2,fomaml,123,8,0.0,
huasco,spatial,2,fomaml,123,9,0.0,
huasco,spatial,3,independent,123,0,0.0,
huasco,spatial,3,independent,123,1,0.0,
huasco,spatial,3,independent,123,2,0.0,
huasco,spatial,3,independent,123,3,0.0,
huasco,spatial,3,independent,123,4,0.0,
huasco,spatial,3,independent,123,5,0.0,
huasco,spatial,3,independent,123,6,0.0,
huasco,spatial,3,independent,123,7,0.0,
huasco,spatial,3,independent,123,8,0.0,
huasco,spatial,3,independent,123,9,0.0,
huasco,spatial,3,finetune,123,0,0.0,
huasco,spatial,3,finetune,123,1,0.0,
huasco,spatial,3,finetune,123,2,0.0,
huasco,spatial,3,finetune,123,3,0.0,
huasco,spatial,3,finetune,123,4,0.0,
huasco,spatial,3,finetune,123,5,0.0,
huasco,spatial,3,finetune,123,6,0.0,
huasco,spatial,3,finetune,123,7,0.0,
huasco,spatial,3,finetune,123,8,0.0,
huasco,spatial,3,finetune,123,9,0.0,
huasco,spatial,3,reptile,123,0,0.0,
huasco,spatial,3,reptile,123,1,0.0,
huasco,spatial,3,reptile,123,2,0.0,
huasco,spatial,3,reptile,123,3,0.0,
huasco,spatial,3,reptile,123,4,0.0,
huasco,spatial,3,reptile,123,5,0.0,
huasco,spatial,3,reptile,123,6,0.0,
huasco,spatial,3,reptile,123,7,0.0,
huasco,spatial,3,reptile,123,8,0.0,
huasco,spatial,3,reptile,123,9,0.0,
huasco,spatial,3,fomaml,123,0,0.0,
huasco,spatial,3,fomaml,123,1,0.0,
huasco,spatial,3,fomaml,123,2,0.0,
huasco,spatial,3,fomaml,123,3,0.0,
huasco,spatial,3,fomaml,123,4,0.0,
huasco,spatial,3,fomaml,123,5,0.0,
huasco,spatial,3,fomaml,123,6,0.0,
huasco,spatial,3,fomaml,123,7,0.0,
huasco,spatial,3,fomaml,123,8,0.0,
huasco,spatial,3,fomaml,123,9,0.0,
huasco,spatial,4,independent,123,0,0.9365079365079365,0.967090395480226
huasco,spatial,4,independent,123,1,0.8807339449541285,0.965819209039548
huasco,spatial,4,independent,123,2,0.928,0.9477401129943502
huasco,spatial,4,independent,123,3,0.9206349206349206,0.9519774011299434
huasco,spatial,4,independent,123,4,0.8467153284671532,0.9275423728813559
huasco,spatial,4,independent,123,5,0.9122807017543859,0.9324858757062148
huasco,spatial,4,independent,123,6,0.907563025210084,0.9694915254237289
huasco,spatial,4,independent,123,7,0.873015873015873,0.9483050847457627
huasco,spatial,4,independent,123,8,0.926829268292683,0.9542372881355932
huasco,spatial,4,independent,123,9,0.74,0.9090395480225989
huasco,spatial,4,finetune,123,0,0.926829268292683,0.9624293785310735
huasco,spatial,4,finetune,123,1,0.9105691056910569,0.9628531073446327
huasco,spatial,4,finetune,123,2,0.9,0.9548022598870056
huasco,spatial,4,finetune,123,3,0.8739495798319328,0.9447740112994351
huasco,spatial,4,finetune,123,4,0.9256198347107438,0.9665254237288136
huasco,spatial,4,finetune,123,5,0.9107142857142857,0.9728813559322034
huasco,spatial,4,finetune,123,6,0.9026548672566371,0.9717514124293785
huasco,spatial,4,finetune,123,7,0.9354838709677419,0.9889830508474576
huasco,spatial,4,finetune,123,8,0.875,0.965677966101695
huasco,spatial,4,finetune,123,9,0.9354838709677419,0.9909604519774011
huasco,spatial,4,reptile,123,0,0.95,0.9725988700564973
huasco,spatial,4,reptile,123,1,0.8549618320610687,0.8827683615819208
huasco,spatial,4,reptile,123,2,0.8909090909090909,0.9680790960451977
huasco,spatial,4,reptile,123,3,0.9105691056910569,0.936723163841808
huasco,spatial,4,reptile,123,4,0.8888888888888888,0.9598870056497175
huasco,spatial,4,reptile,123,5,0.8727272727272727,0.9624293785310735
huasco,spatial,4,reptile,123,6,0.8939393939393939,0.9536723163841808
huasco,spatial,4,reptile,123,7,0.9298245614035088,0.9870056497175141
huasco,spatial,4,reptile,123,8,0.8672566371681416,0.9531073446327684
huasco,spatial,4,reptile,123,9,0.8923076923076924,0.8932203389830509
huasco,spatial,4,fomaml,123,0,0.8888888888888888,0.9370056497175141
huasco,spatial,4,fomaml,123,1,0.9026548672566371,0.9584745762711865
huasco,spatial,4,fomaml,123,2,0.8727272727272727,0.9572033898305085
huasco,spatial,4,fomaml,123,3,0.8771929824561403,0.9457627118644067
huasco,spatial,4,fomaml,123,4,0.875,0.9432203389830509
huasco,spatial,4,fomaml,123,5,0.9180327868852459,0.9720338983050847
huasco,spatial,4,fomaml,123,6,0.8695652173913043,0.9548022598870057
huasco,spatial,4,fomaml,123,7,0.7733333333333333,0.8432203389830508
huasco,spatial,4,fomaml,123,8,0.8793103448275862,0.9624293785310735
huasco,spatial,4,fomaml,123,9,0.926829268292683,0.9398305084745763
huasco,random,0,independent,123,0,0.8854961832061069,0.8852459016393442
huasco,random,0,independent,123,1,0.8823529411764706,0.9493731918997108
huasco,random,0,independent,123,2,0.9007633587786259,0.9434265509482482
huasco,random,0,independent,123,3,0.875,0.8963355834136933
huasco,random,0,independent,123,4,0.8225806451612904,0.8815493410478945
huasco,random,0,independent,123,5,0.8905109489051095,0.9517839922854388
huasco,random,0,independent,123,6,0.8992248062015504,0.9209257473481196
huasco,random,0,independent,123,7,0.9037037037037037,0.9450337512054001
huasco,random,0,independent,123,8,0.8676470588235294,0.8772099003535841
huasco,random,0,independent,123,9,0.8636363636363636,0.8924783027965284
huasco,random,0,finetune,123,0,0.88,0.9214079074252652
huasco,random,0,finetune,123,1,0.819672131147541,0.8944069431051109
huasco,random,0,finetune,123,2,0.8823529411764706,0.9379620700739312
huasco,random,0,finetune,123,3,0.8923076923076924,0.9296046287367407
huasco,random,0,finetune,123,4,0.8955223880597015,0.9599807135969142
huasco,random,0,finetune,123,5,0.8721804511278195,0.908711025393764
huasco,random,0,finetune,123,6,0.9007633587786259,0.8891031822565092
huasco,random,0,finetune,123,7,0.8888888888888888,0.9447123111539697
huasco,random,0,finetune,123,8,0.8455284552845529,0.918997107039537
huasco,random,0,finetune,123,9,0.9206349206349206,0.9678559948569592
huasco,random,0,reptile,123,0,0.8688524590163934,0.9135326261652201
huasco,random,0,reptile,123,1,0.9047619047619048,0.9164255866280938
huasco,random,0,reptile,123,2,0.8818897637795275,0.9135326261652201
huasco,random,0,reptile,123,3,0.90625,0.9296046287367405
huasco,random,0,reptile,123,4,0.8702290076335878,0.8743169398907104
huasco,random,0,reptile,123,5,0.8955223880597015,0.9389263902282224
huasco,random,0,reptile,123,6,0.8872180451127819,0.9199614271938283
huasco,random,0,reptile,123,7,0.9007633587786259,0.9233365477338475
huasco,random,0,reptile,123,8,0.8235294117647058,0.8907103825136612
huasco,random,0,reptile,123,9,0.8970588235294118,0.9302475088396014
huasco,random,0,fomaml,123,0,0.8854961832061069,0.9193185470909675
huasco,random,0,fomaml,123,1,0.8682170542635659,0.9006750241080038
huasco,random,0,fomaml,123,2,0.8992248062015504,0.9580520732883318
huasco,random,0,fomaml,123,3,0.912,0.9522661523625844
huasco,random,0,fomaml,123,4,0.9016393442622951,0.9498553519768563
huasco,random,0,fomaml,123,5,0.8721804511278195,0.884281581485053
huasco,random,0,fomaml,123,6,0.8939393939393939,0.9329797492767599
huasco,random,0,fomaml,123,7,0.9291338582677166,0.9517839922854388
huasco,random,0,fomaml,123,8,0.864,0.9029251044680168
huasco,random,0,fomaml,123,9,0.8888888888888888,0.9080681452909033
huasco,random,1,independent,123,0,0.8737864077669902,0.92412771560237
huasco,random,1,independent,123,1,0.9056603773584906,0.9050362080315997
huasco,random,1,independent,123,2,0.8518518518518519,0.9302172481895984
huasco,random,1,independent,123,3,0.8952380952380953,0.9226464779460172
huasco,random,1,independent,123,4,0.8828828828828829,0.93449637919684
huasco,random,1,independent,123,5,0.8737864077669902,0.9504608294930875
huasco,random,1,independent,123,6,0.8490566037735849,0.9381171823568137
huasco,random,1,independent,123,7,0.8807339449541285,0.9287360105332456
huasco,random,1,independent,123,8,0.8387096774193549,0.9407504937458854
huasco,random,1,independent,123,9,0.8571428571428571,0.9325213956550362
huasco,random,1,finetune,123,0,0.8910891089108911,0.935319289005925
huasco,random,1,finetune,123,1,0.8571428571428571,0.9526003949967083
huasco,random,1,finetune,123,2,0.88,0.9522712310730744
huasco,random,1,finetune,123,3,0.8380952380952381,0.9532587228439763
huasco,random,1,finetune,123,4,0.8727272727272727,0.9447004608294931
huasco,random,1,finetune,123,5,0.8131868131868132,0.9465108624094799
huasco,random,1,finetune,123,6,0.8571428571428571,0.9387755102040817
huasco,random,1,finetune,123,7,0.9230769230769231,0.9623107307439105
huasco,random,1,finetune,123,8,0.7878787878787878,0.9081632653061225
huasco,random,1,finetune,123,9,0.8910891089108911,0.9552337063857802
huasco,random,1,reptile,123,0,0.8807339449541285,0.9183673469387755
huasco,random,1,reptile,123,1,0.8761904761904762,0.9285714285714286
huasco,random,1,reptile,123,2,0.8653846153846154,0.9315339038841344
huasco,random,1,reptile,123,3,0.7843137254901961,0.8999341672152733
huasco,random,1,reptile,123,4,0.8712871287128713,0.9440421329822252
huasco,random,1,reptile,123,5,0.9230769230769231,0.9414088215931533
huasco,random,1,reptile,123,6,0.8518518518518519,0.9177090190915076
huasco,random,1,reptile,123,7,0.8541666666666666,0.9377880184331797
huasco,random,1,reptile,123,8,0.875,0.955562870309414
huasco,random,1,reptile,123,9,0.8952380952380953,0.9621461487820935
huasco,random,1,fomaml,123,0,0.8490566037735849,0.9186965108624094
huasco,random,1,fomaml,123,1,0.8952380952380953,0.9320276497695853
huasco,random,1,fomaml,123,2,0.9,0.9486504279131007
huasco,random,1,fomaml,123,3,0.8653846153846154,0.9210006583278473
huasco,random,1,fomaml,123,4,0.8440366972477065,0.9262672811059908
huasco,random,1,fomaml,123,5,0.8648648648648649,0.923798551678736
huasco,random,1,fomaml,123,6,0.8235294117647058,0.8884134298880842
huasco,random,1,fomaml,123,7,0.8596491228070176,0.9076695194206715
huasco,random,1,fomaml,123,8,0.9158878504672897,0.9470046082949308
huasco,random,1,fomaml,123,9,0.8990825688073395,0.9377880184331797
huasco,random,2,independent,123,0,0.9043478260869565,0.9746258945998699
huasco,random,2,independent,123,1,0.9322033898305084,0.9746258945998699
huasco,random,2,independent,123,2,0.9009009009009009,0.9879635653871178
huasco,random,2,independent,123,3,0.8947368421052632,0.9749512036434613
huasco,random,2,independent,123,4,0.9391304347826087,0.9886141834743006
huasco,random,2,independent,123,5,0.8867924528301887,0.9892648015614833
huasco,random,2,independent,123,6,0.9572649572649573,0.9892648015614836
huasco,random,2,independent,123,7,0.9401709401709402,0.9775536759921927
huasco,random,2,independent,123,8,0.9285714285714286,0.9908913467794406
huasco,random,2,independent,123,9,0.943089430894309,0.9825959661678595
huasco,random,2,finetune,123,0,0.9243697478991597,0.9739752765126871
huasco,random,2,finetune,123,1,0.9473684210526315,0.9886141834743006
huasco,random,2,finetune,123,2,0.9369369369369369,0.992843201040989
huasco,random,2,finetune,123,3,0.9310344827586207,0.9902407286922577
huasco,random,2,finetune,123,4,0.9401709401709402,0.9863370201691608
huasco,random,2,finetune,123,5,0.9174311926605505,0.9938191281717632
huasco,random,2,finetune,123,6,0.9508196721311475,0.980644111906311
huasco,random,2,finetune,123,7,0.9411764705882353,0.9892648015614834
huasco,random,2,finetune,123,8,0.9565217391304348,0.991216655823032
huasco,random,2,finetune,123,9,0.918918918918919,0.9808067664281068
huasco,random,2,reptile,123,0,0.9026548672566371,0.976252439817827
huasco,random,2,reptile,123,1,0.897196261682243,0.9931685100845804
huasco,random,2,reptile,123,2,0.9333333333333333,0.9759271307742355
huasco,random,2,reptile,123,3,0.9344262295081968,0.9658425504229018
huasco,random,2,reptile,123,4,0.9298245614035088,0.9798308392973325
huasco,random,2,reptile,123,5,0.9491525423728814,0.9791802212101497
huasco,random,2,reptile,123,6,0.9285714285714286,0.9879635653871178
huasco,random,2,reptile,123,7,0.9322033898305084,0.9687703318152245
huasco,random,2,reptile,123,8,0.9572649572649573,0.9869876382563436
huasco,random,2,reptile,123,9,0.918918918918919,0.9905660377358492
huasco,random,2,fomaml,123,0,0.9310344827586207,0.9791802212101497
huasco,random,2,fomaml,123,1,0.9482758620689655,0.9778789850357841
huasco,random,2,fomaml,123,2,0.8947368421052632,0.9512036434612883
huasco,random,2,fomaml,123,3,0.9482758620689655,0.9806441119063111
huasco,random,2,fomaml,123,4,0.9380530973451328,0.9892648015614834
huasco,random,2,fomaml,123,5,0.8679245283018868,0.9700715679895902
huasco,random,2,fomaml,123,6,0.9482758620689655,0.9808067664281068
huasco,random,2,fomaml,123,7,0.9391304347826087,0.9806441119063111
huasco,random,2,fomaml,123,8,0.9217391304347826,0.9720234222511387
huasco,random,2,fomaml,123,9,0.9557522123893806,0.9957709824333117
huasco,random,3,independent,123,0,0.8571428571428571,0.9069616135328562
huasco,random,3,independent,123,1,0.9230769230769231,0.9268054651919324
huasco,random,3,independent,123,2,0.9217391304347826,0.9453480806766429
huasco,random,3,independent,123,3,0.7818181818181819,0.8869551073519844
huasco,random,3,independent,123,4,0.9105691056910569,0.9183474300585557
huasco,random,3,independent,123,5,0.9482758620689655,0.965191932335719
huasco,random,3,independent,123,6,0.9322033898305084,0.9534808067664281
huasco,random,3,independent,123,7,0.9,0.9404684450227716
huasco,random,3,independent,123,8,0.859504132231405,0.8876057254391672
huasco,random,3,independent,123,9,0.8392857142857143,0.9072869225764477
huasco,random,3,finetune,123,0,0.7787610619469026,0.8645087833441769
huasco,random,3,finetune,123,1,0.926829268292683,0.9388418998048147
huasco,random,3,finetune,123,2,0.9298245614035088,0.9687703318152245
huasco,random,3,finetune,123,3,0.9230769230769231,0.9546193884189982
huasco,random,3,finetune,123,4,0.9421487603305785,0.9512036434612883
huasco,random,3,finetune,123,5,0.8448275862068966,0.9279440468445023
huasco,random,3,finetune,123,6,0.8347826086956521,0.8890696161353286
huasco,random,3,finetune,123,7,0.8947368421052632,0.961288223812622
huasco,random,3,finetune,123,8,0.8833333333333333,0.9183474300585557
huasco,random,3,finetune,123,9,0.9043478260869565,0.959661678594665
huasco,random,3,reptile,123,0,0.9122807017543859,0.9580351333767079
huasco,random,3,reptile,123,1,0.9105691056910569,0.9183474300585557
huasco,random,3,reptile,123,2,0.9401709401709402,0.9437215354586859
huasco,random,3,reptile,123,3,0.9411764705882353,0.9499024072869225
huasco,random,3,reptile,123,4,0.8347826086956521,0.9202992843201042
huasco,random,3,reptile,123,5,0.9217391304347826,0.9378659726740404
huasco,random,3,reptile,123,6,0.8349514563106796,0.9525048796356539
huasco,random,3,reptile,123,7,0.7889908256880734,0.8880936890045543
huasco,random,3,reptile,123,8,0.9421487603305785,0.9502277163305141
huasco,random,3,reptile,123,9,0.9572649572649573,0.9749512036434613
huasco,random,3,fomaml,123,0,0.9572649572649573,0.9793428757319455
huasco,random,3,fomaml,123,1,0.8431372549019608,0.9603122966818477
huasco,random,3,fomaml,123,2,0.8620689655172413,0.8916720884840598
huasco,random,3,fomaml,123,3,0.9401709401709402,0.9463240078074171
huasco,random,3,fomaml,123,4,0.9344262295081968,0.9538061158100195
huasco,random,3,fomaml,123,5,0.9230769230769231,0.9687703318152244
huasco,random,3,fomaml,123,6,0.9333333333333333,0.965191932335719
huasco,random,3,fomaml,123,7,0.9043478260869565,0.9417696811971373
huasco,random,3,fomaml,123,8,0.9491525423728814,0.9772283669486013
huasco,random,3,fomaml,123,9,0.8380952380952381,0.9643786597267404
huasco,random,4,independent,123,0,0.9259259259259259,0.9801173402868317
huasco,random,4,independent,123,1,0.8703703703703703,0.9498044328552803
huasco,random,4,independent,123,2,0.9345794392523364,0.9638200782268579
huasco,random,4,independent,123,3,0.912621359223301,0.9607235984354627
huasco,random,4,independent,123,4,0.8823529411764706,0.9621903520208605
huasco,random,4,independent,123,5,0.8717948717948718,0.9160691003911343
huasco,random,4,independent,123,6,0.9433962264150944,0.976857887874837
huasco,random,4,independent,123,7,0.9,0.9797913950456324
huasco,random,4,independent,123,8,0.9285714285714286,0.9630052151238591
huasco,random,4,independent,123,9,0.9357798165137615,0.9669165580182529
huasco,random,4,finetune,123,0,0.9142857142857143,0.9729465449804433
huasco,random,4,finetune,123,1,0.8316831683168316,0.9511082138200782
huasco,random,4,finetune,123,2,0.8620689655172413,0.9217731421121251
huasco,random,4,finetune,123,3,0.9345794392523364,0.9749022164276402
huasco,random,4,finetune,123,4,0.9215686274509803,0.9788135593220338
huasco,random,4,finetune,123,5,0.9285714285714286,0.956812255541069
huasco,random,4,finetune,123,6,0.918918918918919,0.9621903520208605
huasco,random,4,finetune,123,7,0.8793103448275862,0.9209582790091264
huasco,random,4,finetune,123,8,0.8869565217391304,0.9507822685788787
huasco,random,4,finetune,123,9,0.9333333333333333,0.9752281616688397
huasco,random,4,reptile,123,0,0.8737864077669902,0.9569752281616688
huasco,random,4,reptile,123,1,0.8979591836734694,0.9559973924380704
huasco,random,4,reptile,123,2,0.9107142857142857,0.9475228161668839
huasco,random,4,reptile,123,3,0.8869565217391304,0.9217731421121251
huasco,random,4,reptile,123,4,0.9357798165137615,0.9701760104302476
huasco,random,4,reptile,123,5,0.8727272727272727,0.9292698826597131
huasco,random,4,reptile,123,6,0.9259259259259259,0.9670795306388527
huasco,random,4,reptile,123,7,0.9056603773584906,0.9716427640156453
huasco,random,4,reptile,123,8,0.8571428571428571,0.9621903520208603
huasco,random,4,reptile,123,9,0.8571428571428571,0.8826597131681877
huasco,random,4,fomaml,123,0,0.9056603773584906,0.9667535853976531
huasco,random,4,fomaml,123,1,0.9107142857142857,0.9410039113428944
huasco,random,4,fomaml,123,2,0.8849557522123894,0.96251629726206
huasco,random,4,fomaml,123,3,0.7956989247311828,0.9097131681877445
huasco,random,4,fomaml,123,4,0.9345794392523364,0.978161668839635
huasco,random,4,fomaml,123,5,0.8771929824561403,0.9326923076923077
huasco,random,4,fomaml,123,6,0.8785046728971962,0.9485006518904824
huasco,random,4,fomaml,123,7,0.9259259259259259,0.9690352020860494
huasco,random,4,fomaml,123,8,0.8727272727272727,0.9485006518904823
huasco,random,4,fomaml,123,9,0.9272727272727272,0.9639830508474576
elqui,spatial,0,independent,123,0,0.918918918918919,0.9656468062265163
elqui,spatial,0,independent,123,1,0.9452054794520548,0.9388083735909823
elqui,spatial,0,independent,123,2,0.9324324324324325,0.8515834675254965
elqui,spatial,0,independent,123,3,0.92,0.9447128287707998
elqui,spatial,0,independent,123,4,0.8840579710144928,0.8352120236178207
elqui,spatial,0,independent,123,5,0.9315068493150684,0.9602791196994095
elqui,spatial,0,independent,123,6,0.9166666666666666,0.9267310789049921
elqui,spatial,0,independent,123,7,0.9315068493150684,0.8904991948470209
elqui,spatial,0,independent,123,8,0.9178082191780822,0.9130434782608695
elqui,spatial,0,independent,123,9,0.9517241379310345,0.9028448738593666
elqui,spatial,0,finetune,123,0,0.92,0.8947933440687064
elqui,spatial,0,finetune,123,1,0.9295774647887324,0.92914653784219
elqui,spatial,0,finetune,123,2,0.8636363636363636,0.8904991948470209
elqui,spatial,0,finetune,123,3,0.9305555555555556,0.9296833064949007
elqui,spatial,0,finetune,123,4,0.9241379310344827,0.8733225979602791
elqui,spatial,0,finetune,123,5,0.9261744966442953,0.9060654857756307
elqui,spatial,0,finetune,123,6,0.7903225806451613,0.8486312399355878
elqui,spatial,0,finetune,123,7,0.912751677852349,0.9240472356414385
elqui,spatial,0,finetune,123,8,0.9241379310344827,0.9484702093397746
elqui,spatial,0,finetune,123,9,0.9241379310344827,0.8990874932903918
elqui,spatial,0,reptile,123,0,0.8970588235294118,0.8878153515834677
elqui,spatial,0,reptile,123,1,0.9324324324324325,0.9726247987117553
elqui,spatial,0,reptile,123,2,0.9261744966442953,0.8829844337090714
elqui,spatial,0,reptile,123,3,0.9305555555555556,0.9624261943102523
elqui,spatial,0,reptile,123,4,0.9428571428571428,0.9720880300590446
elqui,spatial,0,reptile,123,5,0.9103448275862069,0.8625872249060655
elqui,spatial,0,reptile,123,6,0.92,0.902308105206656
elqui,spatial,0,reptile,123,7,0.9219858156028369,0.8888888888888888
elqui,spatial,0,reptile,123,8,0.9251700680272109,0.8872785829307569
elqui,spatial,0,reptile,123,9,0.9014084507042254,0.8089103596349972
elqui,spatial,0,fomaml,123,0,0.9251700680272109,0.9482018250134192
elqui,spatial,0,fomaml,123,1,0.9251700680272109,0.917337627482555
elqui,spatial,0,fomaml,123,2,0.9444444444444444,0.9146537842190017
elqui,spatial,0,fomaml,123,3,0.9241379310344827,0.9291465378421899
elqui,spatial,0,fomaml,123,4,0.8615384615384616,0.8373590982286635
elqui,spatial,0,fomaml,123,5,0.9261744966442953,0.9903381642512078
elqui,spatial,0,fomaml,123,6,0.9261744966442953,0.9122383252818036
elqui,spatial,0,fomaml,123,7,0.9370629370629371,0.927536231884058
elqui,spatial,0,fomaml,123,8,0.950354609929078,0.9559849704777241
elqui,spatial,0,fomaml,123,9,0.9041095890410958,0.8875469672571122
elqui,spatial,1,independent,123,0,0.18181818181818182,0.5416666666666666
elqui,spatial,1,independent,123,1,0.0,0.7430555555555556
elqui,spatial,1,independent,123,2,0.0,0.6180555555555556
elqui,spatial,1,independent,123,3,0.2222222222222222,0.6597222222222222
elqui,spatial,1,independent,123,4,0.0,0.7222222222222222
elqui,spatial,1,independent,123,5,0.25,0.7083333333333334
elqui,spatial,1,independent,123,6,0.0,0.4236111111111111
elqui,spatial,1,independent,123,7,0.0,0.7013888888888888
elqui,spatial,1,independent,123,8,0.0,0.3125
elqui,spatial,1,independent,123,9,0.0,0.48611111111111116
elqui,spatial,1,finetune,123,0,0.18181818181818182,0.6666666666666667
elqui,spatial,1,finetune,123,1,0.2,0.5833333333333333
elqui,spatial,1,finetune,123,2,0.2222222222222222,0.8472222222222222
elqui,spatial,1,finetune,123,3,0.0,0.736111111111111
elqui,spatial,1,finetune,123,4,0.0,0.7916666666666667
elqui,spatial,1,finetune,123,5,0.36363636363636365,0.7777777777777778
elqui,spatial,1,finetune,123,6,0.0,0.6944444444444444
elqui,spatial,1,finetune,123,7,0.0,0.6041666666666667
elqui,spatial,1,finetune,123,8,0.0,0.6319444444444444
elqui,spatial,1,finetune,123,9,0.0,0.7569444444444444
elqui,spatial,1,reptile,123,0,0.0,0.4375
elqui,spatial,1,reptile,123,1,0.0,0.6458333333333333
elqui,spatial,1,reptile,123,2,0.25,0.625
elqui,spatial,1,reptile,123,3,0.36363636363636365,0.7916666666666666
elqui,spatial,1,reptile,123,4,0.0,0.4375
elqui,spatial,1,reptile,123,5,0.0,0.4375
elqui,spatial,1,reptile,123,6,0.0,0.47916666666666674
elqui,spatial,1,reptile,123,7,0.2222222222222222,0.638888888888889
elqui,spatial,1,reptile,123,8,0.0,0.5625
elqui,spatial,1,reptile,123,9,0.25,0.5625
elqui,spatial,1,fomaml,123,0,0.0,0.5138888888888888
elqui,spatial,1,fomaml,123,1,0.0,0.5208333333333334
elqui,spatial,1,fomaml,123,2,0.0,0.6388888888888888
elqui,spatial,1,fomaml,123,3,0.25,0.4513888888888889
elqui,spatial,1,fomaml,123,4,0.0,0.4236111111111111
elqui,spatial,1,fomaml,123,5,0.0,0.6805555555555556
elqui,spatial,1,fomaml,123,6,0.0,0.6597222222222223
elqui,spatial,1,fomaml,123,7,0.0,0.7569444444444444
elqui,spatial,1,fomaml,123,8,0.0,0.5
elqui,spatial,1,fomaml,123,9,0.0,0.6527777777777778
elqui,spatial,2,independent,123,0,0.48,0.7508417508417509
elqui,spatial,2,independent,123,1,0.7333333333333333,0.8518518518518519
elqui,spatial,2,independent,123,2,0.6428571428571429,0.8215488215488216
elqui,spatial,2,independent,123,3,0.6086956521739131,0.7946127946127947
elqui,spatial,2,independent,123,4,0.6666666666666666,0.8198653198653199
elqui,spatial,2,independent,123,5,0.6428571428571429,0.8013468013468014
elqui,spatial,2,independent,123,6,0.5217391304347826,0.7845117845117845
elqui,spatial,2,independent,123,7,0.6428571428571429,0.8484848484848485
elqui,spatial,2,independent,123,8,0.6153846153846154,0.8249158249158249
elqui,spatial,2,independent,123,9,0.6,0.7643097643097644
elqui,spatial,2,finetune,123,0,0.5263157894736842,0.7946127946127945
elqui,spatial,2,finetune,123,1,0.6285714285714286,0.8518518518518519
elqui,spatial,2,finetune,123,2,0.56,0.7912457912457912
elqui,spatial,2,finetune,123,3,0.5833333333333334,0.771043771043771
elqui,spatial,2,finetune,123,4,0.4666666666666667,0.696969696969697
elqui,spatial,2,finetune,123,5,0.5384615384615384,0.734006734006734
elqui,spatial,2,finetune,123,6,0.6666666666666666,0.8855218855218855
elqui,spatial,2,finetune,123,7,0.5217391304347826,0.7542087542087542
elqui,spatial,2,finetune,123,8,0.5925925925925926,0.8619528619528619
elqui,spatial,2,finetune,123,9,0.6363636363636364,0.8148148148148148
elqui,spatial,2,reptile,123,0,0.6896551724137931,0.8417508417508418
elqui,spatial,2,reptile,123,1,0.7142857142857143,0.8686868686868687
elqui,spatial,2,reptile,123,2,0.72,0.8922558922558922
elqui,spatial,2,reptile,123,3,0.7619047619047619,0.9494949494949495
elqui,spatial,2,reptile,123,4,0.6,0.8653198653198654
elqui,spatial,2,reptile,123,5,0.7096774193548387,0.9326599326599326
elqui,spatial,2,reptile,123,6,0.5714285714285714,0.861952861952862
elqui,spatial,2,reptile,123,7,0.6666666666666666,0.888888888888889
elqui,spatial,2,reptile,123,8,0.7586206896551724,0.888888888888889
elqui,spatial,2,reptile,123,9,0.6153846153846154,0.8316498316498316
elqui,spatial,2,fomaml,123,0,0.782608695652174,0.9023569023569024
elqui,spatial,2,fomaml,123,1,0.6896551724137931,0.9191919191919191
elqui,spatial,2,fomaml,123,2,0.6086956521739131,0.7845117845117845
elqui,spatial,2,fomaml,123,3,0.6285714285714286,0.7946127946127947
elqui,spatial,2,fomaml,123,4,0.7333333333333333,0.8518518518518519
elqui,spatial,2,fomaml,123,5,0.7142857142857143,0.8686868686868686
elqui,spatial,2,fomaml,123,6,0.6923076923076923,0.888888888888889
elqui,spatial,2,fomaml,123,7,0.8,0.936026936026936
elqui,spatial,2,fomaml,123,8,0.6,0.8653198653198654
elqui,spatial,2,fomaml,123,9,0.7333333333333333,0.9326599326599327
elqui,spatial,3,independent,123,0,0.8192771084337349,0.8809027777777778
elqui,spatial,3,independent,123,1,0.7123287671232876,0.867361111111111
elqui,spatial,3,independent,123,2,0.810126582278481,0.9413194444444445
elqui,spatial,3,independent,123,3,0.7848101265822784,0.8256944444444445
elqui,spatial,3,independent,123,4,0.7469879518072289,0.7534722222222222
elqui,spatial,3,independent,123,5,0.7692307692307693,0.7868055555555555
elqui,spatial,3,independent,123,6,0.9111111111111111,0.9347222222222222
elqui,spatial,3,independent,123,7,0.735632183908046,0.7430555555555556
elqui,spatial,3,independent,123,8,0.7560975609756098,0.81875
elqui,spatial,3,independent,123,9,0.7083333333333334,0.6732638888888889
elqui,spatial,3,finetune,123,0,0.7727272727272727,0.7631944444444444
elqui,spatial,3,finetune,123,1,0.7532467532467533,0.8125
elqui,spatial,3,finetune,123,2,0.7733333333333333,0.8743055555555556
elqui,spatial,3,finetune,123,3,0.8045977011494253,0.8680555555555556
elqui,spatial,3,finetune,123,4,0.8536585365853658,0.9375
elqui,spatial,3,finetune,123,5,0.7297297297297297,0.9097222222222222
elqui,spatial,3,finetune,123,6,0.7901234567901234,0.9270833333333334
elqui,spatial,3,finetune,123,7,0.9302325581395349,0.9666666666666666
elqui,spatial,3,finetune,123,8,0.8536585365853658,0.9145833333333333
elqui,spatial,3,finetune,123,9,0.7466666666666667,0.7638888888888888
elqui,spatial,3,reptile,123,0,0.8505747126436781,0.9166666666666667
elqui,spatial,3,reptile,123,1,0.7857142857142857,0.8027777777777777
elqui,spatial,3,reptile,123,2,0.7560975609756098,0.8402777777777778
elqui,spatial,3,reptile,123,3,0.9010989010989011,0.9215277777777777
elqui,spatial,3,reptile,123,4,0.7532467532467533,0.8604166666666666
elqui,spatial,3,reptile,123,5,0.7472527472527473,0.7715277777777778
elqui,spatial,3,reptile,123,6,0.825,0.9486111111111111
elqui,spatial,3,reptile,123,7,0.75,0.8847222222222222
elqui,spatial,3,reptile,123,8,0.6944444444444444,0.8819444444444444
elqui,spatial,3,reptile,123,9,0.759493670886076,0.8145833333333333
elqui,spatial,3,fomaml,123,0,0.7816091954022989,0.8482638888888889
elqui,spatial,3,fomaml,123,1,0.7012987012987013,0.75625
elqui,spatial,3,fomaml,123,2,0.5757575757575758,0.7437499999999999
elqui,spatial,3,fomaml,123,3,0.7710843373493976,0.8104166666666667
elqui,spatial,3,fomaml,123,4,0.8372093023255814,0.8715277777777778
elqui,spatial,3,fomaml,123,5,0.7764705882352941,0.8284722222222223
elqui,spatial,3,fomaml,123,6,0.7317073170731707,0.8388888888888889
elqui,spatial,3,fomaml,123,7,0.8863636363636364,0.9277777777777777
elqui,spatial,3,fomaml,123,8,0.7804878048780488,0.8166666666666668
elqui,spatial,3,fomaml,123,9,0.7951807228915663,0.7763888888888888
elqui,spatial,4,independent,123,0,0.0,0.9090909090909091
elqui,spatial,4,independent,123,1,1.0,1.0
elqui,spatial,4,independent,123,2,0.0,0.8636363636363638
elqui,spatial,4,independent,123,3,0.0,0.9090909090909091
elqui,spatial,4,independent,123,4,0.0,0.8636363636363638
elqui,spatial,4,independent,123,5,0.5,1.0
elqui,spatial,4,independent,123,6,0.0,0.9090909090909091
elqui,spatial,4,independent,123,7,0.0,1.0
elqui,spatial,4,independent,123,8,1.0,1.0
elqui,spatial,4,independent,123,9,0.0,0.8636363636363636
elqui,spatial,4,finetune,123,0,0.6666666666666666,0.9545454545454546
elqui,spatial,4,finetune,123,1,0.6666666666666666,0.9545454545454546
elqui,spatial,4,finetune,123,2,0.4,0.9545454545454546
elqui,spatial,4,finetune,123,3,0.0,1.0
elqui,spatial,4,finetune,123,4,0.0,0.9545454545454546
elqui,spatial,4,finetune,123,5,0.6666666666666666,0.9545454545454546
elqui,spatial,4,finetune,123,6,0.4,0.9545454545454546
elqui,spatial,4,finetune,123,7,0.0,1.0
elqui,spatial,4,finetune,123,8,1.0,1.0
elqui,spatial,4,finetune,123,9,0.5,1.0
elqui,spatial,4,reptile,123,0,0.0,0.8636363636363636
elqui,spatial,4,reptile,123,1,0.3333333333333333,1.0
elqui,spatial,4,reptile,123,2,0.6666666666666666,0.9545454545454546
elqui,spatial,4,reptile,123,3,0.0,0.9090909090909091
elqui,spatial,4,reptile,123,4,0.0,0.9090909090909092
elqui,spatial,4,reptile,123,5,0.6666666666666666,1.0
elqui,spatial,4,reptile,123,6,1.0,1.0
elqui,spatial,4,reptile,123,7,0.0,0.8636363636363638
elqui,spatial,4,reptile,123,8,0.0,1.0
elqui,spatial,4,reptile,123,9,0.0,1.0
elqui,spatial,4,fomaml,123,0,0.0,1.0
elqui,spatial,4,fomaml,123,1,1.0,1.0
elqui,spatial,4,fomaml,123,2,0.0,0.7727272727272727
elqui,spatial,4,fomaml,123,3,0.0,1.0
elqui,spatial,4,fomaml,123,4,0.0,0.8636363636363636
elqui,spatial,4,fomaml,123,5,0.4,1.0
elqui,spatial,4,fomaml,123,6,0.6666666666666666,1.0
elqui,spatial,4,fomaml,123,7,0.0,0.9545454545454546
elqui,spatial,4,fomaml,123,8,0.0,0.8181818181818182
elqui,spatial,4,fomaml,123,9,0.6666666666666666,1.0
elqui,random,0,independent,123,0,0.8461538461538461,0.9142857142857143
elqui,random,0,independent,123,1,0.8571428571428571,0.9371428571428572
elqui,random,0,independent,123,2,0.8888888888888888,0.9128571428571428
elqui,random,0,independent,123,3,0.8235294117647058,0.9142857142857141
elqui,random,0,independent,123,4,0.7659574468085106,0.8999999999999999
elqui,random,0,independent,123,5,0.8076923076923077,0.9299999999999999
elqui,random,0,independent,123,6,0.92,0.937142857142857
elqui,random,0,independent,123,7,0.7555555555555555,0.9042857142857142
elqui,random,0,independent,123,8,0.8679245283018868,0.9457142857142857
elqui,random,0,independent,123,9,0.8679245283018868,0.9542857142857143
elqui,random,0,finetune,123,0,0.8846153846153846,0.9257142857142857
elqui,random,0,finetune,123,1,0.782608695652174,0.9128571428571428
elqui,random,0,finetune,123,2,0.7916666666666666,0.9185714285714286
elqui,random,0,finetune,123,3,0.8679245283018868,0.9114285714285714
elqui,random,0,finetune,123,4,0.8333333333333334,0.8942857142857142
elqui,random,0,finetune,123,5,0.8,0.8828571428571428
elqui,random,0,finetune,123,6,0.8333333333333334,0.9557142857142856
elqui,random,0,finetune,123,7,0.8627450980392157,0.9471428571428572
elqui,random,0,finetune,123,8,0.782608695652174,0.8828571428571428
elqui,random,0,finetune,123,9,0.8085106382978723,0.8857142857142857
elqui,random,0,reptile,123,0,0.8627450980392157,0.95
elqui,random,0,reptile,123,1,0.8571428571428571,0.9314285714285714
elqui,random,0,reptile,123,2,0.7916666666666666,0.9214285714285715
elqui,random,0,reptile,123,3,0.8627450980392157,0.9114285714285714
elqui,random,0,reptile,123,4,0.8163265306122449,0.9328571428571428
elqui,random,0,reptile,123,5,0.8571428571428571,0.9114285714285714
elqui,random,0,reptile,123,6,0.8260869565217391,0.9385714285714285
elqui,random,0,reptile,123,7,0.8518518518518519,0.8985714285714286
elqui,random,0,reptile,123,8,0.8363636363636363,0.9185714285714286
elqui,random,0,reptile,123,9,0.8627450980392157,0.9099999999999999
elqui,random,0,fomaml,123,0,0.9019607843137255,0.9271428571428572
elqui,random,0,fomaml,123,1,0.8,0.9457142857142857
elqui,random,0,fomaml,123,2,0.8235294117647058,0.9428571428571428
elqui,random,0,fomaml,123,3,0.8461538461538461,0.8985714285714286
elqui,random,0,fomaml,123,4,0.8627450980392157,0.9428571428571428
elqui,random,0,fomaml,123,5,0.8679245283018868,0.9428571428571428
elqui,random,0,fomaml,123,6,0.8679245283018868,0.9571428571428571
elqui,random,0,fomaml,123,7,0.8846153846153846,0.9457142857142857
elqui,random,0,fomaml,123,8,0.851063829787234,0.92
elqui,random,0,fomaml,123,9,0.8679245283018868,0.9342857142857143
elqui,random,1,independent,123,0,0.85,0.9300595238095238
elqui,random,1,independent,123,1,0.717948717948718,0.9196428571428572
elqui,random,1,independent,123,2,0.85,0.9449404761904762
elqui,random,1,independent,123,3,0.8,0.9181547619047619
elqui,random,1,independent,123,4,0.8372093023255814,0.9568452380952381
elqui,random,1,independent,123,5,0.9047619047619048,0.9657738095238095
elqui,random,1,independent,123,6,0.8,0.9389880952380952
elqui,random,1,independent,123,7,0.85,0.9404761904761905
elqui,random,1,independent,123,8,0.8108108108108109,0.9479166666666666
elqui,random,1,independent,123,9,0.8421052631578947,0.9404761904761905
elqui,random,1,finetune,123,0,0.7843137254901961,0.9642857142857143
elqui,random,1,finetune,123,1,0.8292682926829268,0.9211309523809523
elqui,random,1,finetune,123,2,0.8,0.9360119047619048
elqui,random,1,finetune,123,3,0.8717948717948718,0.8973214285714285
elqui,random,1,finetune,123,4,0.7894736842105263,0.8139880952380952
elqui,random,1,finetune,123,5,0.7647058823529411,0.875
elqui,random,1,finetune,123,6,0.8372093023255814,0.9479166666666667
elqui,random,1,finetune,123,7,0.75,0.8690476190476191
elqui,random,1,finetune,123,8,0.6511627906976745,0.8497023809523809
elqui,random,1,finetune,123,9,0.8292682926829268,0.9568452380952381
elqui,random,1,reptile,123,0,0.7777777777777778,0.9211309523809523
elqui,random,1,reptile,123,1,0.8372093023255814,0.9345238095238095
elqui,random,1,reptile,123,2,0.717948717948718,0.8675595238095238
elqui,random,1,reptile,123,3,0.8333333333333334,0.9077380952380952
elqui,random,1,reptile,123,4,0.85,0.9553571428571428
elqui,random,1,reptile,123,5,0.75,0.8720238095238095
elqui,random,1,reptile,123,6,0.8108108108108109,0.9255952380952381
elqui,random,1,reptile,123,7,0.7906976744186046,0.8303571428571429
elqui,random,1,reptile,123,8,0.7777777777777778,0.8913690476190477
elqui,random,1,reptile,123,9,0.7222222222222222,0.8824404761904762
elqui,random,1,fomaml,123,0,0.6666666666666666,0.8363095238095238
elqui,random,1,fomaml,123,1,0.8,0.9270833333333334
elqui,random,1,fomaml,123,2,0.7272727272727273,0.8735119047619048
elqui,random,1,fomaml,123,3,0.8181818181818182,0.956845238095238
elqui,random,1,fomaml,123,4,0.7906976744186046,0.9345238095238095
elqui,random,1,fomaml,123,5,0.7567567567567568,0.9255952380952381
elqui,random,1,fomaml,123,6,0.8292682926829268,0.9077380952380952
elqui,random,1,fomaml,123,7,0.8095238095238095,0.9077380952380952
elqui,random,1,fomaml,123,8,0.7777777777777778,0.886904761904762
elqui,random,1,fomaml,123,9,0.7441860465116279,0.8988095238095237
elqui,random,2,independent,123,0,0.8852459016393442,0.8995601173020528
elqui,random,2,independent,123,1,0.875,0.9010263929618768
elqui,random,2,independent,123,2,0.8484848484848485,0.8057184750733137
elqui,random,2,independent,123,3,0.8656716417910447,0.8717008797653958
elqui,random,2,independent,123,4,0.875,0.9002932551319647
elqui,random,2,independent,123,5,0.8923076923076924,0.8621700879765395
elqui,random,2,independent,123,6,0.8529411764705882,0.8511730205278591
elqui,random,2,independent,123,7,0.90625,0.8519061583577712
elqui,random,2,independent,123,8,0.8387096774193549,0.8790322580645161
elqui,random,2,independent,123,9,0.875,0.8973607038123167
elqui,random,2,finetune,123,0,0.8253968253968254,0.8409090909090909
elqui,random,2,finetune,123,1,0.84375,0.8431085043988269
elqui,random,2,finetune,123,2,0.8135593220338984,0.9017595307917888
elqui,random,2,finetune,123,3,0.875,0.8995601173020528
elqui,random,2,finetune,123,4,0.8529411764705882,0.9032258064516129
elqui,random,2,finetune,123,5,0.8333333333333334,0.8988269794721407
elqui,random,2,finetune,123,6,0.78125,0.7595307917888563
elqui,random,2,finetune,123,7,0.8524590163934426,0.907624633431085
elqui,random,2,finetune,123,8,0.8656716417910447,0.8782991202346041
elqui,random,2,finetune,123,9,0.9354838709677419,0.9486803519061584
elqui,random,2,reptile,123,0,0.8656716417910447,0.8269794721407625
elqui,random,2,reptile,123,1,0.8709677419354839,0.8585043988269795
elqui,random,2,reptile,123,2,0.8656716417910447,0.8621700879765395
elqui,random,2,reptile,123,3,0.875,0.9164222873900293
elqui,random,2,reptile,123,4,0.8235294117647058,0.8563049853372434
elqui,random,2,reptile,123,5,0.8387096774193549,0.8709677419354839
elqui,random,2,reptile,123,6,0.8787878787878788,0.9090909090909091
elqui,random,2,reptile,123,7,0.8333333333333334,0.8856304985337243
elqui,random,2,reptile,123,8,0.8484848484848485,0.8944281524926687
elqui,random,2,reptile,123,9,0.8253968253968254,0.8592375366568915
elqui,random,2,fomaml,123,0,0.8253968253968254,0.8790322580645161
elqui,random,2,fomaml,123,1,0.875,0.8563049853372433
elqui,random,2,fomaml,123,2,0.84375,0.8453079178885631
elqui,random,2,fomaml,123,3,0.875,0.9193548387096774
elqui,random,2,fomaml,123,4,0.8307692307692308,0.8768328445747801
elqui,random,2,fomaml,123,5,0.8529411764705882,0.8306451612903225
elqui,random,2,fomaml,123,6,0.8387096774193549,0.8475073313782991
elqui,random,2,fomaml,123,7,0.8888888888888888,0.8599706744868034
elqui,random,2,fomaml,123,8,0.8923076923076924,0.8863636363636362
elqui,random,2,fomaml,123,9,0.8529411764705882,0.9222873900293256
elqui,random,3,independent,123,0,0.8666666666666667,0.8883928571428571
elqui,random,3,independent,123,1,0.84375,0.8236607142857143
elqui,random,3,independent,123,2,0.7741935483870968,0.8154761904761905
elqui,random,3,independent,123,3,0.835820895522388,0.8824404761904762
elqui,random,3,independent,123,4,0.8135593220338984,0.8586309523809523
elqui,random,3,independent,123,5,0.8615384615384616,0.9166666666666666
elqui,random,3,independent,123,6,0.8888888888888888,0.869047619047619
elqui,random,3,independent,123,7,0.8253968253968254,0.8660714285714286
elqui,random,3,independent,123,8,0.8125,0.8489583333333334
elqui,random,3,independent,123,9,0.8135593220338984,0.8883928571428572
elqui,random,3,finetune,123,0,0.875,0.8712797619047619
elqui,random,3,finetune,123,1,0.8387096774193549,0.8705357142857142
elqui,random,3,finetune,123,2,0.8307692307692308,0.8586309523809523
elqui,random,3,finetune,123,3,0.90625,0.9360119047619048
elqui,random,3,finetune,123,4,0.8709677419354839,0.8660714285714286
elqui,random,3,finetune,123,5,0.875,0.912202380952381
elqui,random,3,finetune,123,6,0.875,0.8318452380952381
elqui,random,3,finetune,123,7,0.8064516129032258,0.8273809523809524
elqui,random,3,finetune,123,8,0.90625,0.8779761904761904
elqui,random,3,finetune,123,9,0.8615384615384616,0.8869047619047619
elqui,random,3,reptile,123,0,0.8985507246376812,0.9375
elqui,random,3,reptile,123,1,0.8615384615384616,0.8630952380952381
elqui,random,3,reptile,123,2,0.8059701492537313,0.7976190476190477
elqui,random,3,reptile,123,3,0.8656716417910447,0.9404761904761905
elqui,random,3,reptile,123,4,0.8275862068965517,0.8571428571428571
elqui,random,3,reptile,123,5,0.8615384615384616,0.9151785714285714
elqui,random,3,reptile,123,6,0.8524590163934426,0.863095238095238
elqui,random,3,reptile,123,7,0.8787878787878788,0.8898809523809523
elqui,random,3,reptile,123,8,0.8235294117647058,0.8169642857142857
elqui,random,3,reptile,123,9,0.875,0.9345238095238095
elqui,random,3,fomaml,123,0,0.819672131147541,0.8988095238095237
elqui,random,3,fomaml,123,1,0.8064516129032258,0.8184523809523809
elqui,random,3,fomaml,123,2,0.8615384615384616,0.8482142857142857
elqui,random,3,fomaml,123,3,0.9230769230769231,0.90625
elqui,random,3,fomaml,123,4,0.8656716417910447,0.8541666666666666
elqui,random,3,fomaml,123,5,0.8787878787878788,0.9077380952380953
elqui,random,3,fomaml,123,6,0.7931034482758621,0.8214285714285714
elqui,random,3,fomaml,123,7,0.8709677419354839,0.8556547619047619
elqui,random,3,fomaml,123,8,0.8571428571428571,0.8794642857142858
elqui,random,3,fomaml,123,9,0.847457627118644,0.8898809523809524
elqui,random,4,independent,123,0,0.8260869565217391,0.9535232383808097
elqui,random,4,independent,123,1,0.75,0.904047976011994
elqui,random,4,independent,123,2,0.7906976744186046,0.8883058470764619
elqui,random,4,independent,123,3,0.7,0.8725637181409296
elqui,random,4,independent,123,4,0.8292682926829268,0.9550224887556222
elqui,random,4,independent,123,5,0.7916666666666666,0.8710644677661169
elqui,random,4,independent,123,6,0.782608695652174,0.9235382308845578
elqui,random,4,independent,123,7,0.8695652173913043,0.9355322338830585
elqui,random,4,independent,123,8,0.782608695652174,0.9250374812593702
elqui,random,4,independent,123,9,0.6666666666666666,0.9220389805097451
elqui,random,4,finetune,123,0,0.7555555555555555,0.9220389805097451
elqui,random,4,finetune,123,1,0.8444444444444444,0.9010494752623688
elqui,random,4,finetune,123,2,0.8085106382978723,0.9175412293853072
elqui,random,4,finetune,123,3,0.6829268292682927,0.9055472263868065
elqui,random,4,finetune,123,4,0.8444444444444444,0.9715142428785607
elqui,random,4,finetune,123,5,0.7307692307692307,0.8403298350824587
elqui,random,4,finetune,123,6,0.851063829787234,0.9700149925037481
elqui,random,4,finetune,123,7,0.75,0.9137931034482759
elqui,random,4,finetune,123,8,0.8085106382978723,0.8965517241379309
elqui,random,4,finetune,123,9,0.8571428571428571,0.9295352323838081
elqui,random,4,reptile,123,0,0.8372093023255814,0.9460269865067467
elqui,random,4,reptile,123,1,0.717948717948718,0.9220389805097451
elqui,random,4,reptile,123,2,0.8260869565217391,0.9190404797601199
elqui,random,4,reptile,123,3,0.851063829787234,0.9505247376311844
elqui,random,4,reptile,123,4,0.8636363636363636,0.9295352323838081
elqui,random,4,reptile,123,5,0.6976744186046512,0.8755622188905546
elqui,random,4,reptile,123,6,0.8292682926829268,0.9505247376311844
elqui,random,4,reptile,123,7,0.92,0.9775112443778111
elqui,random,4,reptile,123,8,0.7906976744186046,0.8725637181409295
elqui,random,4,reptile,123,9,0.8444444444444444,0.9490254872563718
elqui,random,4,fomaml,123,0,0.851063829787234,0.9055472263868065
elqui,random,4,fomaml,123,1,0.7027027027027027,0.8905547226386806
elqui,random,4,fomaml,123,2,0.8444444444444444,0.9625187406296851
elqui,random,4,fomaml,123,3,0.8936170212765957,0.9700149925037481
elqui,random,4,fomaml,123,4,0.8846153846153846,0.9715142428785607
elqui,random,4,fomaml,123,5,0.8636363636363636,0.95952023988006
elqui,random,4,fomaml,123,6,0.7906976744186046,0.8950524737631185
elqui,random,4,fomaml,123,7,0.8,0.8965517241379309
elqui,random,4,fomaml,123,8,0.8260869565217391,0.9055472263868066
elqui,random,4,fomaml,123,9,0.851063829787234,0.9115442278860569
limari,spatial,0,independent,123,0,0.5454545454545454,0.7999999999999999
limari,spatial,0,independent,123,1,0.4444444444444444,0.5454545454545454
limari,spatial,0,independent,123,2,0.7692307692307693,0.890909090909091
limari,spatial,0,independent,123,3,0.5454545454545454,0.7999999999999999
limari,spatial,0,independent,123,4,0.4444444444444444,0.8
limari,spatial,0,independent,123,5,0.8333333333333334,0.8181818181818182
limari,spatial,0,independent,123,6,0.5454545454545454,0.8181818181818182
limari,spatial,0,independent,123,7,0.4444444444444444,0.7818181818181819
limari,spatial,0,independent,123,8,0.5,0.8181818181818181
limari,spatial,0,independent,123,9,0.6,0.7999999999999999
limari,spatial,0,finetune,123,0,0.4,0.7999999999999999
limari,spatial,0,finetune,123,1,0.4,0.7272727272727272
limari,spatial,0,finetune,123,2,0.4444444444444444,0.7454545454545454
limari,spatial,0,finetune,123,3,0.4444444444444444,0.7454545454545454
limari,spatial,0,finetune,123,4,0.5,0.7454545454545455
limari,spatial,0,finetune,123,5,0.2222222222222222,0.7272727272727273
limari,spatial,0,finetune,123,6,0.4,0.7818181818181817
limari,spatial,0,finetune,123,7,0.4,0.7636363636363636
limari,spatial,0,finetune,123,8,0.4444444444444444,0.7636363636363636
limari,spatial,0,finetune,123,9,0.5454545454545454,0.7272727272727273
limari,spatial,0,reptile,123,0,0.6,0.8363636363636363
limari,spatial,0,reptile,123,1,0.5454545454545454,0.8181818181818181
limari,spatial,0,reptile,123,2,0.4,0.7636363636363636
limari,spatial,0,reptile,123,3,0.5,0.8181818181818181
limari,spatial,0,reptile,123,4,0.6,0.8363636363636362
limari,spatial,0,reptile,123,5,0.5454545454545454,0.7999999999999999
limari,spatial,0,reptile,123,6,0.6,0.7999999999999999
limari,spatial,0,reptile,123,7,0.8333333333333334,0.9090909090909091
limari,spatial,0,reptile,123,8,0.5,0.7999999999999999
limari,spatial,0,reptile,123,9,0.5454545454545454,0.8363636363636362
limari,spatial,0,fomaml,123,0,0.5,0.6727272727272727
limari,spatial,0,fomaml,123,1,0.5454545454545454,0.7636363636363637
limari,spatial,0,fomaml,123,2,0.6666666666666666,0.7999999999999999
limari,spatial,0,fomaml,123,3,0.5,0.7636363636363636
limari,spatial,0,fomaml,123,4,0.4444444444444444,0.7999999999999999
limari,spatial,0,fomaml,123,5,0.5454545454545454,0.7454545454545454
limari,spatial,0,fomaml,123,6,0.6,0.8181818181818181
limari,spatial,0,fomaml,123,7,0.5454545454545454,0.7818181818181819
limari,spatial,0,fomaml,123,8,0.5,0.5454545454545454
limari,spatial,0,fomaml,123,9,0.5454545454545454,0.7999999999999999
limari,spatial,1,independent,123,0,0.6,0.7124999999999999
limari,spatial,1,independent,123,1,0.5517241379310345,0.625
limari,spatial,1,independent,123,2,0.6875,0.7124999999999999
limari,spatial,1,independent,123,3,0.7272727272727273,0.7125
limari,spatial,1,independent,123,4,0.7647058823529411,0.8
limari,spatial,1,independent,123,5,0.6206896551724138,0.6375
limari,spatial,1,independent,123,6,0.6206896551724138,0.75
limari,spatial,1,independent,123,7,0.7096774193548387,0.7499999999999999
limari,spatial,1,independent,123,8,0.7272727272727273,0.8
limari,spatial,1,independent,123,9,0.6666666666666666,0.675
limari,spatial,1,finetune,123,0,0.7096774193548387,0.7875
limari,spatial,1,finetune,123,1,0.7096774193548387,0.8125
limari,spatial,1,finetune,123,2,0.7878787878787878,0.8125
limari,spatial,1,finetune,123,3,0.75,0.825
limari,spatial,1,finetune,123,4,0.7096774193548387,0.8
limari,spatial,1,finetune,123,5,0.6206896551724138,0.7749999999999999
limari,spatial,1,finetune,123,6,0.6666666666666666,0.8
limari,spatial,1,finetune,123,7,0.7096774193548387,0.7999999999999999
limari,spatial,1,finetune,123,8,0.8,0.8125
limari,spatial,1,finetune,123,9,0.8235294117647058,0.9375
limari,spatial,1,reptile,123,0,0.6857142857142857,0.5625
limari,spatial,1,reptile,123,1,0.6666666666666666,0.75
limari,spatial,1,reptile,123,2,0.5714285714285714,0.7125
limari,spatial,1,reptile,123,3,0.7058823529411765,0.7
limari,spatial,1,reptile,123,4,0.7878787878787878,0.7375
limari,spatial,1,reptile,123,5,0.5714285714285714,0.625
limari,spatial,1,reptile,123,6,0.5714285714285714,0.7125
limari,spatial,1,reptile,123,7,0.5714285714285714,0.7375
limari,spatial,1,reptile,123,8,0.5806451612903226,0.5375000000000001
limari,spatial,1,reptile,123,9,0.6875,0.725
limari,spatial,1,fomaml,123,0,0.7272727272727273,0.8
limari,spatial,1,fomaml,123,1,0.6,0.75
limari,spatial,1,fomaml,123,2,0.6666666666666666,0.775
limari,spatial,1,fomaml,123,3,0.6875,0.7875
limari,spatial,1,fomaml,123,4,0.6875,0.7749999999999999
limari,spatial,1,fomaml,123,5,0.6666666666666666,0.7625
limari,spatial,1,fomaml,123,6,0.6875,0.8
limari,spatial,1,fomaml,123,7,0.7647058823529411,0.7125
limari,spatial,1,fomaml,123,8,0.6206896551724138,0.725
limari,spatial,1,fomaml,123,9,0.7058823529411765,0.6875
limari,spatial,2,independent,123,0,0.5882352941176471,0.6984126984126985
limari,spatial,2,independent,123,1,0.7619047619047619,0.8571428571428571
limari,spatial,2,independent,123,2,0.631578947368421,0.6825396825396826
limari,spatial,2,independent,123,3,0.8,0.873015873015873
limari,spatial,2,independent,123,4,0.75,0.8253968253968255
limari,spatial,2,independent,123,5,0.7619047619047619,0.7063492063492064
limari,spatial,2,independent,123,6,0.8,0.8015873015873015
limari,spatial,2,independent,123,7,0.7,0.6904761904761905
limari,spatial,2,independent,123,8,0.8,0.746031746031746
limari,spatial,2,independent,123,9,0.7777777777777778,0.7698412698412699
limari,spatial,2,finetune,123,0,0.7619047619047619,0.888888888888889
limari,spatial,2,finetune,123,1,0.8,0.7301587301587302
limari,spatial,2,finetune,123,2,0.8,0.8253968253968254
limari,spatial,2,finetune,123,3,0.7,0.6031746031746031
limari,spatial,2,finetune,123,4,0.631578947368421,0.5555555555555556
limari,spatial,2,finetune,123,5,0.6666666666666666,0.8095238095238095
limari,spatial,2,finetune,123,6,0.7619047619047619,0.6190476190476191
limari,spatial,2,finetune,123,7,0.7,0.6349206349206349
limari,spatial,2,finetune,123,8,0.7,0.6031746031746031
limari,spatial,2,finetune,123,9,0.631578947368421,0.6190476190476191
limari,spatial,2,reptile,123,0,0.7,0.6984126984126984
limari,spatial,2,reptile,123,1,0.7619047619047619,0.7936507936507936
limari,spatial,2,reptile,123,2,0.8,0.8095238095238095
limari,spatial,2,reptile,123,3,0.8,0.9206349206349206
limari,spatial,2,reptile,123,4,0.7619047619047619,0.6190476190476191
limari,spatial,2,reptile,123,5,0.7,0.6190476190476191
limari,spatial,2,reptile,123,6,0.8,0.7936507936507936
limari,spatial,2,reptile,123,7,0.7619047619047619,0.6507936507936508
limari,spatial,2,reptile,123,8,0.7619047619047619,0.6984126984126984
limari,spatial,2,reptile,123,9,0.631578947368421,0.6507936507936508
limari,spatial,2,fomaml,123,0,0.7619047619047619,0.7619047619047619
limari,spatial,2,fomaml,123,1,0.8571428571428571,0.9365079365079364
limari,spatial,2,fomaml,123,2,0.8571428571428571,0.8253968253968254
limari,spatial,2,fomaml,123,3,0.7368421052631579,0.7619047619047619
limari,spatial,2,fomaml,123,4,0.8571428571428571,0.8412698412698412
limari,spatial,2,fomaml,123,5,0.8181818181818182,0.9365079365079365
limari,spatial,2,fomaml,123,6,0.7619047619047619,0.746031746031746
limari,spatial,2,fomaml,123,7,0.5,0.6666666666666667
limari,spatial,2,fomaml,123,8,0.7368421052631579,0.746031746031746
limari,spatial,2,fomaml,123,9,0.631578947368421,0.6666666666666667
limari,spatial,3,independent,123,0,0.0,0.4
limari,spatial,3,independent,123,1,0.0,0.6
limari,spatial,3,independent,123,2,0.4,0.4
limari,spatial,3,independent,123,3,0.5,0.6
limari,spatial,3,independent,123,4,0.5,0.8
limari,spatial,3,independent,123,5,0.3333333333333333,0.8
limari,spatial,3,independent,123,6,0.0,0.6
limari,spatial,3,independent,123,7,0.4,0.4
limari,spatial,3,independent,123,8,0.5,1.0
limari,spatial,3,independent,123,9,0.5,0.6
limari,spatial,3,finetune,123,0,0.5,0.8
limari,spatial,3,finetune,123,1,0.3333333333333333,0.6
limari,spatial,3,finetune,123,2,0.5,0.8
limari,spatial,3,finetune,123,3,0.6666666666666666,0.8
limari,spatial,3,finetune,123,4,0.0,0.8
limari,spatial,3,finetune,123,5,0.5,0.6
limari,spatial,3,finetune,123,6,0.5,0.6
limari,spatial,3,finetune,123,7,0.5,0.8
limari,spatial,3,finetune,123,8,0.5,0.6
limari,spatial,3,finetune,123,9,0.4,0.4
limari,spatial,3,reptile,123,0,0.5,0.8
limari,spatial,3,reptile,123,1,0.0,0.4
limari,spatial,3,reptile,123,2,0.5,0.8
limari,spatial,3,reptile,123,3,0.5,0.6
limari,spatial,3,reptile,123,4,0.6666666666666666,0.8
limari,spatial,3,reptile,123,5,0.0,0.8
limari,spatial,3,reptile,123,6,0.0,0.6
limari,spatial,3,reptile,123,7,0.4,0.4
limari,spatial,3,reptile,123,8,0.0,0.6
limari,spatial,3,reptile,123,9,0.0,0.6
limari,spatial,3,fomaml,123,0,0.5,0.6
limari,spatial,3,fomaml,123,1,0.6666666666666666,0.8
limari,spatial,3,fomaml,123,2,0.0,0.4
limari,spatial,3,fomaml,123,3,0.5,0.6
limari,spatial,3,fomaml,123,4,0.3333333333333333,0.4
limari,spatial,3,fomaml,123,5,0.5,0.8
limari,spatial,3,fomaml,123,6,0.0,0.4
limari,spatial,3,fomaml,123,7,0.0,0.4
limari,spatial,3,fomaml,123,8,0.0,0.19999999999999996
limari,spatial,3,fomaml,123,9,0.4,0.4
limari,spatial,4,independent,123,0,0.0,
limari,spatial,4,independent,123,1,0.0,
limari,spatial,4,independent,123,2,0.0,
limari,spatial,4,independent,123,3,0.0,
limari,spatial,4,independent,123,4,0.0,
limari,spatial,4,independent,123,5,0.0,
limari,spatial,4,independent,123,6,0.0,
limari,spatial,4,independent,123,7,0.0,
limari,spatial,4,independent,123,8,0.0,
limari,spatial,4,independent,123,9,0.0,
limari,spatial,4,finetune,123,0,0.0,
limari,spatial,4,finetune,123,1,0.0,
limari,spatial,4,finetune,123,2,0.0,
limari,spatial,4,finetune,123,3,0.0,
limari,spatial,4,finetune,123,4,0.0,
limari,spatial,4,finetune,123,5,0.0,
limari,spatial,4,finetune,123,6,0.0,
limari,spatial,4,finetune,123,7,0.0,
limari,spatial,4,finetune,123,8,0.0,
limari,spatial,4,finetune,123,9,0.0,
limari,spatial,4,reptile,123,0,0.0,
limari,spatial,4,reptile,123,1,0.0,
limari,spatial,4,reptile,123,2,0.0,
limari,spatial,4,reptile,123,3,0.0,
limari,spatial,4,reptile,123,4,0.0,
limari,spatial,4,reptile,123,5,0.0,
limari,spatial,4,reptile,123,6,0.0,
limari,spatial,4,reptile,123,7,0.0,
limari,spatial,4,reptile,123,8,0.0,
limari,spatial,4,reptile,123,9,0.0,
limari,spatial,4,fomaml,123,0,0.0,
limari,spatial,4,fomaml,123,1,0.0,
limari,spatial,4,fomaml,123,2,0.0,
limari,spatial,4,fomaml,123,3,0.0,
limari,spatial,4,fomaml,123,4,0.0,
limari,spatial,4,fomaml,123,5,0.0,
limari,spatial,4,fomaml,123,6,0.0,
limari,spatial,4,fomaml,123,7,0.0,
limari,spatial,4,fomaml,123,8,0.0,
limari,spatial,4,fomaml,123,9,0.0,
limari,random,0,independent,123,0,0.7058823529411765,0.7142857142857143
limari,random,0,independent,123,1,0.6666666666666666,0.8571428571428571
limari,random,0,independent,123,2,0.7777777777777778,0.7755102040816326
limari,random,0,independent,123,3,0.7368421052631579,0.7346938775510204
limari,random,0,independent,123,4,0.8235294117647058,0.8775510204081634
limari,random,0,independent,123,5,0.8571428571428571,0.8571428571428571
limari,random,0,independent,123,6,0.6666666666666666,0.8163265306122449
limari,random,0,independent,123,7,0.6666666666666666,0.7551020408163265
limari,random,0,independent,123,8,0.7777777777777778,0.9183673469387754
limari,random,0,independent,123,9,0.7058823529411765,0.8979591836734694
limari,random,0,finetune,123,0,0.6153846153846154,0.8163265306122449
limari,random,0,finetune,123,1,0.7058823529411765,0.7959183673469388
limari,random,0,finetune,123,2,0.7692307692307693,0.9183673469387755
limari,random,0,finetune,123,3,0.7368421052631579,0.7959183673469388
limari,random,0,finetune,123,4,0.7368421052631579,0.8163265306122448
limari,random,0,finetune,123,5,0.8235294117647058,0.8163265306122449
limari,random,0,finetune,123,6,0.5882352941176471,0.7551020408163265
limari,random,0,finetune,123,7,0.7058823529411765,0.7959183673469388
limari,random,0,finetune,123,8,0.7777777777777778,0.7959183673469388
limari,random,0,finetune,123,9,0.7368421052631579,0.7755102040816326
limari,random,0,reptile,123,0,0.7368421052631579,0.7142857142857143
limari,random,0,reptile,123,1,0.7368421052631579,0.7142857142857143
limari,random,0,reptile,123,2,0.7777777777777778,0.46938775510204084
limari,random,0,reptile,123,3,0.7368421052631579,0.8163265306122449
limari,random,0,reptile,123,4,0.7058823529411765,0.653061224489796
limari,random,0,reptile,123,5,0.7777777777777778,0.653061224489796
limari,random,0,reptile,123,6,0.6666666666666666,0.6938775510204082
limari,random,0,reptile,123,7,0.7368421052631579,0.4489795918367347
limari,random,0,reptile,123,8,0.7368421052631579,0.5918367346938775
limari,random,0,reptile,123,9,0.7368421052631579,0.8163265306122449
limari,random,0,fomaml,123,0,0.7058823529411765,0.6938775510204082
limari,random,0,fomaml,123,1,0.7368421052631579,0.8163265306122449
limari,random,0,fomaml,123,2,0.7058823529411765,0.7551020408163265
limari,random,0,fomaml,123,3,0.7058823529411765,0.7551020408163266
limari,random,0,fomaml,123,4,0.7142857142857143,0.7755102040816326
limari,random,0,fomaml,123,5,0.7058823529411765,0.6326530612244898
limari,random,0,fomaml,123,6,0.7058823529411765,0.7142857142857143
limari,random,0,fomaml,123,7,0.7058823529411765,0.8775510204081632
limari,random,0,fomaml,123,8,0.7777777777777778,0.8163265306122449
limari,random,0,fomaml,123,9,0.7777777777777778,0.673469387755102
limari,random,1,independent,123,0,0.5714285714285714,0.8666666666666667
limari,random,1,independent,123,1,0.7777777777777778,0.7777777777777778
limari,random,1,independent,123,2,0.8421052631578947,0.7
limari,random,1,independent,123,3,0.7777777777777778,0.8444444444444444
limari,random,1,independent,123,4,0.7777777777777778,0.8888888888888888
limari,random,1,independent,123,5,0.8235294117647058,0.8444444444444444
limari,random,1,independent,123,6,0.8421052631578947,0.8444444444444444
limari,random,1,independent,123,7,0.9411764705882353,0.9555555555555555
limari,random,1,independent,123,8,0.9411764705882353,1.0
limari,random,1,independent,123,9,0.8421052631578947,0.7222222222222222
limari,random,1,finetune,123,0,0.8888888888888888,0.8
limari,random,1,finetune,123,1,0.8235294117647058,0.8666666666666667
limari,random,1,finetune,123,2,0.9,0.8222222222222222
limari,random,1,finetune,123,3,0.9411764705882353,0.9777777777777779
limari,random,1,finetune,123,4,0.9473684210526315,0.8444444444444444
limari,random,1,finetune,123,5,0.875,0.9777777777777779
limari,random,1,finetune,123,6,0.8235294117647058,0.7777777777777778
limari,random,1,finetune,123,7,0.8888888888888888,0.8
limari,random,1,finetune,123,8,0.8888888888888888,0.7777777777777778
limari,random,1,finetune,123,9,0.9411764705882353,1.0
limari,random,1,reptile,123,0,0.7058823529411765,0.6888888888888889
limari,random,1,reptile,123,1,0.7777777777777778,0.7333333333333333
limari,random,1,reptile,123,2,0.8235294117647058,0.888888888888889
limari,random,1,reptile,123,3,0.75,0.7777777777777778
limari,random,1,reptile,123,4,0.8235294117647058,0.8
limari,random,1,reptile,123,5,0.8888888888888888,0.9333333333333333
limari,random,1,reptile,123,6,0.8235294117647058,0.9111111111111111
limari,random,1,reptile,123,7,0.75,0.9111111111111111
limari,random,1,reptile,123,8,0.875,0.9111111111111111
limari,random,1,reptile,123,9,0.6666666666666666,0.7555555555555555
limari,random,1,fomaml,123,0,0.8888888888888888,0.888888888888889
limari,random,1,fomaml,123,1,0.7777777777777778,0.7777777777777778
limari,random,1,fomaml,123,2,0.8421052631578947,0.8666666666666667
limari,random,1,fomaml,123,3,0.7058823529411765,0.7777777777777778
limari,random,1,fomaml,123,4,0.6666666666666666,0.8444444444444444
limari,random,1,fomaml,123,5,0.8421052631578947,0.8666666666666667
limari,random,1,fomaml,123,6,0.75,0.8444444444444444
limari,random,1,fomaml,123,7,0.75,0.8444444444444444
limari,random,1,fomaml,123,8,0.7777777777777778,0.7111111111111111
limari,random,1,fomaml,123,9,0.7058823529411765,0.7555555555555555
limari,random,2,independent,123,0,0.8235294117647058,0.8775510204081634
limari,random,2,independent,123,1,0.7142857142857143,0.7959183673469388
limari,random,2,independent,123,2,0.8,0.8571428571428572
limari,random,2,independent,123,3,0.8,0.836734693877551
limari,random,2,independent,123,4,0.6666666666666666,0.6938775510204082
limari,random,2,independent,123,5,0.875,0.8571428571428571
limari,random,2,independent,123,6,0.8235294117647058,0.7959183673469388
limari,random,2,independent,123,7,0.75,0.8163265306122449
limari,random,2,independent,123,8,0.6153846153846154,0.7551020408163265
limari,random,2,independent,123,9,0.6153846153846154,0.7959183673469388
limari,random,2,finetune,123,0,0.8,0.8775510204081632
limari,random,2,finetune,123,1,0.7692307692307693,0.9387755102040816
limari,random,2,finetune,123,2,0.875,1.0
limari,random,2,finetune,123,3,0.875,0.9387755102040816
limari,random,2,finetune,123,4,0.8,0.9387755102040817
limari,random,2,finetune,123,5,0.8,0.8163265306122449
limari,random,2,finetune,123,6,0.875,0.9183673469387754
limari,random,2,finetune,123,7,0.875,0.9387755102040816
limari,random,2,finetune,123,8,0.8,0.8571428571428571
limari,random,2,finetune,123,9,0.875,0.9183673469387755
limari,random,2,reptile,123,0,0.8,0.8571428571428572
limari,random,2,reptile,123,1,0.75,0.7959183673469388
limari,random,2,reptile,123,2,0.8235294117647058,0.8979591836734694
limari,random,2,reptile,123,3,0.8,0.7959183673469388
limari,random,2,reptile,123,4,0.75,0.7755102040816326
limari,random,2,reptile,123,5,0.875,0.9591836734693877
limari,random,2,reptile,123,6,0.875,0.7755102040816326
limari,random,2,reptile,123,7,0.875,1.0
limari,random,2,reptile,123,8,0.7142857142857143,0.8163265306122449
limari,random,2,reptile,123,9,0.75,0.836734693877551
limari,random,2,fomaml,123,0,0.8571428571428571,0.8979591836734694
limari,random,2,fomaml,123,1,0.8,0.8571428571428571
limari,random,2,fomaml,123,2,0.875,0.8775510204081634
limari,random,2,fomaml,123,3,0.875,0.9183673469387755
limari,random,2,fomaml,123,4,0.7692307692307693,0.816326530612245
limari,random,2,fomaml,123,5,0.75,0.8775510204081632
limari,random,2,fomaml,123,6,0.75,0.8979591836734694
limari,random,2,fomaml,123,7,0.8,0.8163265306122449
limari,random,2,fomaml,123,8,0.875,0.9591836734693877
limari,random,2,fomaml,123,9,0.875,0.8979591836734694
limari,random,3,independent,123,0,0.6,0.7555555555555556
limari,random,3,independent,123,1,0.6666666666666666,0.8222222222222222
limari,random,3,independent,123,2,0.8,0.9333333333333333
limari,random,3,independent,123,3,0.6666666666666666,0.8222222222222222
limari,random,3,independent,123,4,0.7272727272727273,0.8111111111111111
limari,random,3,independent,123,5,0.6666666666666666,0.8222222222222222
limari,random,3,independent,123,6,0.8,0.9777777777777779
limari,random,3,independent,123,7,0.7692307692307693,0.8444444444444444
limari,random,3,independent,123,8,0.6666666666666666,0.8222222222222223
limari,random,3,independent,123,9,0.6666666666666666,0.9111111111111111
limari,random,3,finetune,123,0,0.7272727272727273,0.8222222222222222
limari,random,3,finetune,123,1,0.5,0.9111111111111111
limari,random,3,finetune,123,2,0.6666666666666666,0.8666666666666667
limari,random,3,finetune,123,3,0.7272727272727273,0.8222222222222223
limari,random,3,finetune,123,4,0.7272727272727273,0.9333333333333333
limari,random,3,finetune,123,5,0.7272727272727273,0.7777777777777778
limari,random,3,finetune,123,6,0.6666666666666666,0.8444444444444444
limari,random,3,finetune,123,7,0.8,0.9333333333333333
limari,random,3,finetune,123,8,0.6666666666666666,0.9555555555555556
limari,random,3,finetune,123,9,0.6666666666666666,0.9111111111111111
limari,random,3,reptile,123,0,0.8,0.8888888888888888
limari,random,3,reptile,123,1,0.6666666666666666,0.888888888888889
limari,random,3,reptile,123,2,0.6,0.8444444444444444
limari,random,3,reptile,123,3,0.7272727272727273,0.8666666666666666
limari,random,3,reptile,123,4,0.6,0.8666666666666667
limari,random,3,reptile,123,5,0.6666666666666666,0.8888888888888888
limari,random,3,reptile,123,6,0.6,0.8444444444444444
limari,random,3,reptile,123,7,0.8,0.888888888888889
limari,random,3,reptile,123,8,0.6666666666666666,0.8666666666666667
limari,random,3,reptile,123,9,0.8,0.9333333333333333
limari,random,3,fomaml,123,0,0.6,0.8222222222222223
limari,random,3,fomaml,123,1,0.6666666666666666,0.9111111111111112
limari,random,3,fomaml,123,2,0.8,0.9777777777777777
limari,random,3,fomaml,123,3,0.6666666666666666,0.9111111111111111
limari,random,3,fomaml,123,4,0.6666666666666666,0.7555555555555554
limari,random,3,fomaml,123,5,0.8,0.888888888888889
limari,random,3,fomaml,123,6,0.6,0.7777777777777778
limari,random,3,fomaml,123,7,0.6666666666666666,0.8222222222222222
limari,random,3,fomaml,123,8,0.8,0.9555555555555556
limari,random,3,fomaml,123,9,0.7272727272727273,0.888888888888889
limari,random,4,independent,123,0,0.6666666666666666,0.9183673469387754
limari,random,4,independent,123,1,0.7692307692307693,0.9183673469387755
limari,random,4,independent,123,2,0.6666666666666666,0.836734693877551
limari,random,4,independent,123,3,0.6666666666666666,0.9387755102040816
limari,random,4,independent,123,4,0.6666666666666666,0.9183673469387754
limari,random,4,independent,123,5,0.6666666666666666,0.9183673469387755
limari,random,4,independent,123,6,0.8571428571428571,0.9387755102040817
limari,random,4,independent,123,7,0.6666666666666666,0.9387755102040816
limari,random,4,independent,123,8,0.6666666666666666,0.8979591836734693
limari,random,4,independent,123,9,0.6666666666666666,0.9387755102040817
limari,random,4,finetune,123,0,0.5454545454545454,0.9183673469387755
limari,random,4,finetune,123,1,0.6666666666666666,0.9183673469387755
limari,random,4,finetune,123,2,0.8571428571428571,0.9795918367346939
limari,random,4,finetune,123,3,0.6666666666666666,0.9387755102040817
limari,random,4,finetune,123,4,0.6666666666666666,0.9183673469387755
limari,random,4,finetune,123,5,0.7692307692307693,0.9591836734693878
limari,random,4,finetune,123,6,0.6666666666666666,0.9387755102040817
limari,random,4,finetune,123,7,0.7692307692307693,0.8979591836734694
limari,random,4,finetune,123,8,0.6666666666666666,0.9387755102040817
limari,random,4,finetune,123,9,0.8571428571428571,0.9591836734693878
limari,random,4,reptile,123,0,0.6666666666666666,0.9387755102040816
limari,random,4,reptile,123,1,0.7692307692307693,0.9183673469387755
limari,random,4,reptile,123,2,0.6666666666666666,0.9387755102040817
limari,random,4,reptile,123,3,0.7692307692307693,0.9387755102040817
limari,random,4,reptile,123,4,0.7272727272727273,0.9387755102040817
limari,random,4,reptile,123,5,0.7692307692307693,0.9591836734693878
limari,random,4,reptile,123,6,0.6666666666666666,0.9387755102040817
limari,random,4,reptile,123,7,0.7692307692307693,0.9387755102040817
limari,random,4,reptile,123,8,0.6666666666666666,0.9387755102040817
limari,random,4,reptile,123,9,0.6666666666666666,0.8979591836734694
limari,random,4,fomaml,123,0,0.7692307692307693,0.9183673469387754
limari,random,4,fomaml,123,1,0.8571428571428571,0.9387755102040817
limari,random,4,fomaml,123,2,0.5454545454545454,0.9183673469387755
limari,random,4,fomaml,123,3,0.7692307692307693,0.9591836734693877
limari,random,4,fomaml,123,4,0.7692307692307693,0.9387755102040817
limari,random,4,fomaml,123,5,0.6666666666666666,0.8979591836734694
limari,random,4,fomaml,123,6,0.6666666666666666,0.9183673469387754
limari,random,4,fomaml,123,7,0.6666666666666666,0.9387755102040817
limari,random,4,fomaml,123,8,0.6666666666666666,0.8163265306122448
limari,random,4,fomaml,123,9,0.6666666666666666,0.9387755102040816
copiapo,spatial,0,independent,7,0,1.0,1.0
copiapo,spatial,0,independent,7,1,1.0,1.0
copiapo,spatial,0,independent,7,2,1.0,1.0
copiapo,spatial,0,independent,7,3,1.0,1.0
copiapo,spatial,0,independent,7,4,1.0,1.0
copiapo,spatial,0,independent,7,5,1.0,1.0
copiapo,spatial,0,independent,7,6,1.0,1.0
copiapo,spatial,0,independent,7,7,1.0,1.0
copiapo,spatial,0,independent,7,8,1.0,1.0
copiapo,spatial,0,independent,7,9,1.0,1.0
copiapo,spatial,0,finetune,7,0,1.0,1.0
copiapo,spatial,0,finetune,7,1,1.0,1.0
copiapo,spatial,0,finetune,7,2,1.0,1.0
copiapo,spatial,0,finetune,7,3,1.0,1.0
copiapo,spatial,0,finetune,7,4,1.0,1.0
copiapo,spatial,0,finetune,7,5,1.0,1.0
copiapo,spatial,0,finetune,7,6,1.0,1.0
copiapo,spatial,0,finetune,7,7,1.0,1.0
copiapo,spatial,0,finetune,7,8,1.0,1.0
copiapo,spatial,0,finetune,7,9,1.0,1.0
copiapo,spatial,0,reptile,7,0,1.0,1.0
copiapo,spatial,0,reptile,7,1,1.0,1.0
copiapo,spatial,0,reptile,7,2,1.0,1.0
copiapo,spatial,0,reptile,7,3,1.0,1.0
copiapo,spatial,0,reptile,7,4,1.0,1.0
copiapo,spatial,0,reptile,7,5,1.0,1.0
copiapo,spatial,0,reptile,7,6,1.0,1.0
copiapo,spatial,0,reptile,7,7,1.0,1.0
copiapo,spatial,0,reptile,7,8,1.0,1.0
copiapo,spatial,0,reptile,7,9,1.0,1.0
copiapo,spatial,0,fomaml,7,0,1.0,1.0
copiapo,spatial,0,fomaml,7,1,1.0,1.0
copiapo,spatial,0,fomaml,7,2,1.0,1.0
copiapo,spatial,0,fomaml,7,3,1.0,1.0
copiapo,spatial,0,fomaml,7,4,1.0,1.0
copiapo,spatial,0,fomaml,7,5,1.0,1.0
copiapo,spatial,0,fomaml,7,6,1.0,1.0
copiapo,spatial,0,fomaml,7,7,1.0,1.0
copiapo,spatial,0,fomaml,7,8,1.0,1.0
copiapo,spatial,0,fomaml,7,9,1.0,1.0
copiapo,spatial,1,independent,7,0,0.0,
copiapo,spatial,1,independent,7,1,0.0,
copiapo,spatial,1,independent,7,2,0.0,
copiapo,spatial,1,independent,7,3,0.0,
copiapo,spatial,1,independent,7,4,0.0,
copiapo,spatial,1,independent,7,5,0.0,
copiapo,spatial,1,independent,7,6,0.0,
copiapo,spatial,1,independent,7,7,0.0,
copiapo,spatial,1,independent,7,8,0.0,
copiapo,spatial,1,independent,7,9,0.0,
copiapo,spatial,1,finetune,7,0,0.0,
copiapo,spatial,1,finetune,7,1,0.0,
copiapo,spatial,1,finetune,7,2,0.0,
copiapo,spatial,1,finetune,7,3,0.0,
copiapo,spatial,1,finetune,7,4,0.0,
copiapo,spatial,1,finetune,7,5,0.0,
copiapo,spatial,1,finetune,7,6,0.0,
copiapo,spatial,1,finetune,7,7,0.0,
copiapo,spatial,1,finetune,7,8,0.0,
copiapo,spatial,1,finetune,7,9,0.0,
copiapo,spatial,1,reptile,7,0,0.0,
copiapo,spatial,1,reptile,7,1,0.0,
copiapo,spatial,1,reptile,7,2,0.0,
copiapo,spatial,1,reptile,7,3,0.0,
copiapo,spatial,1,reptile,7,4,0.0,
copiapo,spatial,1,reptile,7,5,0.0,
copiapo,spatial,1,reptile,7,6,0.0,
copiapo,spatial,1,reptile,7,7,0.0,
copiapo,spatial,1,reptile,7,8,0.0,
copiapo,spatial,1,reptile,7,9,0.0,
copiapo,spatial,1,fomaml,7,0,0.0,
copiapo,spatial,1,fomaml,7,1,0.0,
copiapo,spatial,1,fomaml,7,2,0.0,
copiapo,spatial,1,fomaml,7,3,0.0,
copiapo,spatial,1,fomaml,7,4,0.0,
copiapo,spatial,1,fomaml,7,5,0.0,
copiapo,spatial,1,fomaml,7,6,0.0,
copiapo,spatial,1,fomaml,7,7,0.0,
copiapo,spatial,1,fomaml,7,8,0.0,
copiapo,spatial,1,fomaml,7,9,0.0,
copiapo,spatial,2,independent,7,0,0.4444444444444444,1.0
copiapo,spatial,2,independent,7,1,0.4444444444444444,0.7142857142857143
copiapo,spatial,2,independent,7,2,0.4444444444444444,0.7142857142857143
copiapo,spatial,2,independent,7,3,0.4444444444444444,0.7142857142857143
copiapo,spatial,2,independent,7,4,0.4444444444444444,1.0
copiapo,spatial,2,independent,7,5,0.4444444444444444,1.0
copiapo,spatial,2,independent,7,6,0.4444444444444444,0.8571428571428571
copiapo,spatial,2,independent,7,7,0.25,1.0
copiapo,spatial,2,independent,7,8,0.4444444444444444,1.0
copiapo,spatial,2,independent,7,9,0.4444444444444444,1.0
copiapo,spatial,2,finetune,7,0,0.4444444444444444,1.0
copiapo,spatial,2,finetune,7,1,0.4444444444444444,1.0
copiapo,spatial,2,finetune,7,2,0.4444444444444444,1.0
copiapo,spatial,2,finetune,7,3,0.4444444444444444,1.0
copiapo,spatial,2,finetune,7,4,0.4444444444444444,1.0
copiapo,spatial,2,finetune,7,5,0.4444444444444444,1.0
copiapo,spatial,2,finetune,7,6,0.4444444444444444,1.0
copiapo,spatial,2,finetune,7,7,0.4444444444444444,1.0
copiapo,spatial,2,finetune,7,8,0.4444444444444444,1.0
copiapo,spatial,2,finetune,7,9,0.4444444444444444,1.0
copiapo,spatial,2,reptile,7,0,0.4444444444444444,1.0
copiapo,spatial,2,reptile,7,1,0.4444444444444444,1.0
copiapo,spatial,2,reptile,7,2,0.4444444444444444,1.0
copiapo,spatial,2,reptile,7,3,0.4444444444444444,1.0
copiapo,spatial,2,reptile,7,4,0.25,1.0
copiapo,spatial,2,reptile,7,5,0.25,1.0
copiapo,spatial,2,reptile,7,6,0.4444444444444444,1.0
copiapo,spatial,2,reptile,7,7,0.25,1.0
copiapo,spatial,2,reptile,7,8,0.25,1.0
copiapo,spatial,2,reptile,7,9,0.4444444444444444,1.0
copiapo,spatial,2,fomaml,7,0,0.4444444444444444,1.0
copiapo,spatial,2,fomaml,7,1,0.4444444444444444,1.0
copiapo,spatial,2,fomaml,7,2,0.4444444444444444,1.0
copiapo,spatial,2,fomaml,7,3,0.4444444444444444,1.0
copiapo,spatial,2,fomaml,7,4,0.4444444444444444,1.0
copiapo,spatial,2,fomaml,7,5,0.4444444444444444,1.0
copiapo,spatial,2,fomaml,7,6,0.4444444444444444,1.0
copiapo,spatial,2,fomaml,7,7,0.4444444444444444,1.0
copiapo,spatial,2,fomaml,7,8,0.4444444444444444,1.0
copiapo,spatial,2,fomaml,7,9,0.4444444444444444,1.0
copiapo,spatial,3,independent,7,0,0.0,
copiapo,spatial,3,independent,7,1,0.0,
copiapo,spatial,3,independent,7,2,0.0,
copiapo,spatial,3,independent,7,3,0.0,
copiapo,spatial,3,independent,7,4,0.0,
copiapo,spatial,3,independent,7,5,0.0,
copiapo,spatial,3,independent,7,6,0.0,
copiapo,spatial,3,independent,7,7,0.0,
copiapo,spatial,3,independent,7,8,0.0,
copiapo,spatial,3,independent,7,9,0.0,
copiapo,spatial,3,finetune,7,0,0.0,
copiapo,spatial,3,finetune,7,1,0.0,
copiapo,spatial,3,finetune,7,2,0.0,
copiapo,spatial,3,finetune,7,3,0.0,
copiapo,spatial,3,finetune,7,4,0.0,
copiapo,spatial,3,finetune,7,5,0.0,
copiapo,spatial,3,finetune,7,6,0.0,
copiapo,spatial,3,finetune,7,7,0.0,
copiapo,spatial,3,finetune,7,8,0.0,
copiapo,spatial,3,finetune,7,9,0.0,
copiapo,spatial,3,reptile,7,0,0.0,
copiapo,spatial,3,reptile,7,1,0.0,
copiapo,spatial,3,reptile,7,2,0.0,
copiapo,spatial,3,reptile,7,3,0.0,
copiapo,spatial,3,reptile,7,4,0.0,
copiapo,spatial,3,reptile,7,5,0.0,
copiapo,spatial,3,reptile,7,6,0.0,
copiapo,spatial,3,reptile,7,7,0.0,
copiapo,spatial,3,reptile,7,8,0.0,
copiapo,spatial,3,reptile,7,9,0.0,
copiapo,spatial,3,fomaml,7,0,0.0,
copiapo,spatial,3,fomaml,7,1,0.0,
copiapo,spatial,3,fomaml,7,2,0.0,
copiapo,spatial,3,fomaml,7,3,0.0,
copiapo,spatial,3,fomaml,7,4,0.0,
copiapo,spatial,3,fomaml,7,5,0.0,
copiapo,spatial,3,fomaml,7,6,0.0,
copiapo,spatial,3,fomaml,7,7,0.0,
copiapo,spatial,3,fomaml,7,8,0.0,
copiapo,spatial,3,fomaml,7,9,0.0,
copiapo,spatial,4,independent,7,0,0.6666666666666666,0.5416666666666667
copiapo,spatial,4,independent,7,1,0.625,0.20833333333333337
copiapo,spatial,4,independent,7,2,0.8235294117647058,0.5
copiapo,spatial,4,independent,7,3,0.6666666666666666,0.5
copiapo,spatial,4,independent,7,4,0.6666666666666666,0.4166666666666667
copiapo,spatial,4,independent,7,5,0.6666666666666666,0.33333333333333337
copiapo,spatial,4,independent,7,6,0.8888888888888888,0.4166666666666667
copiapo,spatial,4,independent,7,7,0.6666666666666666,0.4166666666666667
copiapo,spatial,4,independent,7,8,0.75,0.45833333333333337
copiapo,spatial,4,independent,7,9,0.8235294117647058,0.33333333333333337
copiapo,spatial,4,finetune,7,0,0.8888888888888888,0.5416666666666667
copiapo,spatial,4,finetune,7,1,0.8235294117647058,0.5416666666666667
copiapo,spatial,4,finetune,7,2,0.8888888888888888,0.5416666666666667
copiapo,spatial,4,finetune,7,3,0.8235294117647058,0.625
copiapo,spatial,4,finetune,7,4,0.8888888888888888,0.5833333333333334
copiapo,spatial,4,finetune,7,5,0.8888888888888888,0.45833333333333337
copiapo,spatial,4,finetune,7,6,0.8888888888888888,0.5416666666666667
copiapo,spatial,4,finetune,7,7,0.8888888888888888,0.5416666666666667
copiapo,spatial,4,finetune,7,8,0.8888888888888888,0.5833333333333334
copiapo,spatial,4,finetune,7,9,0.8888888888888888,0.6666666666666667
copiapo,spatial,4,reptile,7,0,0.75,0.33333333333333337
copiapo,spatial,4,reptile,7,1,0.6666666666666666,0.33333333333333337
copiapo,spatial,4,reptile,7,2,0.6666666666666666,0.33333333333333337
copiapo,spatial,4,reptile,7,3,0.5714285714285714,0.33333333333333337
copiapo,spatial,4,reptile,7,4,0.6666666666666666,0.33333333333333337
copiapo,spatial,4,reptile,7,5,0.6666666666666666,0.33333333333333337
copiapo,spatial,4,reptile,7,6,0.75,0.33333333333333337
copiapo,spatial,4,reptile,7,7,0.6666666666666666,0.33333333333333337
copiapo,spatial,4,reptile,7,8,0.6666666666666666,0.33333333333333337
copiapo,spatial,4,reptile,7,9,0.6666666666666666,0.33333333333333337
copiapo,spatial,4,fomaml,7,0,0.75,0.5
copiapo,spatial,4,fomaml,7,1,0.75,0.5833333333333334
copiapo,spatial,4,fomaml,7,2,0.6666666666666666,0.6666666666666667
copiapo,spatial,4,fomaml,7,3,0.6666666666666666,0.5833333333333334
copiapo,spatial,4,fomaml,7,4,0.75,0.5833333333333334
copiapo,spatial,4,fomaml,7,5,0.75,0.6666666666666667
copiapo,spatial,4,fomaml,7,6,0.75,0.5
copiapo,spatial,4,fomaml,7,7,0.75,0.5833333333333334
copiapo,spatial,4,fomaml,7,8,0.75,0.5833333333333334
copiapo,spatial,4,fomaml,7,9,0.6666666666666666,0.5833333333333334
copiapo,random,0,independent,7,0,0.9090909090909091,1.0
copiapo,random,0,independent,7,1,0.9090909090909091,1.0
copiapo,random,0,independent,7,2,0.9090909090909091,1.0
copiapo,random,0,independent,7,3,0.9090909090909091,1.0
copiapo,random,0,independent,7,4,0.9090909090909091,1.0
copiapo,random,0,independent,7,5,0.9090909090909091,1.0
copiapo,random,0,independent,7,6,0.9090909090909091,1.0
copiapo,random,0,independent,7,7,0.9090909090909091,1.0
copiapo,random,0,independent,7,8,0.9090909090909091,1.0
copiapo,random,0,independent,7,9,0.9090909090909091,1.0
copiapo,random,0,finetune,7,0,0.9090909090909091,1.0
copiapo,random,0,finetune,7,1,0.9090909090909091,1.0
copiapo,random,0,finetune,7,2,0.9090909090909091,1.0
copiapo,random,0,finetune,7,3,0.9090909090909091,1.0
copiapo,random,0,finetune,7,4,0.9090909090909091,1.0
copiapo,random,0,finetune,7,5,0.9090909090909091,1.0
copiapo,random,0,finetune,7,6,0.9090909090909091,1.0
copiapo,random,0,finetune,7,7,0.9090909090909091,1.0
copiapo,random,0,finetune,7,8,0.9090909090909091,1.0
copiapo,random,0,finetune,7,9,0.9090909090909091,1.0
copiapo,random,0,reptile,7,0,0.9090909090909091,1.0
copiapo,random,0,reptile,7,1,0.9090909090909091,1.0
copiapo,random,0,reptile,7,2,0.9090909090909091,1.0
copiapo,random,0,reptile,7,3,0.9090909090909091,1.0
copiapo,random,0,reptile,7,4,0.9090909090909091,1.0
copiapo,random,0,reptile,7,5,0.9090909090909091,1.0
copiapo,random,0,reptile,7,6,0.9090909090909091,1.0
copiapo,random,0,reptile,7,7,0.9090909090909091,1.0
copiapo,random,0,reptile,7,8,0.9090909090909091,1.0
copiapo,random,0,reptile,7,9,0.9090909090909091,1.0
copiapo,random,0,fomaml,7,0,0.9090909090909091,1.0
copiapo,random,0,fomaml,7,1,0.9090909090909091,1.0
copiapo,random,0,fomaml,7,2,0.9090909090909091,1.0
copiapo,random,0,fomaml,7,3,0.9090909090909091,1.0
copiapo,random,0,fomaml,7,4,0.9090909090909091,1.0
copiapo,random,0,fomaml,7,5,0.9090909090909091,1.0
copiapo,random,0,fomaml,7,6,0.9090909090909091,1.0
copiapo,random,0,fomaml,7,7,0.9090909090909091,1.0
copiapo,random,0,fomaml,7,8,0.9090909090909091,1.0
copiapo,random,0,fomaml,7,9,0.9090909090909091,1.0
copiapo,random,1,independent,7,0,1.0,1.0
copiapo,random,1,independent,7,1,0.8571428571428571,1.0
copiapo,random,1,independent,7,2,1.0,1.0
copiapo,random,1,independent,7,3,1.0,1.0
copiapo,random,1,independent,7,4,1.0,1.0
copiapo,random,1,independent,7,5,1.0,1.0
copiapo,random,1,independent,7,6,1.0,1.0
copiapo,random,1,independent,7,7,0.8571428571428571,1.0
copiapo,random,1,independent,7,8,1.0,1.0
copiapo,random,1,independent,7,9,1.0,1.0
copiapo,random,1,finetune,7,0,0.8571428571428571,1.0
copiapo,random,1,finetune,7,1,1.0,1.0
copiapo,random,1,finetune,7,2,1.0,1.0
copiapo,random,1,finetune,7,3,1.0,1.0
copiapo,random,1,finetune,7,4,1.0,1.0
copiapo,random,1,finetune,7,5,0.8571428571428571,1.0
copiapo,random,1,finetune,7,6,0.8571428571428571,1.0
copiapo,random,1,finetune,7,7,1.0,1.0
copiapo,random,1,finetune,7,8,0.8571428571428571,1.0
copiapo,random,1,finetune,7,9,0.8571428571428571,1.0
copiapo,random,1,reptile,7,0,0.8571428571428571,1.0
copiapo,random,1,reptile,7,1,1.0,1.0
copiapo,random,1,reptile,7,2,1.0,1.0
copiapo,random,1,reptile,7,3,1.0,1.0
copiapo,random,1,reptile,7,4,1.0,1.0
copiapo,random,1,reptile,7,5,1.0,1.0
copiapo,random,1,reptile,7,6,1.0,1.0
copiapo,random,1,reptile,7,7,1.0,1.0
copiapo,random,1,reptile,7,8,1.0,1.0
copiapo,random,1,reptile,7,9,1.0,1.0
copiapo,random,1,fomaml,7,0,1.0,1.0
copiapo,random,1,fomaml,7,1,1.0,1.0
copiapo,random,1,fomaml,7,2,1.0,1.0
copiapo,random,1,fomaml,7,3,1.0,1.0
copiapo,random,1,fomaml,7,4,1.0,1.0
copiapo,random,1,fomaml,7,5,0.8571428571428571,1.0
copiapo,random,1,fomaml,7,6,1.0,1.0
copiapo,random,1,fomaml,7,7,1.0,1.0
copiapo,random,1,fomaml,7,8,1.0,1.0
copiapo,random,1,fomaml,7,9,1.0,1.0
copiapo,random,2,independent,7,0,0.75,0.8666666666666667
copiapo,random,2,independent,7,1,0.75,0.8666666666666667
copiapo,random,2,independent,7,2,0.75,0.9333333333333333
copiapo,random,2,independent,7,3,0.75,0.8666666666666667
copiapo,random,2,independent,7,4,0.75,0.8666666666666667
copiapo,random,2,independent,7,5,0.75,0.9333333333333333
copiapo,random,2,independent,7,6,0.75,0.9333333333333333
copiapo,random,2,independent,7,7,0.75,0.9333333333333333
copiapo,random,2,independent,7,8,0.75,0.8
copiapo,random,2,independent,7,9,0.75,0.8666666666666667
copiapo,random,2,finetune,7,0,0.75,0.7333333333333333
copiapo,random,2,finetune,7,1,0.75,0.8
copiapo,random,2,finetune,7,2,0.75,0.8
copiapo,random,2,finetune,7,3,0.75,0.8
copiapo,random,2,finetune,7,4,0.75,0.7333333333333333
copiapo,random,2,finetune,7,5,0.75,0.8
copiapo,random,2,finetune,7,6,0.75,0.8
copiapo,random,2,finetune,7,7,0.75,0.8
copiapo,random,2,finetune,7,8,0.75,0.8
copiapo,random,2,finetune,7,9,0.75,0.8
copiapo,random,2,reptile,7,0,0.75,0.8666666666666667
copiapo,random,2,reptile,7,1,0.75,0.9333333333333333
copiapo,random,2,reptile,7,2,0.75,0.9333333333333333
copiapo,random,2,reptile,7,3,0.6666666666666666,0.8666666666666667
copiapo,random,2,reptile,7,4,0.75,0.8666666666666667
copiapo,random,2,reptile,7,5,0.75,0.8666666666666667
copiapo,random,2,reptile,7,6,0.75,0.9333333333333333
copiapo,random,2,reptile,7,7,0.75,0.9333333333333333
copiapo,random,2,reptile,7,8,0.75,0.9333333333333333
copiapo,random,2,reptile,7,9,0.75,0.8666666666666667
copiapo,random,2,fomaml,7,0,0.75,0.9333333333333333
copiapo,random,2,fomaml,7,1,0.75,0.9333333333333333
copiapo,random,2,fomaml,7,2,0.75,0.9333333333333333
copiapo,random,2,fomaml,7,3,0.75,0.9333333333333333
copiapo,random,2,fomaml,7,4,0.8571428571428571,0.9333333333333333
copiapo,random,2,fomaml,7,5,0.75,0.9333333333333333
copiapo,random,2,fomaml,7,6,0.75,0.9333333333333333
copiapo,random,2,fomaml,7,7,0.75,0.9333333333333333
copiapo,random,2,fomaml,7,8,0.75,0.9333333333333333
copiapo,random,2,fomaml,7,9,0.75,0.9333333333333333
copiapo,random,3,independent,7,0,1.0,1.0
copiapo,random,3,independent,7,1,1.0,1.0
copiapo,random,3,independent,7,2,1.0,1.0
copiapo,random,3,independent,7,3,1.0,1.0
copiapo,random,3,independent,7,4,1.0,1.0
copiapo,random,3,independent,7,5,1.0,1.0
copiapo,random,3,independent,7,6,1.0,1.0
copiapo,random,3,independent,7,7,1.0,1.0
copiapo,random,3,independent,7,8,1.0,1.0
copiapo,random,3,independent,7,9,1.0,1.0
copiapo,random,3,finetune,7,0,1.0,1.0
copiapo,random,3,finetune,7,1,1.0,1.0
copiapo,random,3,finetune,7,2,1.0,1.0
copiapo,random,3,finetune,7,3,1.0,1.0
copiapo,random,3,finetune,7,4,1.0,1.0
copiapo,random,3,finetune,7,5,1.0,1.0
copiapo,random,3,finetune,7,6,1.0,1.0
copiapo,random,3,finetune,7,7,1.0,1.0
copiapo,random,3,finetune,7,8,1.0,1.0
copiapo,random,3,finetune,7,9,1.0,1.0
copiapo,random,3,reptile,7,0,1.0,1.0
copiapo,random,3,reptile,7,1,1.0,1.0
copiapo,random,3,reptile,7,2,1.0,1.0
copiapo,random,3,reptile,7,3,1.0,1.0
copiapo,random,3,reptile,7,4,1.0,1.0
copiapo,random,3,reptile,7,5,1.0,1.0
copiapo,random,3,reptile,7,6,1.0,1.0
copiapo,random,3,reptile,7,7,1.0,1.0
copiapo,random,3,reptile,7,8,1.0,1.0
copiapo,random,3,reptile,7,9,1.0,1.0
copiapo,random,3,fomaml,7,0,1.0,1.0
copiapo,random,3,fomaml,7,1,1.0,1.0
copiapo,random,3,fomaml,7,2,1.0,1.0
copiapo,random,3,fomaml,7,3,1.0,1.0
copiapo,random,3,fomaml,7,4,1.0,1.0
copiapo,random,3,fomaml,7,5,1.0,1.0
copiapo,random,3,fomaml,7,6,1.0,1.0
copiapo,random,3,fomaml,7,7,1.0,1.0
copiapo,random,3,fomaml,7,8,1.0,1.0
copiapo,random,3,fomaml,7,9,1.0,1.0
copiapo,random,4,independent,7,0,0.6666666666666666,0.8
copiapo,random,4,independent,7,1,0.6666666666666666,0.8
copiapo,random,4,independent,7,2,0.5,0.8
copiapo,random,4,independent,7,3,0.6666666666666666,0.8
copiapo,random,4,independent,7,4,0.5,0.8
copiapo,random,4,independent,7,5,0.5,0.8
copiapo,random,4,independent,7,6,0.6666666666666666,0.9
copiapo,random,4,independent,7,7,0.6666666666666666,0.8
copiapo,random,4,independent,7,8,0.6666666666666666,0.8
copiapo,random,4,independent,7,9,0.5,0.8
copiapo,random,4,finetune,7,0,0.5,0.8
copiapo,random,4,finetune,7,1,0.5,0.7
copiapo,random,4,finetune,7,2,0.5,0.7
copiapo,random,4,finetune,7,3,0.5,0.7
copiapo,random,4,finetune,7,4,0.5,0.7
copiapo,random,4,finetune,7,5,0.5,0.7
copiapo,random,4,finetune,7,6,0.5,0.7
copiapo,random,4,finetune,7,7,0.5,0.7
copiapo,random,4,finetune,7,8,0.5,0.7
copiapo,random,4,finetune,7,9,0.5,0.8
copiapo,random,4,reptile,7,0,0.6666666666666666,0.9
copiapo,random,4,reptile,7,1,0.6666666666666666,0.9
copiapo,random,4,reptile,7,2,0.5,0.9
copiapo,random,4,reptile,7,3,0.5,0.9
copiapo,random,4,reptile,7,4,0.5,0.9
copiapo,random,4,reptile,7,5,0.6666666666666666,0.9
copiapo,random,4,reptile,7,6,0.5,0.9
copiapo,random,4,reptile,7,7,0.6666666666666666,0.9
copiapo,random,4,reptile,7,8,0.5,0.9
copiapo,random,4,reptile,7,9,0.5,0.9
copiapo,random,4,fomaml,7,0,0.6666666666666666,0.7
copiapo,random,4,fomaml,7,1,0.6666666666666666,0.8
copiapo,random,4,fomaml,7,2,0.6666666666666666,0.7
copiapo,random,4,fomaml,7,3,0.6666666666666666,0.7
copiapo,random,4,fomaml,7,4,0.6666666666666666,0.8
copiapo,random,4,fomaml,7,5,0.6666666666666666,0.8
copiapo,random,4,fomaml,7,6,0.6666666666666666,0.8
copiapo,random,4,fomaml,7,7,0.6666666666666666,0.7
copiapo,random,4,fomaml,7,8,0.6666666666666666,0.8
copiapo,random,4,fomaml,7,9,0.6666666666666666,0.8
huasco,spatial,0,independent,7,0,0.854320987654321,0.8417708953742307
huasco,spatial,0,independent,7,1,0.7874015748031497,0.8371054198927933
huasco,spatial,0,independent,7,2,0.7626666666666667,0.813033551717292
huasco,spatial,0,independent,7,3,0.8324873096446701,0.8740321620011912
huasco,spatial,0,independent,7,4,0.8676470588235294,0.8608794917609689
huasco,spatial,0,independent,7,5,0.927400468384075,0.929819336906889
huasco,spatial,0,independent,7,6,0.768,0.7942723843557673
huasco,spatial,0,independent,7,7,0.9007263922518159,0.8817252332737741
huasco,spatial,0,independent,7,8,0.7611548556430446,0.7639467937264245
huasco,spatial,0,independent,7,9,0.8861985472154964,0.8793924955330554
huasco,spatial,0,finetune,7,0,0.9409090909090909,0.8787969029184037
huasco,spatial,0,finetune,7,1,0.8620689655172413,0.8440043676791741
huasco,spatial,0,finetune,7,2,0.9321266968325792,0.8412745681953544
huasco,spatial,0,finetune,7,3,0.8051282051282052,0.7871252729799485
huasco,spatial,0,finetune,7,4,0.7745358090185677,0.782459797498511
huasco,spatial,0,finetune,7,5,0.8697788697788698,0.8494143339289258
huasco,spatial,0,finetune,7,6,0.8184143222506394,0.8072761564423268
huasco,spatial,0,finetune,7,7,0.7688172043010753,0.8247965058566606
huasco,spatial,0,finetune,7,8,0.9497716894977168,0.896813579511614
huasco,spatial,0,finetune,7,9,0.8442211055276382,0.8331348024617827
huasco,spatial,0,reptile,7,0,0.8578431372549019,0.828518959698233
huasco,spatial,0,reptile,7,1,0.88,0.8197836013500099
huasco,spatial,0,reptile,7,2,0.8857142857142857,0.8373535834822314
huasco,spatial,0,reptile,7,3,0.8232323232323232,0.8259876910859639
huasco,spatial,0,reptile,7,4,0.84,0.8422672225531069
huasco,spatial,0,reptile,7,5,0.8633093525179856,0.8149692277149096
huasco,spatial,0,reptile,7,6,0.9277389277389277,0.9000893388921977
huasco,spatial,0,reptile,7,7,0.8092783505154639,0.8358149692277149
huasco,spatial,0,reptile,7,8,0.9205607476635514,0.880385149890808
huasco,spatial,0,reptile,7,9,0.9580573951434879,0.8712527297994838
huasco,spatial,0,fomaml,7,0,0.8878281622911695,0.8202302958109986
huasco,spatial,0,fomaml,7,1,0.9014084507042254,0.8268810800079412
huasco,spatial,0,fomaml,7,2,0.9664429530201343,0.9304645622394282
huasco,spatial,0,fomaml,7,3,0.8883610451306413,0.8105022831050228
huasco,spatial,0,fomaml,7,4,0.8792270531400966,0.8590430811991264
huasco,spatial,0,fomaml,7,5,0.8840579710144928,0.8521937661306332
huasco,spatial,0,fomaml,7,6,0.8878281622911695,0.8292634504665476
huasco,spatial,0,fomaml,7,7,0.8557457212713936,0.8155151876116736
huasco,spatial,0,fomaml,7,8,0.8174807197943444,0.8324399444113559
huasco,spatial,0,fomaml,7,9,0.9422632794457275,0.916765932102442
huasco,spatial,1,independent,7,0,0.0,
huasco,spatial,1,independent,7,1,0.0,
huasco,spatial,1,independent,7,2,0.0,
huasco,spatial,1,independent,7,3,0.0,
huasco,spatial,1,independent,7,4,0.0,
huasco,spatial,1,independent,7,5,0.0,
huasco,spatial,1,independent,7,6,0.0,
huasco,spatial,1,independent,7,7,0.0,
huasco,spatial,1,independent,7,8,0.0,
huasco,spatial,1,independent,7,9,0.0,
huasco,spatial,1,finetune,7,0,0.0,
huasco,spatial,1,finetune,7,1,0.0,
huasco,spatial,1,finetune,7,2,0.0,
huasco,spatial,1,finetune,7,3,0.0,
huasco,spatial,1,finetune,7,4,0.0,
huasco,spatial,1,finetune,7,5,0.0,
huasco,spatial,1,finetune,7,6,0.0,
huasco,spatial,1,finetune,7,7,0.0,
huasco,spatial,1,finetune,7,8,0.0,
huasco,spatial,1,finetune,7,9,0.0,
huasco,spatial,1,reptile,7,0,0.0,
huasco,spatial,1,reptile,7,1,0.0,
huasco,spatial,1,reptile,7,2,0.0,
huasco,spatial,1,reptile,7,3,0.0,
huasco,spatial,1,reptile,7,4,0.0,
huasco,spatial,1,reptile,7,5,0.0,
huasco,spatial,1,reptile,7,6,0.0,
huasco,spatial,1,reptile,7,7,0.0,
huasco,spatial,1,reptile,7,8,0.0,
huasco,spatial,1,reptile,7,9,0.0,
huasco,spatial,1,fomaml,7,0,0.0,
huasco,spatial,1,fomaml,7,1,0.0,
huasco,spatial,1,fomaml,7,2,0.0,
huasco,spatial,1,fomaml,7,3,0.0,
huasco,spatial,1,fomaml,7,4,0.0,
huasco,spatial,1,fomaml,7,5,0.0,
huasco,spatial,1,fomaml,7,6,0.0,
huasco,spatial,1,fomaml,7,7,0.0,
huasco,spatial,1,fomaml,7,8,0.0,
huasco,spatial,1,fomaml,7,9,0.0,
huasco,spatial,2,independent,7,0,0.0,
huasco,spatial,2,independent,7,1,0.0,
huasco,spatial,2,independent,7,2,0.0,
huasco,spatial,2,independent,7,3,0.0,
huasco,spatial,2,independent,7,4,0.0,
huasco,spatial,2,independent,7,5,0.0,
huasco,spatial,2,independent,7,6,0.0,
huasco,spatial,2,independent,7,7,0.0,
huasco,spatial,2,independent,7,8,0.0,
huasco,spatial,2,independent,7,9,0.0,
huasco,spatial,2,finetune,7,0,0.0,
huasco,spatial,2,finetune,7,1,0.0,
huasco,spatial,2,finetune,7,2,0.0,
huasco,spatial,2,finetune,7,3,0.0,
huasco,spatial,2,finetune,7,4,0.0,
huasco,spatial,2,finetune,7,5,0.0,
huasco,spatial,2,finetune,7,6,0.0,
huasco,spatial,2,finetune,7,7,0.0,
huasco,spatial,2,finetune,7,8,0.0,
huasco,spatial,2,finetune,7,9,0.0,
huasco,spatial,2,reptile,7,0,0.0,
huasco,spatial,2,reptile,7,1,0.0,
huasco,spatial,2,reptile,7,2,0.0,
huasco,spatial,2,reptile,7,3,0.0,
huasco,spatial,2,reptile,7,4,0.0,
huasco,spatial,2,reptile,7,5,0.0,
huasco,spatial,2,reptile,7,6,0.0,
huasco,spatial,2,reptile,7,7,0.0,
huasco,spatial,2,reptile,7,8,0.0,
huasco,spatial,2,reptile,7,9,0.0,
huasco,spatial,2,fomaml,7,0,0.0,
huasco,spatial,2,fomaml,7,1,0.0,
huasco,spatial,2,fomaml,7,2,0.0,
huasco,spatial,2,fomaml,7,3,0.0,
huasco,spatial,2,fomaml,7,4,0.0,
huasco,spatial,2,fomaml,7,5,0.0,
huasco,spatial,2,fomaml,7,6,0.0,
huasco,spatial,2,fomaml,7,7,0.0,
huasco,spatial,2,fomaml,7,8,0.0,
huasco,spatial,2,fomaml,7,9,0.0,
huasco,spatial,3,independent,7,0,0.8688524590163934,0.9418079096045198
huasco,spatial,3,independent,7,1,0.9411764705882353,0.9761299435028248
huasco,spatial,3,independent,7,2,0.9137931034482759,0.9642655367231638
huasco,spatial,3,independent,7,3,0.9043478260869565,0.9686440677966102
huasco,spatial,3,independent,7,4,0.9243697478991597,0.9731638418079096
huasco,spatial,3,independent,7,5,0.8181818181818182,0.9189265536723163
huasco,spatial,3,independent,7,6,0.8333333333333334,0.9326271186440678
huasco,spatial,3,independent,7,7,0.7919463087248322,0.8598870056497175
huasco,spatial,3,independent,7,8,0.9107142857142857,0.9673728813559322
huasco,spatial,3,independent,7,9,0.8524590163934426,0.9052259887005649
huasco,spatial,3,finetune,7,0,0.926829268292683,0.9867231638418079
huasco,spatial,3,finetune,7,1,0.8833333333333333,0.9272598870056497
huasco,spatial,3,finetune,7,2,0.9032258064516129,0.9666666666666667
huasco,spatial,3,finetune,7,3,0.8928571428571429,0.9850282485875707
huasco,spatial,3,finetune,7,4,0.8976377952755905,0.9221751412429379
huasco,spatial,3,finetune,7,5,0.8547008547008547,0.9433615819209039
huasco,spatial,3,finetune,7,6,0.9026548672566371,0.973728813559322
huasco,spatial,3,finetune,7,7,0.8226950354609929,0.8805084745762712
huasco,spatial,3,finetune,7,8,0.8545454545454545,0.9680790960451977
huasco,spatial,3,finetune,7,9,0.9137931034482759,0.9690677966101695
huasco,spatial,3,reptile,7,0,0.8947368421052632,0.964406779661017
huasco,spatial,3,reptile,7,1,0.9043478260869565,0.9607344632768362
huasco,spatial,3,reptile,7,2,0.9090909090909091,0.9641242937853106
huasco,spatial,3,reptile,7,3,0.8854961832061069,0.9209039548022598
huasco,spatial,3,reptile,7,4,0.9193548387096774,0.9774011299435029
huasco,spatial,3,reptile,7,5,0.9256198347107438,0.9548022598870056
huasco,spatial,3,reptile,7,6,0.9310344827586207,0.951412429378531
huasco,spatial,3,reptile,7,7,0.9122807017543859,0.9635593220338983
huasco,spatial,3,reptile,7,8,0.8983050847457628,0.9319209039548022
huasco,spatial,3,reptile,7,9,0.9043478260869565,0.9570621468926553
huasco,spatial,3,fomaml,7,0,0.8571428571428571,0.9286723163841808
huasco,spatial,3,fomaml,7,1,0.9193548387096774,0.9480225988700565
huasco,spatial,3,fomaml,7,2,0.9007633587786259,0.9594632768361582
huasco,spatial,3,fomaml,7,3,0.8760330578512396,0.9502824858757063
huasco,spatial,3,fomaml,7,4,0.8793103448275862,0.9498587570621468
huasco,spatial,3,fomaml,7,5,0.9291338582677166,0.9733050847457627
huasco,spatial,3,fomaml,7,6,0.9411764705882353,0.9661016949152541
huasco,spatial,3,fomaml,7,7,0.8793103448275862,0.9500000000000001
huasco,spatial,3,fomaml,7,8,0.8813559322033898,0.9203389830508475
huasco,spatial,3,fomaml,7,9,0.9411764705882353,0.9734463276836158
huasco,spatial,4,independent,7,0,0.0,
huasco,spatial,4,independent,7,1,0.0,
huasco,spatial,4,independent,7,2,0.0,
huasco,spatial,4,independent,7,3,0.0,
huasco,spatial,4,independent,7,4,0.0,
huasco,spatial,4,independent,7,5,0.0,
huasco,spatial,4,independent,7,6,0.0,
huasco,spatial,4,independent,7,7,0.0,
huasco,spatial,4,independent,7,8,0.0,
huasco,spatial,4,independent,7,9,0.0,
huasco,spatial,4,finetune,7,0,0.0,
huasco,spatial,4,finetune,7,1,0.0,
huasco,spatial,4,finetune,7,2,0.0,
huasco,spatial,4,finetune,7,3,0.0,
huasco,spatial,4,finetune,7,4,0.0,
huasco,spatial,4,finetune,7,5,0.0,
huasco,spatial,4,finetune,7,6,0.0,
huasco,spatial,4,finetune,7,7,0.0,
huasco,spatial,4,finetune,7,8,0.0,
huasco,spatial,4,finetune,7,9,0.0,
huasco,spatial,4,reptile,7,0,0.0,
huasco,spatial,4,reptile,7,1,0.0,
huasco,spatial,4,reptile,7,2,0.0,
huasco,spatial,4,reptile,7,3,0.0,
huasco,spatial,4,reptile,7,4,0.0,
huasco,spatial,4,reptile,7,5,0.0,
huasco,spatial,4,reptile,7,6,0.0,
huasco,spatial,4,reptile,7,7,0.0,
huasco,spatial,4,reptile,7,8,0.0,
huasco,spatial,4,reptile,7,9,0.0,
huasco,spatial,4,fomaml,7,0,0.0,
huasco,spatial,4,fomaml,7,1,0.0,
huasco,spatial,4,fomaml,7,2,0.0,
huasco,spatial,4,fomaml,7,3,0.0,
huasco,spatial,4,fomaml,7,4,0.0,
huasco,spatial,4,fomaml,7,5,0.0,
huasco,spatial,4,fomaml,7,6,0.0,
huasco,spatial,4,fomaml,7,7,0.0,
huasco,spatial,4,fomaml,7,8,0.0,
huasco,spatial,4,fomaml,7,9,0.0,
huasco,random,0,independent,7,0,0.9026548672566371,0.9649122807017544
huasco,random,0,independent,7,1,0.896,0.9320574162679425
huasco,random,0,independent,7,2,0.890625,0.9545454545454545
huasco,random,0,independent,7,3,0.9152542372881356,0.9427432216905901
huasco,random,0,independent,7,4,0.8636363636363636,0.8963317384370015
huasco,random,0,independent,7,5,0.9180327868852459,0.9459330143540671
huasco,random,0,independent,7,6,0.8852459016393442,0.9448165869218501
huasco,random,0,independent,7,7,0.8503937007874016,0.9467304625199362
huasco,random,0,independent,7,8,0.8598130841121495,0.9553429027113237
huasco,random,0,independent,7,9,0.8468468468468469,0.9213716108452951
huasco,random,0,finetune,7,0,0.907563025210084,0.9473684210526315
huasco,random,0,finetune,7,1,0.8421052631578947,0.8786283891547049
huasco,random,0,finetune,7,2,0.9016393442622951,0.9389154704944178
huasco,random,0,finetune,7,3,0.8833333333333333,0.9564593301435407
huasco,random,0,finetune,7,4,0.9090909090909091,0.949920255183413
huasco,random,0,finetune,7,5,0.8598130841121495,0.9516746411483252
huasco,random,0,finetune,7,6,0.8141592920353983,0.9116427432216906
huasco,random,0,finetune,7,7,0.9047619047619048,0.9390749601275917
huasco,random,0,finetune,7,8,0.8943089430894309,0.9594896331738436
huasco,random,0,finetune,7,9,0.9152542372881356,0.9199362041467305
huasco,random,0,reptile,7,0,0.8852459016393442,0.9547049441786284
huasco,random,0,reptile,7,1,0.8833333333333333,0.9470494417862839
huasco,random,0,reptile,7,2,0.9180327868852459,0.9607655502392344
huasco,random,0,reptile,7,3,0.912,0.9626794258373205
huasco,random,0,reptile,7,4,0.8849557522123894,0.9732057416267942
huasco,random,0,reptile,7,5,0.8925619834710744,0.9328548644338117
huasco,random,0,reptile,7,6,0.8615384615384616,0.9223285486443381
huasco,random,0,reptile,7,7,0.9152542372881356,0.9687400318979267
huasco,random,0,reptile,7,8,0.8333333333333334,0.8593301435406697
huasco,random,0,reptile,7,9,0.9243697478991597,0.9665071770334929
huasco,random,0,fomaml,7,0,0.8780487804878049,0.9204146730462519
huasco,random,0,fomaml,7,1,0.7722772277227723,0.9272727272727272
huasco,random,0,fomaml,7,2,0.8785046728971962,0.9665071770334928
huasco,random,0,fomaml,7,3,0.8305084745762712,0.8794258373205741
huasco,random,0,fomaml,7,4,0.9047619047619048,0.9483253588516746
huasco,random,0,fomaml,7,5,0.8376068376068376,0.8921850079744816
huasco,random,0,fomaml,7,6,0.890625,0.9507177033492822
huasco,random,0,fomaml,7,7,0.9043478260869565,0.9295055821371611
huasco,random,0,fomaml,7,8,0.847457627118644,0.8827751196172248
huasco,random,0,fomaml,7,9,0.8596491228070176,0.9118022328548645
huasco,random,1,independent,7,0,0.9354838709677419,0.9745762711864407
huasco,random,1,independent,7,1,0.9166666666666666,0.9638200782268579
huasco,random,1,independent,7,2,0.9217391304347826,0.9791395045632333
huasco,random,1,independent,7,3,0.9026548672566371,0.9742503259452412
huasco,random,1,independent,7,4,0.9333333333333333,0.9582790091264667
huasco,random,1,independent,7,5,0.8907563025210085,0.9703389830508474
huasco,random,1,independent,7,6,0.9310344827586207,0.9898956975228161
huasco,random,1,independent,7,7,0.9193548387096774,0.9568122555410691
huasco,random,1,independent,7,8,0.8888888888888888,0.9771838331160365
huasco,random,1,independent,7,9,0.905982905982906,0.9608865710560626
huasco,random,1,finetune,7,0,0.9391304347826087,0.9742503259452413
huasco,random,1,finetune,7,1,0.9243697478991597,0.9762059973924382
huasco,random,1,finetune,7,2,0.8888888888888888,0.9797913950456323
huasco,random,1,finetune,7,3,0.9572649572649573,0.9928292046936115
huasco,random,1,finetune,7,4,0.9193548387096774,0.970664928292047
huasco,random,1,finetune,7,5,0.9217391304347826,0.9827249022164276
huasco,random,1,finetune,7,6,0.9322033898305084,0.9812581486310299
huasco,random,1,finetune,7,7,0.9491525423728814,0.9908735332464146
huasco,random,1,finetune,7,8,0.9217391304347826,0.976857887874837
huasco,random,1,finetune,7,9,0.9491525423728814,0.9892438070404171
huasco,random,1,reptile,7,0,0.9322033898305084,0.9784876140808344
huasco,random,1,reptile,7,1,0.8518518518518519,0.970664928292047
huasco,random,1,reptile,7,2,0.9333333333333333,0.9827249022164276
huasco,random,1,reptile,7,3,0.8928571428571429,0.9732724902216427
huasco,random,1,reptile,7,4,0.9365079365079365,0.9703389830508474
huasco,random,1,reptile,7,5,0.896551724137931,0.9608865710560626
huasco,random,1,reptile,7,6,0.9411764705882353,0.9797913950456323
huasco,random,1,reptile,7,7,0.9122807017543859,0.978161668839635
huasco,random,1,reptile,7,8,0.9166666666666666,0.9794654498044328
huasco,random,1,reptile,7,9,0.8813559322033898,0.9719687092568448
huasco,random,1,fomaml,7,0,0.8828828828828829,0.9576271186440678
huasco,random,1,fomaml,7,1,0.8793103448275862,0.9729465449804433
huasco,random,1,fomaml,7,2,0.95,0.9872881355932204
huasco,random,1,fomaml,7,3,0.8928571428571429,0.9749022164276402
huasco,random,1,fomaml,7,4,0.9491525423728814,0.9758800521512386
huasco,random,1,fomaml,7,5,0.9464285714285714,0.9902216427640157
huasco,random,1,fomaml,7,6,0.9411764705882353,0.9898956975228161
huasco,random,1,fomaml,7,7,0.9122807017543859,0.9846805736636245
huasco,random,1,fomaml,7,8,0.9217391304347826,0.976857887874837
huasco,random,1,fomaml,7,9,0.9322033898305084,0.9592568448500651
huasco,random,2,independent,7,0,0.9122807017543859,0.9652597402597403
huasco,random,2,independent,7,1,0.9217391304347826,0.9568181818181818
huasco,random,2,independent,7,2,0.8909090909090909,0.9019480519480519
huasco,random,2,independent,7,3,0.8888888888888888,0.8987012987012986
huasco,random,2,independent,7,4,0.9152542372881356,0.9576298701298702
huasco,random,2,independent,7,5,0.9203539823008849,0.9402597402597402
huasco,random,2,independent,7,6,0.905982905982906,0.9227272727272727
huasco,random,2,independent,7,7,0.9411764705882353,0.9655844155844155
huasco,random,2,independent,7,8,0.9122807017543859,0.9650974025974026
huasco,random,2,independent,7,9,0.8869565217391304,0.9155844155844156
huasco,random,2,finetune,7,0,0.8983050847457628,0.925974025974026
huasco,random,2,finetune,7,1,0.9298245614035088,0.9470779220779221
huasco,random,2,finetune,7,2,0.9026548672566371,0.9556818181818182
huasco,random,2,finetune,7,3,0.905982905982906,0.9295454545454545
huasco,random,2,finetune,7,4,0.9180327868852459,0.9454545454545454
huasco,random,2,finetune,7,5,0.9217391304347826,0.9535714285714285
huasco,random,2,finetune,7,6,0.8695652173913043,0.9301948051948051
huasco,random,2,finetune,7,7,0.9310344827586207,0.9649350649350649
huasco,random,2,finetune,7,8,0.8990825688073395,0.973051948051948
huasco,random,2,finetune,7,9,0.8983050847457628,0.9360389610389609
huasco,random,2,reptile,7,0,0.9203539823008849,0.9587662337662338
huasco,random,2,reptile,7,1,0.8909090909090909,0.9633116883116883
huasco,random,2,reptile,7,2,0.9565217391304348,0.9667207792207791
huasco,random,2,reptile,7,3,0.9107142857142857,0.951948051948052
huasco,random,2,reptile,7,4,0.9380530973451328,0.9788961038961039
huasco,random,2,reptile,7,5,0.9285714285714286,0.959090909090909
huasco,random,2,reptile,7,6,0.9009009009009009,0.9133116883116883
huasco,random,2,reptile,7,7,0.905982905982906,0.9038961038961039
huasco,random,2,reptile,7,8,0.9298245614035088,0.9564935064935065
huasco,random,2,reptile,7,9,0.8990825688073395,0.9633116883116883
huasco,random,2,fomaml,7,0,0.8653846153846154,0.9724025974025974
huasco,random,2,fomaml,7,1,0.9272727272727272,0.9724025974025974
huasco,random,2,fomaml,7,2,0.9491525423728814,0.95
huasco,random,2,fomaml,7,3,0.9107142857142857,0.972077922077922
huasco,random,2,fomaml,7,4,0.9009009009009009,0.9730519480519481
huasco,random,2,fomaml,7,5,0.9401709401709402,0.9639610389610389
huasco,random,2,fomaml,7,6,0.9380530973451328,0.9711038961038961
huasco,random,2,fomaml,7,7,0.9203539823008849,0.962987012987013
huasco,random,2,fomaml,7,8,0.9391304347826087,0.9699675324675325
huasco,random,2,fomaml,7,9,0.8712871287128713,0.9827922077922078
huasco,random,3,independent,7,0,0.8620689655172413,0.8983050847457628
huasco,random,3,independent,7,1,0.8363636363636363,0.8645697522816167
huasco,random,3,independent,7,2,0.8429752066115702,0.8927640156453716
huasco,random,3,independent,7,3,0.8448275862068966,0.8930899608865711
huasco,random,3,independent,7,4,0.8869565217391304,0.9082464146023468
huasco,random,3,independent,7,5,0.8695652173913043,0.9030312907431551
huasco,random,3,independent,7,6,0.8468468468468469,0.8732073011734028
huasco,random,3,independent,7,7,0.8793103448275862,0.8868970013037809
huasco,random,3,independent,7,8,0.85,0.883148631029987
huasco,random,3,independent,7,9,0.8521739130434782,0.8836375488917861
huasco,random,3,finetune,7,0,0.8347826086956521,0.8836375488917863
huasco,random,3,finetune,7,1,0.8869565217391304,0.9023794002607561
huasco,random,3,finetune,7,2,0.8771929824561403,0.9190026075619295
huasco,random,3,finetune,7,3,0.822429906542056,0.8798891786179922
huasco,random,3,finetune,7,4,0.8620689655172413,0.9159061277705345
huasco,random,3,finetune,7,5,0.8376068376068376,0.8888526727509778
huasco,random,3,finetune,7,6,0.8672566371681416,0.9064537157757496
huasco,random,3,finetune,7,7,0.8672566371681416,0.9260104302477183
huasco,random,3,finetune,7,8,0.9009009009009009,0.8921121251629727
huasco,random,3,finetune,7,9,0.782608695652174,0.8953715775749674
huasco,random,3,reptile,7,0,0.8288288288288288,0.9012385919165581
huasco,random,3,reptile,7,1,0.8547008547008547,0.8844524119947849
huasco,random,3,reptile,7,2,0.8547008547008547,0.8696219035202086
huasco,random,3,reptile,7,3,0.8703703703703703,0.9136245110821383
huasco,random,3,reptile,7,4,0.8717948717948718,0.8927640156453716
huasco,random,3,reptile,7,5,0.8440366972477065,0.8754889178617993
huasco,random,3,reptile,7,6,0.8524590163934426,0.9165580182529336
huasco,random,3,reptile,7,7,0.8547008547008547,0.8927640156453716
huasco,random,3,reptile,7,8,0.8717948717948718,0.9338331160365059
huasco,random,3,reptile,7,9,0.8771929824561403,0.909387222946545
huasco,random,3,fomaml,7,0,0.8717948717948718,0.8679921773142112
huasco,random,3,fomaml,7,1,0.8672566371681416,0.8978161668839635
huasco,random,3,fomaml,7,2,0.8495575221238938,0.9405149934810952
huasco,random,3,fomaml,7,3,0.85,0.8738591916558017
huasco,random,3,fomaml,7,4,0.8785046728971962,0.9084093872229465
huasco,random,3,fomaml,7,5,0.8672566371681416,0.9351368970013038
huasco,random,3,fomaml,7,6,0.8521739130434782,0.8901564537157758
huasco,random,3,fomaml,7,7,0.8648648648648649,0.9286179921773142
huasco,random,3,fomaml,7,8,0.8869565217391304,0.8924380704041721
huasco,random,3,fomaml,7,9,0.7884615384615384,0.8880378096479791
huasco,random,4,independent,7,0,0.8571428571428571,0.9691358024691358
huasco,random,4,independent,7,1,0.9345794392523364,0.9879792072774528
huasco,random,4,independent,7,2,0.9215686274509803,0.9896036387264456
huasco,random,4,independent,7,3,0.9203539823008849,0.9782326185834957
huasco,random,4,independent,7,4,0.9122807017543859,0.9666991552956465
huasco,random,4,independent,7,5,0.9320388349514563,0.9899285250162443
huasco,random,4,independent,7,6,0.9532710280373832,0.9918778427550358
huasco,random,4,independent,7,7,0.9454545454545454,0.9853801169590642
huasco,random,4,independent,7,8,0.9230769230769231,0.9876543209876543
huasco,random,4,independent,7,9,0.8910891089108911,0.9769330734243015
huasco,random,4,finetune,7,0,0.9473684210526315,0.9671864847303443
huasco,random,4,finetune,7,1,0.9642857142857143,0.9751461988304093
huasco,random,4,finetune,7,2,0.9306930693069307,0.9938271604938271
huasco,random,4,finetune,7,3,0.9259259259259259,0.98862897985705
huasco,random,4,finetune,7,4,0.9357798165137615,0.9876543209876543
huasco,random,4,finetune,7,5,0.9433962264150944,0.9873294346978557
huasco,random,4,finetune,7,6,0.9019607843137255,0.9769330734243015
huasco,random,4,finetune,7,7,0.9369369369369369,0.9769330734243015
huasco,random,4,finetune,7,8,0.8865979381443299,0.9925276153346329
huasco,random,4,finetune,7,9,0.9380530973451328,0.98862897985705
huasco,random,4,reptile,7,0,0.9090909090909091,0.9723846653671214
huasco,random,4,reptile,7,1,0.9217391304347826,0.9548408057179986
huasco,random,4,reptile,7,2,0.9369369369369369,0.9873294346978557
huasco,random,4,reptile,7,3,0.8712871287128713,0.9805068226120858
huasco,random,4,reptile,7,4,0.8543689320388349,0.9707602339181287
huasco,random,4,reptile,7,5,0.9532710280373832,0.9954515919428201
huasco,random,4,reptile,7,6,0.865979381443299,0.9772579597141
huasco,random,4,reptile,7,7,0.9369369369369369,0.9675113710201431
huasco,random,4,reptile,7,8,0.9369369369369369,0.9710851202079273
huasco,random,4,reptile,7,9,0.9523809523809523,0.996101364522417
huasco,random,4,fomaml,7,0,0.9454545454545454,0.9876543209876543
huasco,random,4,fomaml,7,1,0.897196261682243,0.9616634178037687
huasco,random,4,fomaml,7,2,0.9108910891089109,0.9918778427550357
huasco,random,4,fomaml,7,3,0.8932038834951457,0.9805068226120858
huasco,random,4,fomaml,7,4,0.8686868686868687,0.9759584145549058
huasco,random,4,fomaml,7,5,0.9107142857142857,0.9857050032488628
huasco,random,4,fomaml,7,6,0.9230769230769231,0.9876543209876543
huasco,random,4,fomaml,7,7,0.8653846153846154,0.9606887589343729
huasco,random,4,fomaml,7,8,0.9122807017543859,0.9574398960363872
huasco,random,4,fomaml,7,9,0.8440366972477065,0.9457439896036387
elqui,spatial,0,independent,7,0,0.4,0.896551724137931
elqui,spatial,0,independent,7,1,0.0,0.9655172413793104
elqui,spatial,0,independent,7,2,1.0,1.0
elqui,spatial,0,independent,7,3,0.0,0.9655172413793104
elqui,spatial,0,independent,7,4,0.2222222222222222,0.9310344827586208
elqui,spatial,0,independent,7,5,0.3333333333333333,0.9655172413793104
elqui,spatial,0,independent,7,6,0.6666666666666666,0.9655172413793104
elqui,spatial,0,independent,7,7,0.5,0.9655172413793104
elqui,spatial,0,independent,7,8,0.0,0.9310344827586207
elqui,spatial,0,independent,7,9,0.2222222222222222,0.8275862068965518
elqui,spatial,0,finetune,7,0,0.6666666666666666,0.9655172413793103
elqui,spatial,0,finetune,7,1,0.0,0.9655172413793104
elqui,spatial,0,finetune,7,2,0.6666666666666666,0.9655172413793104
elqui,spatial,0,finetune,7,3,0.0,0.9655172413793104
elqui,spatial,0,finetune,7,4,0.0,0.8620689655172414
elqui,spatial,0,finetune,7,5,0.5,1.0
elqui,spatial,0,finetune,7,6,0.0,0.8620689655172414
elqui,spatial,0,finetune,7,7,0.0,0.9655172413793104
elqui,spatial,0,finetune,7,8,0.4,0.9310344827586207
elqui,spatial,0,finetune,7,9,0.0,0.7241379310344828
elqui,spatial,0,reptile,7,0,0.0,0.9655172413793103
elqui,spatial,0,reptile,7,1,1.0,1.0
elqui,spatial,0,reptile,7,2,0.0,0.8620689655172414
elqui,spatial,0,reptile,7,3,0.6666666666666666,0.9655172413793104
elqui,spatial,0,reptile,7,4,0.0,0.9310344827586207
elqui,spatial,0,reptile,7,5,1.0,1.0
elqui,spatial,0,reptile,7,6,0.0,0.9655172413793103
elqui,spatial,0,reptile,7,7,0.0,0.8620689655172414
elqui,spatial,0,reptile,7,8,0.25,1.0
elqui,spatial,0,reptile,7,9,0.0,0.9655172413793104
elqui,spatial,0,fomaml,7,0,0.0,0.9655172413793104
elqui,spatial,0,fomaml,7,1,0.6666666666666666,0.9655172413793104
elqui,spatial,0,fomaml,7,2,0.0,1.0
elqui,spatial,0,fomaml,7,3,0.4,0.9655172413793104
elqui,spatial,0,fomaml,7,4,0.0,1.0
elqui,spatial,0,fomaml,7,5,1.0,1.0
elqui,spatial,0,fomaml,7,6,0.0,0.8620689655172414
elqui,spatial,0,fomaml,7,7,1.0,1.0
elqui,spatial,0,fomaml,7,8,0.0,1.0
elqui,spatial,0,fomaml,7,9,1.0,1.0
elqui,spatial,1,independent,7,0,0.9325153374233128,0.9146772767462422
elqui,spatial,1,independent,7,1,0.9230769230769231,0.8978779840848806
elqui,spatial,1,independent,7,2,0.9230769230769231,0.9261715296198054
elqui,spatial,1,independent,7,3,0.9135802469135802,0.9168877099911582
elqui,spatial,1,independent,7,4,0.9230769230769231,0.9378868258178602
elqui,spatial,1,independent,7,5,0.9135802469135802,0.8815207780725022
elqui,spatial,1,independent,7,6,0.9146341463414634,0.9566755083996463
elqui,spatial,1,independent,7,7,0.925,0.9118037135278514
elqui,spatial,1,independent,7,8,0.9212121212121213,0.8890362511052166
elqui,spatial,1,independent,7,9,0.925,0.9122458001768347
elqui,spatial,1,finetune,7,0,0.8552631578947368,0.8368700265251989
elqui,spatial,1,finetune,7,1,0.9058823529411765,0.8430592396109639
elqui,spatial,1,finetune,7,2,0.8774193548387097,0.7931034482758621
elqui,spatial,1,finetune,7,3,0.9166666666666666,0.8395225464190981
elqui,spatial,1,finetune,7,4,0.9341317365269461,0.9354553492484526
elqui,spatial,1,finetune,7,5,0.9176470588235294,0.919761273209549
elqui,spatial,1,finetune,7,6,0.9285714285714286,0.8720159151193634
elqui,spatial,1,finetune,7,7,0.9112426035502958,0.9124668435013262
elqui,spatial,1,finetune,7,8,0.9135802469135802,0.8766578249336869
elqui,spatial,1,finetune,7,9,0.9375,0.9549071618037136
elqui,spatial,1,reptile,7,0,0.9202453987730062,0.9000884173297966
elqui,spatial,1,reptile,7,1,0.9285714285714286,0.9454022988505747
elqui,spatial,1,reptile,7,2,0.9024390243902439,0.8284703801945181
elqui,spatial,1,reptile,7,3,0.9212121212121213,0.8819628647214854
elqui,spatial,1,reptile,7,4,0.9397590361445783,0.9849690539345712
elqui,spatial,1,reptile,7,5,0.9221556886227545,0.8841732979664013
elqui,spatial,1,reptile,7,6,0.9176470588235294,0.852343059239611
elqui,spatial,1,reptile,7,7,0.9259259259259259,0.9628647214854111
elqui,spatial,1,reptile,7,8,0.9397590361445783,0.9672855879752432
elqui,spatial,1,reptile,7,9,0.9221556886227545,0.9328028293545535
elqui,spatial,1,fomaml,7,0,0.9259259259259259,0.9080459770114943
elqui,spatial,1,fomaml,7,1,0.9341317365269461,0.9274977895667551
elqui,spatial,1,fomaml,7,2,0.9176470588235294,0.9624226348364279
elqui,spatial,1,fomaml,7,3,0.9135802469135802,0.8992042440318302
elqui,spatial,1,fomaml,7,4,0.926829268292683,0.9352343059239611
elqui,spatial,1,fomaml,7,5,0.9230769230769231,0.9438549955791334
elqui,spatial,1,fomaml,7,6,0.9156626506024096,0.872236958443855
elqui,spatial,1,fomaml,7,7,0.9182389937106918,0.8828470380194519
elqui,spatial,1,fomaml,7,8,0.9454545454545454,0.9812113174182139
elqui,spatial,1,fomaml,7,9,0.926829268292683,0.9045092838196287
elqui,spatial,2,independent,7,0,0.0,0.6984126984126984
elqui,spatial,2,independent,7,1,0.25,0.6666666666666667
elqui,spatial,2,independent,7,2,0.0,0.4761904761904762
elqui,spatial,2,independent,7,3,0.0,0.6190476190476191
elqui,spatial,2,independent,7,4,0.0,0.5714285714285714
elqui,spatial,2,independent,7,5,0.25,0.5396825396825398
elqui,spatial,2,independent,7,6,0.0,0.6746031746031746
elqui,spatial,2,independent,7,7,0.0,0.5952380952380952
elqui,spatial,2,independent,7,8,0.25,0.4841269841269842
elqui,spatial,2,independent,7,9,0.0,0.7222222222222222
elqui,spatial,2,finetune,7,0,0.2222222222222222,0.8333333333333334
elqui,spatial,2,finetune,7,1,0.2222222222222222,0.5714285714285714
elqui,spatial,2,finetune,7,2,0.0,0.5634920634920635
elqui,spatial,2,finetune,7,3,0.0,0.626984126984127
elqui,spatial,2,finetune,7,4,0.0,0.5555555555555556
elqui,spatial,2,finetune,7,5,0.0,0.8095238095238095
elqui,spatial,2,finetune,7,6,0.2222222222222222,0.6984126984126984
elqui,spatial,2,finetune,7,7,0.0,0.5555555555555556
elqui,spatial,2,finetune,7,8,0.0,0.5317460317460317
elqui,spatial,2,finetune,7,9,0.0,0.753968253968254
elqui,spatial,2,reptile,7,0,0.25,0.5714285714285714
elqui,spatial,2,reptile,7,1,0.2222222222222222,0.6428571428571428
elqui,spatial,2,reptile,7,2,0.0,0.6746031746031746
elqui,spatial,2,reptile,7,3,0.0,0.6825396825396826
elqui,spatial,2,reptile,7,4,0.25,0.6825396825396826
elqui,spatial,2,reptile,7,5,0.0,0.47619047619047616
elqui,spatial,2,reptile,7,6,0.25,0.6190476190476191
elqui,spatial,2,reptile,7,7,0.0,0.5873015873015873
elqui,spatial,2,reptile,7,8,0.0,0.47619047619047616
elqui,spatial,2,reptile,7,9,0.2222222222222222,0.7222222222222222
elqui,spatial,2,fomaml,7,0,0.25,0.6984126984126984
elqui,spatial,2,fomaml,7,1,0.25,0.7142857142857143
elqui,spatial,2,fomaml,7,2,0.0,0.6428571428571429
elqui,spatial,2,fomaml,7,3,0.0,0.5238095238095238
elqui,spatial,2,fomaml,7,4,0.0,0.5
elqui,spatial,2,fomaml,7,5,0.25,0.6666666666666667
elqui,spatial,2,fomaml,7,6,0.0,0.6666666666666667
elqui,spatial,2,fomaml,7,7,0.0,0.626984126984127
elqui,spatial,2,fomaml,7,8,0.25,0.6587301587301587
elqui,spatial,2,fomaml,7,9,0.0,0.5555555555555556
elqui,spatial,3,independent,7,0,0.25,0.76
elqui,spatial,3,independent,7,1,0.18181818181818182,0.96
elqui,spatial,3,independent,7,2,0.0,0.76
elqui,spatial,3,independent,7,3,0.0,0.8
elqui,spatial,3,independent,7,4,0.0,0.76
elqui,spatial,3,independent,7,5,0.2222222222222222,0.76
elqui,spatial,3,independent,7,6,0.0,0.88
elqui,spatial,3,independent,7,7,0.0,0.7999999999999999
elqui,spatial,3,independent,7,8,0.0,0.72
elqui,spatial,3,independent,7,9,0.0,0.88
elqui,spatial,3,finetune,7,0,0.0,0.72
elqui,spatial,3,finetune,7,1,0.0,0.6799999999999999
elqui,spatial,3,finetune,7,2,0.0,0.6799999999999999
elqui,spatial,3,finetune,7,3,0.0,0.8
elqui,spatial,3,finetune,7,4,0.0,0.72
elqui,spatial,3,finetune,7,5,0.0,0.6799999999999999
elqui,spatial,3,finetune,7,6,0.0,0.76
elqui,spatial,3,finetune,7,7,0.0,0.6799999999999999
elqui,spatial,3,finetune,7,8,0.0,0.72
elqui,spatial,3,finetune,7,9,0.0,0.64
elqui,spatial,3,reptile,7,0,0.3333333333333333,0.96
elqui,spatial,3,reptile,7,1,0.0,0.84
elqui,spatial,3,reptile,7,2,0.0,0.76
elqui,spatial,3,reptile,7,3,0.25,0.76
elqui,spatial,3,reptile,7,4,0.0,0.72
elqui,spatial,3,reptile,7,5,0.3333333333333333,0.84
elqui,spatial,3,reptile,7,6,0.2857142857142857,0.84
elqui,spatial,3,reptile,7,7,0.6666666666666666,0.9600000000000001
elqui,spatial,3,reptile,7,8,0.2857142857142857,0.88
elqui,spatial,3,reptile,7,9,0.25,0.88
elqui,spatial,3,fomaml,7,0,0.0,0.8
elqui,spatial,3,fomaml,7,1,0.2857142857142857,0.88
elqui,spatial,3,fomaml,7,2,0.3333333333333333,0.84
elqui,spatial,3,fomaml,7,3,0.2222222222222222,0.72
elqui,spatial,3,fomaml,7,4,0.2857142857142857,0.9600000000000001
elqui,spatial,3,fomaml,7,5,0.25,0.84
elqui,spatial,3,fomaml,7,6,0.0,0.72
elqui,spatial,3,fomaml,7,7,0.0,0.84
elqui,spatial,3,fomaml,7,8,0.0,0.68
elqui,spatial,3,fomaml,7,9,0.3333333333333333,0.84
elqui,spatial,4,independent,7,0,0.7228915662650602,0.7663043478260869
elqui,spatial,4,independent,7,1,0.7341772151898734,0.8936335403726708
elqui,spatial,4,independent,7,2,0.7073170731707317,0.8043478260869565
elqui,spatial,4,independent,7,3,0.8372093023255814,0.8571428571428572
elqui,spatial,4,independent,7,4,0.8048780487804879,0.8229813664596272
elqui,spatial,4,independent,7,5,0.8,0.8059006211180124
elqui,spatial,4,independent,7,6,0.8842105263157894,0.8932453416149069
elqui,spatial,4,independent,7,7,0.7857142857142857,0.7511645962732919
elqui,spatial,4,independent,7,8,0.8571428571428571,0.9309006211180124
elqui,spatial,4,independent,7,9,0.6578947368421053,0.748447204968944
elqui,spatial,4,finetune,7,0,0.7654320987654321,0.9021739130434783
elqui,spatial,4,finetune,7,1,0.6521739130434783,0.6086956521739131
elqui,spatial,4,finetune,7,2,0.7526881720430108,0.7313664596273292
elqui,spatial,4,finetune,7,3,0.6451612903225806,0.5349378881987578
elqui,spatial,4,finetune,7,4,0.7857142857142857,0.7942546583850931
elqui,spatial,4,finetune,7,5,0.7272727272727273,0.8656832298136646
elqui,spatial,4,finetune,7,6,0.8,0.8586956521739131
elqui,spatial,4,finetune,7,7,0.7789473684210526,0.7981366459627329
elqui,spatial,4,finetune,7,8,0.7654320987654321,0.812111801242236
elqui,spatial,4,finetune,7,9,0.717948717948718,0.8517080745341615
elqui,spatial,4,reptile,7,0,0.782608695652174,0.7903726708074534
elqui,spatial,4,reptile,7,1,0.7126436781609196,0.6777950310559007
elqui,spatial,4,reptile,7,2,0.7865168539325843,0.7833850931677019
elqui,spatial,4,reptile,7,3,0.7341772151898734,0.7453416149068324
elqui,spatial,4,reptile,7,4,0.7126436781609196,0.7189440993788819
elqui,spatial,4,reptile,7,5,0.7,0.7709627329192548
elqui,spatial,4,reptile,7,6,0.7848101265822784,0.7888198757763976
elqui,spatial,4,reptile,7,7,0.7912087912087912,0.7756211180124224
elqui,spatial,4,reptile,7,8,0.6808510638297872,0.6440217391304348
elqui,spatial,4,reptile,7,9,0.8539325842696629,0.9107142857142857
elqui,spatial,4,fomaml,7,0,0.7368421052631579,0.8253105590062113
elqui,spatial,4,fomaml,7,1,0.813953488372093,0.7697981366459627
elqui,spatial,4,fomaml,7,2,0.6753246753246753,0.7220496894409939
elqui,spatial,4,fomaml,7,3,0.8571428571428571,0.8474378881987578
elqui,spatial,4,fomaml,7,4,0.7692307692307693,0.8074534161490683
elqui,spatial,4,fomaml,7,5,0.6904761904761905,0.6824534161490683
elqui,spatial,4,fomaml,7,6,0.7710843373493976,0.8330745341614907
elqui,spatial,4,fomaml,7,7,0.7123287671232876,0.8136645962732919
elqui,spatial,4,fomaml,7,8,0.7710843373493976,0.7422360248447205
elqui,spatial,4,fomaml,7,9,0.717948717948718,0.8190993788819876
elqui,random,0,independent,7,0,0.7796610169491526,0.8391304347826087
elqui,random,0,independent,7,1,0.7857142857142857,0.868840579710145
elqui,random,0,independent,7,2,0.8620689655172413,0.9028985507246378
elqui,random,0,independent,7,3,0.9,0.9231884057971015
elqui,random,0,independent,7,4,0.8,0.8731884057971014
elqui,random,0,independent,7,5,0.8571428571428571,0.9246376811594202
elqui,random,0,independent,7,6,0.7666666666666667,0.8478260869565217
elqui,random,0,independent,7,7,0.8666666666666667,0.9007246376811594
elqui,random,0,independent,7,8,0.8125,0.855072463768116
elqui,random,0,independent,7,9,0.8070175438596491,0.8898550724637682
elqui,random,0,finetune,7,0,0.7666666666666667,0.8333333333333334
elqui,random,0,finetune,7,1,0.896551724137931,0.9057971014492753
elqui,random,0,finetune,7,2,0.8387096774193549,0.8789855072463768
elqui,random,0,finetune,7,3,0.7368421052631579,0.827536231884058
elqui,random,0,finetune,7,4,0.9333333333333333,0.9144927536231884
elqui,random,0,finetune,7,5,0.8928571428571429,0.9550724637681159
elqui,random,0,finetune,7,6,0.8571428571428571,0.9550724637681159
elqui,random,0,finetune,7,7,0.8571428571428571,0.9289855072463769
elqui,random,0,finetune,7,8,0.8301886792452831,0.9260869565217391
elqui,random,0,finetune,7,9,0.8813559322033898,0.9507246376811594
elqui,random,0,reptile,7,0,0.8666666666666667,0.8869565217391304
elqui,random,0,reptile,7,1,0.7333333333333333,0.8057971014492754
elqui,random,0,reptile,7,2,0.9310344827586207,0.9666666666666668
elqui,random,0,reptile,7,3,0.8524590163934426,0.9246376811594204
elqui,random,0,reptile,7,4,0.7924528301886793,0.9246376811594202
elqui,random,0,reptile,7,5,0.8571428571428571,0.9115942028985506
elqui,random,0,reptile,7,6,0.8771929824561403,0.8898550724637683
elqui,random,0,reptile,7,7,0.8813559322033898,0.9
elqui,random,0,reptile,7,8,0.8214285714285714,0.8782608695652174
elqui,random,0,reptile,7,9,0.8727272727272727,0.9289855072463767
elqui,random,0,fomaml,7,0,0.9180327868852459,0.9826086956521739
elqui,random,0,fomaml,7,1,0.8387096774193549,0.9188405797101449
elqui,random,0,fomaml,7,2,0.8888888888888888,0.9318840579710145
elqui,random,0,fomaml,7,3,0.75,0.8666666666666667
elqui,random,0,fomaml,7,4,0.7540983606557377,0.803623188405797
elqui,random,0,fomaml,7,5,0.8620689655172413,0.8782608695652174
elqui,random,0,fomaml,7,6,0.8771929824561403,0.9260869565217392
elqui,random,0,fomaml,7,7,0.8518518518518519,0.9608695652173913
elqui,random,0,fomaml,7,8,0.9032258064516129,0.9463768115942028
elqui,random,0,fomaml,7,9,0.8571428571428571,0.8905797101449276
elqui,random,1,independent,7,0,0.723404255319149,0.8594202898550725
elqui,random,1,independent,7,1,0.7916666666666666,0.9057971014492753
elqui,random,1,independent,7,2,0.7843137254901961,0.908695652173913
elqui,random,1,independent,7,3,0.7727272727272727,0.8855072463768117
elqui,random,1,independent,7,4,0.8163265306122449,0.8985507246376812
elqui,random,1,independent,7,5,0.7659574468085106,0.8623188405797101
elqui,random,1,independent,7,6,0.8,0.9130434782608695
elqui,random,1,independent,7,7,0.8695652173913043,0.9021739130434782
elqui,random,1,independent,7,8,0.8163265306122449,0.9101449275362319
elqui,random,1,independent,7,9,0.7083333333333334,0.817391304347826
elqui,random,1,finetune,7,0,0.7916666666666666,0.8927536231884057
elqui,random,1,finetune,7,1,0.7755102040816326,0.908695652173913
elqui,random,1,finetune,7,2,0.7755102040816326,0.9217391304347825
elqui,random,1,finetune,7,3,0.75,0.8405797101449275
elqui,random,1,finetune,7,4,0.8163265306122449,0.9333333333333333
elqui,random,1,finetune,7,5,0.8461538461538461,0.9072463768115943
elqui,random,1,finetune,7,6,0.8181818181818182,0.8971014492753623
elqui,random,1,finetune,7,7,0.6829268292682927,0.8884057971014492
elqui,random,1,finetune,7,8,0.7659574468085106,0.9144927536231884
elqui,random,1,finetune,7,9,0.782608695652174,0.863768115942029
elqui,random,1,reptile,7,0,0.76,0.8985507246376812
elqui,random,1,reptile,7,1,0.75,0.93768115942029
elqui,random,1,reptile,7,2,0.72,0.8840579710144927
elqui,random,1,reptile,7,3,0.8085106382978723,0.8710144927536232
elqui,random,1,reptile,7,4,0.8461538461538461,0.9420289855072463
elqui,random,1,reptile,7,5,0.7111111111111111,0.9217391304347826
elqui,random,1,reptile,7,6,0.84,0.9130434782608695
elqui,random,1,reptile,7,7,0.8,0.9072463768115941
elqui,random,1,reptile,7,8,0.8163265306122449,0.8318840579710145
elqui,random,1,reptile,7,9,0.8085106382978723,0.908695652173913
elqui,random,1,fomaml,7,0,0.7843137254901961,0.9057971014492754
elqui,random,1,fomaml,7,1,0.8148148148148148,0.8521739130434782
elqui,random,1,fomaml,7,2,0.8333333333333334,0.8985507246376812
elqui,random,1,fomaml,7,3,0.84,0.9246376811594202
elqui,random,1,fomaml,7,4,0.7659574468085106,0.881159420289855
elqui,random,1,fomaml,7,5,0.7391304347826086,0.9057971014492754
elqui,random,1,fomaml,7,6,0.84,0.9043478260869565
elqui,random,1,fomaml,7,7,0.7692307692307693,0.927536231884058
elqui,random,1,fomaml,7,8,0.8444444444444444,0.9173913043478261
elqui,random,1,fomaml,7,9,0.7659574468085106,0.8942028985507247
elqui,random,2,independent,7,0,0.847457627118644,0.9486803519061583
elqui,random,2,independent,7,1,0.9310344827586207,0.9648093841642228
elqui,random,2,independent,7,2,0.9354838709677419,0.9853372434017595
elqui,random,2,independent,7,3,0.847457627118644,0.9530791788856305
elqui,random,2,independent,7,4,0.8771929824561403,0.9750733137829912
elqui,random,2,independent,7,5,0.9032258064516129,0.9633431085043987
elqui,random,2,independent,7,6,0.8571428571428571,0.9633431085043989
elqui,random,2,independent,7,7,0.896551724137931,0.9501466275659824
elqui,random,2,independent,7,8,0.9032258064516129,0.9648093841642228
elqui,random,2,independent,7,9,0.8620689655172413,0.9736070381231672
elqui,random,2,finetune,7,0,0.8214285714285714,0.9516129032258065
elqui,random,2,finetune,7,1,0.9032258064516129,0.9648093841642229
elqui,random,2,finetune,7,2,0.8813559322033898,0.9369501466275659
elqui,random,2,finetune,7,3,0.8620689655172413,0.93841642228739
elqui,random,2,finetune,7,4,0.9152542372881356,0.9838709677419354
elqui,random,2,finetune,7,5,0.8275862068965517,0.939882697947214
elqui,random,2,finetune,7,6,0.9333333333333333,0.9853372434017594
elqui,random,2,finetune,7,7,0.8666666666666667,0.9442815249266862
elqui,random,2,finetune,7,8,0.9152542372881356,0.9897360703812316
elqui,random,2,finetune,7,9,0.8620689655172413,0.9604105571847507
elqui,random,2,reptile,7,0,0.8852459016393442,0.9208211143695014
elqui,random,2,reptile,7,1,0.8620689655172413,0.9765395894428153
elqui,random,2,reptile,7,2,0.9333333333333333,0.9868035190615836
elqui,random,2,reptile,7,3,0.8923076923076924,0.9516129032258064
elqui,random,2,reptile,7,4,0.8666666666666667,0.9442815249266862
elqui,random,2,reptile,7,5,0.8709677419354839,0.939882697947214
elqui,random,2,reptile,7,6,0.9032258064516129,0.9325513196480938
elqui,random,2,reptile,7,7,0.8888888888888888,0.9721407624633431
elqui,random,2,reptile,7,8,0.847457627118644,0.9428152492668621
elqui,random,2,reptile,7,9,0.9354838709677419,0.9897360703812316
elqui,random,2,fomaml,7,0,0.8823529411764706,0.9215542521994136
elqui,random,2,fomaml,7,1,0.847457627118644,0.9560117302052786
elqui,random,2,fomaml,7,2,0.8571428571428571,0.9472140762463342
elqui,random,2,fomaml,7,3,0.8571428571428571,0.935483870967742
elqui,random,2,fomaml,7,4,0.9333333333333333,0.9765395894428152
elqui,random,2,fomaml,7,5,0.847457627118644,0.9648093841642229
elqui,random,2,fomaml,7,6,0.9230769230769231,0.9560117302052785
elqui,random,2,fomaml,7,7,0.9354838709677419,0.9633431085043989
elqui,random,2,fomaml,7,8,0.8852459016393442,0.9618768328445748
elqui,random,2,fomaml,7,9,0.8732394366197183,0.9164222873900293
elqui,random,3,independent,7,0,0.7659574468085106,0.8240469208211144
elqui,random,3,independent,7,1,0.8085106382978723,0.9112903225806452
elqui,random,3,independent,7,2,0.84,0.9046920821114369
elqui,random,3,independent,7,3,0.7804878048780488,0.7925219941348973
elqui,random,3,independent,7,4,0.8,0.8247800586510263
elqui,random,3,independent,7,5,0.7659574468085106,0.8035190615835778
elqui,random,3,independent,7,6,0.782608695652174,0.8636363636363635
elqui,random,3,independent,7,7,0.8260869565217391,0.9266862170087977
elqui,random,3,independent,7,8,0.8,0.8687683284457478
elqui,random,3,independent,7,9,0.8163265306122449,0.8958944281524927
elqui,random,3,finetune,7,0,0.8292682926829268,0.873900293255132
elqui,random,3,finetune,7,1,0.8085106382978723,0.936217008797654
elqui,random,3,finetune,7,2,0.8,0.8504398826979472
elqui,random,3,finetune,7,3,0.8181818181818182,0.9237536656891496
elqui,random,3,finetune,7,4,0.8085106382978723,0.9149560117302052
elqui,random,3,finetune,7,5,0.7391304347826086,0.8936950146627566
elqui,random,3,finetune,7,6,0.6956521739130435,0.8489736070381232
elqui,random,3,finetune,7,7,0.7659574468085106,0.8651026392961877
elqui,random,3,finetune,7,8,0.7727272727272727,0.8695014662756598
elqui,random,3,finetune,7,9,0.8095238095238095,0.8357771260997068
elqui,random,3,reptile,7,0,0.8372093023255814,0.8504398826979472
elqui,random,3,reptile,7,1,0.8,0.8665689149560117
elqui,random,3,reptile,7,2,0.7659574468085106,0.8673020527859238
elqui,random,3,reptile,7,3,0.7916666666666666,0.8658357771260996
elqui,random,3,reptile,7,4,0.782608695652174,0.8988269794721407
elqui,random,3,reptile,7,5,0.8181818181818182,0.9002932551319649
elqui,random,3,reptile,7,6,0.84,0.9442815249266862
elqui,random,3,reptile,7,7,0.7659574468085106,0.8812316715542522
elqui,random,3,reptile,7,8,0.75,0.8797653958944281
elqui,random,3,reptile,7,9,0.75,0.8401759530791788
elqui,random,3,fomaml,7,0,0.8181818181818182,0.8914956011730205
elqui,random,3,fomaml,7,1,0.7450980392156863,0.8856304985337242
elqui,random,3,fomaml,7,2,0.8372093023255814,0.8929618768328446
elqui,random,3,fomaml,7,3,0.7659574468085106,0.9178885630498533
elqui,random,3,fomaml,7,4,0.7659574468085106,0.8680351906158358
elqui,random,3,fomaml,7,5,0.8,0.9310850439882697
elqui,random,3,fomaml,7,6,0.8,0.8856304985337244
elqui,random,3,fomaml,7,7,0.8095238095238095,0.8196480938416423
elqui,random,3,fomaml,7,8,0.8,0.9193548387096774
elqui,random,3,fomaml,7,9,0.7659574468085106,0.9032258064516129
elqui,random,4,independent,7,0,0.8301886792452831,0.9393491124260355
elqui,random,4,independent,7,1,0.8301886792452831,0.8698224852071007
elqui,random,4,independent,7,2,0.8301886792452831,0.900887573964497
elqui,random,4,independent,7,3,0.9230769230769231,0.9896449704142012
elqui,random,4,independent,7,4,0.8163265306122449,0.900887573964497
elqui,random,4,independent,7,5,0.9090909090909091,0.9718934911242604
elqui,random,4,independent,7,6,0.8620689655172413,0.9230769230769231
elqui,random,4,independent,7,7,0.782608695652174,0.8964497041420119
elqui,random,4,independent,7,8,0.8148148148148148,0.8624260355029585
elqui,random,4,independent,7,9,0.8,0.8298816568047338
elqui,random,4,finetune,7,0,0.8518518518518519,0.9112426035502958
elqui,random,4,finetune,7,1,0.8333333333333334,0.8816568047337279
elqui,random,4,finetune,7,2,0.7142857142857143,0.8106508875739644
elqui,random,4,finetune,7,3,0.7755102040816326,0.831360946745562
elqui,random,4,finetune,7,4,0.8,0.757396449704142
elqui,random,4,finetune,7,5,0.8846153846153846,0.9319526627218935
elqui,random,4,finetune,7,6,0.7636363636363637,0.779585798816568
elqui,random,4,finetune,7,7,0.8148148148148148,0.8979289940828402
elqui,random,4,finetune,7,8,0.8888888888888888,0.8890532544378699
elqui,random,4,finetune,7,9,0.8518518518518519,0.8816568047337278
elqui,random,4,reptile,7,0,0.9230769230769231,0.9807692307692306
elqui,random,4,reptile,7,1,0.9019607843137255,0.9349112426035503
elqui,random,4,reptile,7,2,0.6909090909090909,0.7795857988165681
elqui,random,4,reptile,7,3,0.7659574468085106,0.8846153846153846
elqui,random,4,reptile,7,4,0.8363636363636363,0.9053254437869823
elqui,random,4,reptile,7,5,0.9230769230769231,0.9482248520710059
elqui,random,4,reptile,7,6,0.847457627118644,0.9349112426035503
elqui,random,4,reptile,7,7,0.8571428571428571,0.8727810650887574
elqui,random,4,reptile,7,8,0.8148148148148148,0.8949704142011834
elqui,random,4,reptile,7,9,0.7777777777777778,0.8076923076923076
elqui,random,4,fomaml,7,0,0.7931034482758621,0.8387573964497042
elqui,random,4,fomaml,7,1,0.8301886792452831,0.908284023668639
elqui,random,4,fomaml,7,2,0.8461538461538461,0.8491124260355029
elqui,random,4,fomaml,7,3,0.7777777777777778,0.8772189349112427
elqui,random,4,fomaml,7,4,0.8214285714285714,0.9156804733727811
elqui,random,4,fomaml,7,5,0.8679245283018868,0.9275147928994083
elqui,random,4,fomaml,7,6,0.9056603773584906,0.9704142011834319
elqui,random,4,fomaml,7,7,0.7307692307692307,0.8032544378698224
elqui,random,4,fomaml,7,8,0.8235294117647058,0.8786982248520709
elqui,random,4,fomaml,7,9,0.8679245283018868,0.9600591715976331
limari,spatial,0,independent,7,0,0.5,0.8333333333333334
limari,spatial,0,independent,7,1,0.0,0.5
limari,spatial,0,independent,7,2,0.4,0.6666666666666667
limari,spatial,0,independent,7,3,0.3333333333333333,0.6666666666666667
limari,spatial,0,independent,7,4,0.0,0.33333333333333337
limari,spatial,0,independent,7,5,0.5,0.6666666666666667
limari,spatial,0,independent,7,6,0.0,0.5
limari,spatial,0,independent,7,7,0.3333333333333333,0.8333333333333334
limari,spatial,0,independent,7,8,0.0,0.5
limari,spatial,0,independent,7,9,0.6666666666666666,0.8333333333333334
limari,spatial,0,finetune,7,0,0.0,0.6666666666666667
limari,spatial,0,finetune,7,1,0.6666666666666666,0.8333333333333334
limari,spatial,0,finetune,7,2,0.0,0.8333333333333334
limari,spatial,0,finetune,7,3,0.0,0.8333333333333334
limari,spatial,0,finetune,7,4,0.5,0.6666666666666667
limari,spatial,0,finetune,7,5,0.0,0.6666666666666667
limari,spatial,0,finetune,7,6,0.0,0.6666666666666667
limari,spatial,0,finetune,7,7,0.0,0.33333333333333337
limari,spatial,0,finetune,7,8,0.6666666666666666,1.0
limari,spatial,0,finetune,7,9,0.0,0.5
limari,spatial,0,reptile,7,0,0.6666666666666666,0.8333333333333334
limari,spatial,0,reptile,7,1,0.0,0.6666666666666667
limari,spatial,0,reptile,7,2,0.5,0.8333333333333334
limari,spatial,0,reptile,7,3,0.0,0.6666666666666667
limari,spatial,0,reptile,7,4,0.0,0.8333333333333334
limari,spatial,0,reptile,7,5,0.4,0.6666666666666667
limari,spatial,0,reptile,7,6,0.5,0.6666666666666667
limari,spatial,0,reptile,7,7,0.0,0.6666666666666667
limari,spatial,0,reptile,7,8,0.0,0.6666666666666667
limari,spatial,0,reptile,7,9,0.5,0.8333333333333334
limari,spatial,0,fomaml,7,0,0.3333333333333333,0.6666666666666667
limari,spatial,0,fomaml,7,1,0.4,0.8333333333333334
limari,spatial,0,fomaml,7,2,0.3333333333333333,0.6666666666666667
limari,spatial,0,fomaml,7,3,0.5,0.6666666666666667
limari,spatial,0,fomaml,7,4,0.4,0.6666666666666667
limari,spatial,0,fomaml,7,5,0.0,0.6666666666666666
limari,spatial,0,fomaml,7,6,0.0,0.8333333333333334
limari,spatial,0,fomaml,7,7,0.6666666666666666,0.8333333333333334
limari,spatial,0,fomaml,7,8,0.0,0.5
limari,spatial,0,fomaml,7,9,0.4,0.5
limari,spatial,1,independent,7,0,0.7058823529411765,0.7708333333333333
limari,spatial,1,independent,7,1,0.8421052631578947,0.8125
limari,spatial,1,independent,7,2,0.625,0.625
limari,spatial,1,independent,7,3,0.8421052631578947,0.8541666666666667
limari,spatial,1,independent,7,4,0.625,0.7291666666666667
limari,spatial,1,independent,7,5,0.7777777777777778,0.8125
limari,spatial,1,independent,7,6,0.8421052631578947,0.9583333333333334
limari,spatial,1,independent,7,7,0.7058823529411765,0.6666666666666666
limari,spatial,1,independent,7,8,0.8235294117647058,0.8541666666666667
limari,spatial,1,independent,7,9,0.7777777777777778,0.75
limari,spatial,1,finetune,7,0,0.7058823529411765,0.6666666666666666
limari,spatial,1,finetune,7,1,0.8421052631578947,0.6875
limari,spatial,1,finetune,7,2,0.7777777777777778,0.6458333333333334
limari,spatial,1,finetune,7,3,0.8421052631578947,0.7291666666666667
limari,spatial,1,finetune,7,4,0.8421052631578947,0.7291666666666667
limari,spatial,1,finetune,7,5,0.7058823529411765,0.75
limari,spatial,1,finetune,7,6,0.625,0.6875
limari,spatial,1,finetune,7,7,0.6666666666666666,0.625
limari,spatial,1,finetune,7,8,0.7777777777777778,0.6875000000000001
limari,spatial,1,finetune,7,9,0.7368421052631579,0.6666666666666667
limari,spatial,1,reptile,7,0,0.7777777777777778,0.6666666666666667
limari,spatial,1,reptile,7,1,0.7777777777777778,0.75
limari,spatial,1,reptile,7,2,0.8421052631578947,0.8541666666666667
limari,spatial,1,reptile,7,3,0.7058823529411765,0.6666666666666666
limari,spatial,1,reptile,7,4,0.8421052631578947,0.7291666666666667
limari,spatial,1,reptile,7,5,0.8,0.6875
limari,spatial,1,reptile,7,6,0.7777777777777778,0.75
limari,spatial,1,reptile,7,7,0.7058823529411765,0.7083333333333334
limari,spatial,1,reptile,7,8,0.7058823529411765,0.625
limari,spatial,1,reptile,7,9,0.8421052631578947,0.6875
limari,spatial,1,fomaml,7,0,0.8,0.8125
limari,spatial,1,fomaml,7,1,0.7058823529411765,0.7916666666666667
limari,spatial,1,fomaml,7,2,0.7142857142857143,0.8125
limari,spatial,1,fomaml,7,3,0.6666666666666666,0.8541666666666667
limari,spatial,1,fomaml,7,4,0.6666666666666666,0.7291666666666667
limari,spatial,1,fomaml,7,5,0.7777777777777778,0.6875
limari,spatial,1,fomaml,7,6,0.8421052631578947,0.7708333333333334
limari,spatial,1,fomaml,7,7,0.5714285714285714,0.6666666666666667
limari,spatial,1,fomaml,7,8,0.8421052631578947,0.875
limari,spatial,1,fomaml,7,9,0.625,0.625
limari,spatial,2,independent,7,0,0.0,
limari,spatial,2,independent,7,1,0.0,
limari,spatial,2,independent,7,2,0.0,
limari,spatial,2,independent,7,3,0.0,
limari,spatial,2,independent,7,4,0.0,
limari,spatial,2,independent,7,5,0.0,
limari,spatial,2,independent,7,6,0.0,
limari,spatial,2,independent,7,7,0.0,
limari,spatial,2,independent,7,8,0.0,
limari,spatial,2,independent,7,9,0.0,
limari,spatial,2,finetune,7,0,0.0,
limari,spatial,2,finetune,7,1,0.0,
limari,spatial,2,finetune,7,2,0.0,
limari,spatial,2,finetune,7,3,0.0,
limari,spatial,2,finetune,7,4,0.0,
limari,spatial,2,finetune,7,5,0.0,
limari,spatial,2,finetune,7,6,0.0,
limari,spatial,2,finetune,7,7,0.0,
limari,spatial,2,finetune,7,8,0.0,
limari,spatial,2,finetune,7,9,0.0,
limari,spatial,2,reptile,7,0,0.0,
limari,spatial,2,reptile,7,1,0.0,
limari,spatial,2,reptile,7,2,0.0,
limari,spatial,2,reptile,7,3,0.0,
limari,spatial,2,reptile,7,4,0.0,
limari,spatial,2,reptile,7,5,0.0,
limari,spatial,2,reptile,7,6,0.0,
limari,spatial,2,reptile,7,7,0.0,
limari,spatial,2,reptile,7,8,0.0,
limari,spatial,2,reptile,7,9,0.0,
limari,spatial,2,fomaml,7,0,0.0,
limari,spatial,2,fomaml,7,1,0.0,
limari,spatial,2,fomaml,7,2,0.0,
limari,spatial,2,fomaml,7,3,0.0,
limari,spatial,2,fomaml,7,4,0.0,
limari,spatial,2,fomaml,7,5,0.0,
limari,spatial,2,fomaml,7,6,0.0,
limari,spatial,2,fomaml,7,7,0.0,
limari,spatial,2,fomaml,7,8,0.0,
limari,spatial,2,fomaml,7,9,0.0,
limari,spatial,3,independent,7,0,0.26666666666666666,0.7222222222222222
limari,spatial,3,independent,7,1,0.4444444444444444,0.712962962962963
limari,spatial,3,independent,7,2,0.4444444444444444,0.7962962962962963
limari,spatial,3,independent,7,3,0.4444444444444444,0.712962962962963
limari,spatial,3,independent,7,4,0.47058823529411764,0.7962962962962963
limari,spatial,3,independent,7,5,0.47058823529411764,0.75
limari,spatial,3,independent,7,6,0.375,0.8333333333333334
limari,spatial,3,independent,7,7,0.375,0.8333333333333333
limari,spatial,3,independent,7,8,0.4444444444444444,0.6759259259259259
limari,spatial,3,independent,7,9,0.5263157894736842,0.7037037037037037
limari,spatial,3,finetune,7,0,0.5555555555555556,0.8055555555555556
limari,spatial,3,finetune,7,1,0.47058823529411764,0.7592592592592593
limari,spatial,3,finetune,7,2,0.631578947368421,0.861111111111111
limari,spatial,3,finetune,7,3,0.47058823529411764,0.8611111111111112
limari,spatial,3,finetune,7,4,0.375,0.8055555555555556
limari,spatial,3,finetune,7,5,0.631578947368421,0.8333333333333334
limari,spatial,3,finetune,7,6,0.47058823529411764,0.8796296296296297
limari,spatial,3,finetune,7,7,0.631578947368421,0.7962962962962963
limari,spatial,3,finetune,7,8,0.3333333333333333,0.6666666666666667
limari,spatial,3,finetune,7,9,0.375,0.7962962962962963
limari,spatial,3,reptile,7,0,0.375,0.8055555555555555
limari,spatial,3,reptile,7,1,0.375,0.8148148148148149
limari,spatial,3,reptile,7,2,0.375,0.8611111111111112
limari,spatial,3,reptile,7,3,0.375,0.8055555555555556
limari,spatial,3,reptile,7,4,0.375,0.8333333333333334
limari,spatial,3,reptile,7,5,0.35294117647058826,0.75
limari,spatial,3,reptile,7,6,0.375,0.8240740740740741
limari,spatial,3,reptile,7,7,0.375,0.8518518518518519
limari,spatial,3,reptile,7,8,0.375,0.7314814814814815
limari,spatial,3,reptile,7,9,0.35294117647058826,0.7037037037037037
limari,spatial,3,fomaml,7,0,0.47058823529411764,0.8240740740740741
limari,spatial,3,fomaml,7,1,0.5555555555555556,0.8981481481481481
limari,spatial,3,fomaml,7,2,0.47058823529411764,0.8518518518518519
limari,spatial,3,fomaml,7,3,0.47058823529411764,0.75
limari,spatial,3,fomaml,7,4,0.47058823529411764,0.8333333333333333
limari,spatial,3,fomaml,7,5,0.47058823529411764,0.8888888888888888
limari,spatial,3,fomaml,7,6,0.47058823529411764,0.8333333333333333
limari,spatial,3,fomaml,7,7,0.47058823529411764,0.8703703703703703
limari,spatial,3,fomaml,7,8,0.5555555555555556,0.8981481481481483
limari,spatial,3,fomaml,7,9,0.5555555555555556,0.8888888888888888
limari,spatial,4,independent,7,0,0.75,0.5102040816326531
limari,spatial,4,independent,7,1,0.6666666666666666,0.4183673469387755
limari,spatial,4,independent,7,2,0.6896551724137931,0.4795918367346939
limari,spatial,4,independent,7,3,0.8125,0.6020408163265306
limari,spatial,4,independent,7,4,0.7407407407407407,0.5816326530612245
limari,spatial,4,independent,7,5,0.8235294117647058,0.6020408163265306
limari,spatial,4,independent,7,6,0.8484848484848485,0.5408163265306123
limari,spatial,4,independent,7,7,0.7096774193548387,0.4489795918367347
limari,spatial,4,independent,7,8,0.7333333333333333,0.5510204081632653
limari,spatial,4,independent,7,9,0.75,0.3469387755102041
limari,spatial,4,finetune,7,0,0.8,0.5204081632653061
limari,spatial,4,finetune,7,1,0.7096774193548387,0.3877551020408163
limari,spatial,4,finetune,7,2,0.7096774193548387,0.4489795918367347
limari,spatial,4,finetune,7,3,0.7333333333333333,0.4693877551020408
limari,spatial,4,finetune,7,4,0.7096774193548387,0.4489795918367347
limari,spatial,4,finetune,7,5,0.6896551724137931,0.4285714285714286
limari,spatial,4,finetune,7,6,0.7878787878787878,0.5612244897959184
limari,spatial,4,finetune,7,7,0.75,0.4693877551020408
limari,spatial,4,finetune,7,8,0.7741935483870968,0.489795918367347
limari,spatial,4,finetune,7,9,0.6666666666666666,0.3877551020408163
limari,spatial,4,reptile,7,0,0.7272727272727273,0.6632653061224489
limari,spatial,4,reptile,7,1,0.7741935483870968,0.6326530612244897
limari,spatial,4,reptile,7,2,0.7096774193548387,0.35714285714285715
limari,spatial,4,reptile,7,3,0.7333333333333333,0.5306122448979591
limari,spatial,4,reptile,7,4,0.75,0.6122448979591837
limari,spatial,4,reptile,7,5,0.7878787878787878,0.45918367346938777
limari,spatial,4,reptile,7,6,0.75,0.3979591836734694
limari,spatial,4,reptile,7,7,0.75,0.5918367346938775
limari,spatial,4,reptile,7,8,0.75,0.6836734693877551
limari,spatial,4,reptile,7,9,0.7096774193548387,0.5714285714285714
limari,spatial,4,fomaml,7,0,0.7741935483870968,0.5204081632653061
limari,spatial,4,fomaml,7,1,0.75,0.5204081632653061
limari,spatial,4,fomaml,7,2,0.7272727272727273,0.5
limari,spatial,4,fomaml,7,3,0.7096774193548387,0.46938775510204084
limari,spatial,4,fomaml,7,4,0.7272727272727273,0.41836734693877553
limari,spatial,4,fomaml,7,5,0.7272727272727273,0.5714285714285714
limari,spatial,4,fomaml,7,6,0.7096774193548387,0.5102040816326531
limari,spatial,4,fomaml,7,7,0.75,0.4591836734693878
limari,spatial,4,fomaml,7,8,0.75,0.3979591836734694
limari,spatial,4,fomaml,7,9,0.7741935483870968,0.5204081632653061
limari,random,0,independent,7,0,0.8,0.9166666666666667
limari,random,0,independent,7,1,0.6666666666666666,0.7708333333333333
limari,random,0,independent,7,2,0.7272727272727273,0.78125
limari,random,0,independent,7,3,0.8333333333333334,0.8958333333333334
limari,random,0,independent,7,4,0.7142857142857143,0.7708333333333333
limari,random,0,independent,7,5,0.6153846153846154,0.75
limari,random,0,independent,7,6,0.8333333333333334,0.9375
limari,random,0,independent,7,7,0.8,0.9791666666666667
limari,random,0,independent,7,8,0.8333333333333334,0.8125
limari,random,0,independent,7,9,0.6153846153846154,0.7916666666666666
limari,random,0,finetune,7,0,0.6,0.8958333333333334
limari,random,0,finetune,7,1,0.6666666666666666,0.8958333333333334
limari,random,0,finetune,7,2,0.8,0.9375
limari,random,0,finetune,7,3,0.7272727272727273,0.9375
limari,random,0,finetune,7,4,0.6,0.8541666666666667
limari,random,0,finetune,7,5,0.7272727272727273,0.9166666666666667
limari,random,0,finetune,7,6,0.6,0.8541666666666666
limari,random,0,finetune,7,7,0.9230769230769231,0.875
limari,random,0,finetune,7,8,0.7692307692307693,0.8333333333333333
limari,random,0,finetune,7,9,0.8,0.8958333333333334
limari,random,0,reptile,7,0,0.6666666666666666,0.8541666666666666
limari,random,0,reptile,7,1,0.8333333333333334,0.875
limari,random,0,reptile,7,2,0.8333333333333334,0.9375
limari,random,0,reptile,7,3,0.6153846153846154,0.875
limari,random,0,reptile,7,4,0.5454545454545454,0.7916666666666666
limari,random,0,reptile,7,5,0.6,0.8541666666666666
limari,random,0,reptile,7,6,0.8,0.8541666666666666
limari,random,0,reptile,7,7,0.7142857142857143,0.8541666666666666
limari,random,0,reptile,7,8,0.6666666666666666,0.8333333333333334
limari,random,0,reptile,7,9,0.5,0.8333333333333333
limari,random,0,fomaml,7,0,0.8333333333333334,0.8958333333333334
limari,random,0,fomaml,7,1,0.9090909090909091,0.9583333333333334
limari,random,0,fomaml,7,2,0.7142857142857143,0.7916666666666666
limari,random,0,fomaml,7,3,0.6,0.8125
limari,random,0,fomaml,7,4,0.6666666666666666,0.9166666666666666
limari,random,0,fomaml,7,5,0.8333333333333334,0.8541666666666667
limari,random,0,fomaml,7,6,0.8,1.0
limari,random,0,fomaml,7,7,0.6666666666666666,0.7916666666666666
limari,random,0,fomaml,7,8,0.8333333333333334,0.875
limari,random,0,fomaml,7,9,0.8,0.9166666666666666
limari,random,1,independent,7,0,0.6,0.9183673469387754
limari,random,1,independent,7,1,0.8571428571428571,0.8367346938775511
limari,random,1,independent,7,2,0.875,0.8979591836734694
limari,random,1,independent,7,3,0.8333333333333334,0.9591836734693878
limari,random,1,independent,7,4,0.5454545454545454,0.8367346938775511
limari,random,1,independent,7,5,0.8,0.8163265306122449
limari,random,1,independent,7,6,0.6,0.9591836734693877
limari,random,1,independent,7,7,0.6666666666666666,0.9387755102040817
limari,random,1,independent,7,8,0.9333333333333333,0.9183673469387755
limari,random,1,independent,7,9,0.6666666666666666,0.8571428571428571
limari,random,1,finetune,7,0,0.7692307692307693,0.9591836734693877
limari,random,1,finetune,7,1,0.8571428571428571,0.9183673469387755
limari,random,1,finetune,7,2,0.7692307692307693,0.8775510204081632
limari,random,1,finetune,7,3,0.7692307692307693,0.8571428571428571
limari,random,1,finetune,7,4,0.8571428571428571,0.9591836734693878
limari,random,1,finetune,7,5,0.9230769230769231,1.0
limari,random,1,finetune,7,6,0.6666666666666666,0.9387755102040817
limari,random,1,finetune,7,7,0.5454545454545454,0.8979591836734694
limari,random,1,finetune,7,8,0.9230769230769231,0.9795918367346939
limari,random,1,finetune,7,9,0.8571428571428571,0.9795918367346939
limari,random,1,reptile,7,0,0.5454545454545454,0.8571428571428571
limari,random,1,reptile,7,1,0.9230769230769231,1.0
limari,random,1,reptile,7,2,0.6666666666666666,0.8571428571428571
limari,random,1,reptile,7,3,0.8571428571428571,0.8571428571428571
limari,random,1,reptile,7,4,0.8571428571428571,0.9591836734693878
limari,random,1,reptile,7,5,0.7692307692307693,0.8775510204081632
limari,random,1,reptile,7,6,0.6666666666666666,0.8571428571428571
limari,random,1,reptile,7,7,0.6666666666666666,0.8367346938775511
limari,random,1,reptile,7,8,0.6666666666666666,0.8775510204081632
limari,random,1,reptile,7,9,0.5,0.7755102040816326
limari,random,1,fomaml,7,0,0.7692307692307693,0.9183673469387755
limari,random,1,fomaml,7,1,0.8571428571428571,0.9591836734693878
limari,random,1,fomaml,7,2,0.5454545454545454,0.8571428571428572
limari,random,1,fomaml,7,3,0.7692307692307693,0.8571428571428571
limari,random,1,fomaml,7,4,0.6666666666666666,0.9183673469387755
limari,random,1,fomaml,7,5,0.6666666666666666,0.8979591836734694
limari,random,1,fomaml,7,6,0.5454545454545454,0.8775510204081632
limari,random,1,fomaml,7,7,0.8571428571428571,0.836734693877551
limari,random,1,fomaml,7,8,0.8571428571428571,0.9387755102040817
limari,random,1,fomaml,7,9,0.9230769230769231,0.9795918367346939
limari,random,2,independent,7,0,0.7619047619047619,0.6
limari,random,2,independent,7,1,0.8571428571428571,0.9111111111111111
limari,random,2,independent,7,2,0.8,0.6222222222222222
limari,random,2,independent,7,3,0.9,0.6222222222222222
limari,random,2,independent,7,4,0.7777777777777778,0.7555555555555555
limari,random,2,independent,7,5,0.7058823529411765,0.6666666666666667
limari,random,2,independent,7,6,0.7368421052631579,0.7111111111111111
limari,random,2,independent,7,7,0.7058823529411765,0.711111111111111
limari,random,2,independent,7,8,0.631578947368421,0.5777777777777777
limari,random,2,independent,7,9,0.9,0.7777777777777778
limari,random,2,finetune,7,0,0.7777777777777778,0.8222222222222222
limari,random,2,finetune,7,1,0.7777777777777778,0.8
limari,random,2,finetune,7,2,0.7777777777777778,0.711111111111111
limari,random,2,finetune,7,3,0.8421052631578947,0.8666666666666666
limari,random,2,finetune,7,4,0.7368421052631579,0.5777777777777777
limari,random,2,finetune,7,5,0.8,0.8
limari,random,2,finetune,7,6,0.7777777777777778,0.7777777777777777
limari,random,2,finetune,7,7,0.7777777777777778,0.711111111111111
limari,random,2,finetune,7,8,0.7,0.8
limari,random,2,finetune,7,9,0.8421052631578947,0.8444444444444443
limari,random,2,reptile,7,0,0.7619047619047619,0.37777777777777777
limari,random,2,reptile,7,1,0.8571428571428571,0.6222222222222222
limari,random,2,reptile,7,2,0.8,0.4888888888888889
limari,random,2,reptile,7,3,0.8421052631578947,0.7333333333333334
limari,random,2,reptile,7,4,0.8,0.5555555555555556
limari,random,2,reptile,7,5,0.9,0.7555555555555555
limari,random,2,reptile,7,6,0.7,0.5111111111111111
limari,random,2,reptile,7,7,0.8571428571428571,0.6444444444444444
limari,random,2,reptile,7,8,0.7,0.6888888888888889
limari,random,2,reptile,7,9,0.8571428571428571,0.7333333333333333
limari,random,2,fomaml,7,0,0.7619047619047619,0.5777777777777777
limari,random,2,fomaml,7,1,0.8,0.6888888888888889
limari,random,2,fomaml,7,2,0.7368421052631579,0.6666666666666666
limari,random,2,fomaml,7,3,0.7619047619047619,0.5333333333333333
limari,random,2,fomaml,7,4,0.7,0.5777777777777777
limari,random,2,fomaml,7,5,0.7,0.6888888888888889
limari,random,2,fomaml,7,6,0.7619047619047619,0.6444444444444445
limari,random,2,fomaml,7,7,0.8571428571428571,0.8
limari,random,2,fomaml,7,8,0.7619047619047619,0.7333333333333333
limari,random,2,fomaml,7,9,0.8,0.6666666666666666
limari,random,3,independent,7,0,0.75,0.7959183673469388
limari,random,3,independent,7,1,0.7058823529411765,0.8163265306122449
limari,random,3,independent,7,2,0.8,0.7959183673469388
limari,random,3,independent,7,3,0.7058823529411765,0.7959183673469388
limari,random,3,independent,7,4,0.875,0.8775510204081632
limari,random,3,independent,7,5,0.7058823529411765,0.6020408163265306
limari,random,3,independent,7,6,0.75,0.836734693877551
limari,random,3,independent,7,7,0.75,0.7959183673469388
limari,random,3,independent,7,8,0.7058823529411765,0.653061224489796
limari,random,3,independent,7,9,0.8235294117647058,0.8775510204081632
limari,random,3,finetune,7,0,0.7058823529411765,0.8163265306122449
limari,random,3,finetune,7,1,0.7058823529411765,0.7346938775510203
limari,random,3,finetune,7,2,0.8235294117647058,0.7959183673469388
limari,random,3,finetune,7,3,0.7058823529411765,0.6632653061224489
limari,random,3,finetune,7,4,0.7058823529411765,0.6938775510204082
limari,random,3,finetune,7,5,0.75,0.8163265306122449
limari,random,3,finetune,7,6,0.8,0.7959183673469388
limari,random,3,finetune,7,7,0.8235294117647058,0.7959183673469388
limari,random,3,finetune,7,8,0.7058823529411765,0.8163265306122449
limari,random,3,finetune,7,9,0.6666666666666666,0.7346938775510204
limari,random,3,reptile,7,0,0.8,0.8571428571428571
limari,random,3,reptile,7,1,0.875,0.8367346938775511
limari,random,3,reptile,7,2,0.75,0.836734693877551
limari,random,3,reptile,7,3,0.625,0.7142857142857143
limari,random,3,reptile,7,4,0.7058823529411765,0.6938775510204082
limari,random,3,reptile,7,5,0.7777777777777778,0.7959183673469388
limari,random,3,reptile,7,6,0.8235294117647058,0.9183673469387754
limari,random,3,reptile,7,7,0.7777777777777778,0.7755102040816327
limari,random,3,reptile,7,8,0.8,0.7346938775510204
limari,random,3,reptile,7,9,0.8,0.9183673469387755
limari,random,3,fomaml,7,0,0.7777777777777778,0.7959183673469388
limari,random,3,fomaml,7,1,0.7777777777777778,0.7142857142857143
limari,random,3,fomaml,7,2,0.7777777777777778,0.8979591836734694
limari,random,3,fomaml,7,3,0.8235294117647058,0.8163265306122449
limari,random,3,fomaml,7,4,0.625,0.7551020408163266
limari,random,3,fomaml,7,5,0.7777777777777778,0.7755102040816326
limari,random,3,fomaml,7,6,0.75,0.8775510204081631
limari,random,3,fomaml,7,7,0.8235294117647058,0.8571428571428571
limari,random,3,fomaml,7,8,0.8,0.7959183673469388
limari,random,3,fomaml,7,9,0.75,0.7551020408163265
limari,random,4,independent,7,0,0.9230769230769231,1.0
limari,random,4,independent,7,1,0.7692307692307693,0.8958333333333333
limari,random,4,independent,7,2,0.7692307692307693,0.8541666666666666
limari,random,4,independent,7,3,0.7692307692307693,0.7708333333333333
limari,random,4,independent,7,4,0.8571428571428571,0.8333333333333333
limari,random,4,independent,7,5,0.8571428571428571,0.8958333333333334
limari,random,4,independent,7,6,0.8571428571428571,0.9583333333333333
limari,random,4,independent,7,7,0.7142857142857143,0.8958333333333334
limari,random,4,independent,7,8,0.8571428571428571,0.875
limari,random,4,independent,7,9,0.8571428571428571,0.8333333333333333
limari,random,4,finetune,7,0,0.7692307692307693,0.7916666666666667
limari,random,4,finetune,7,1,0.8571428571428571,0.875
limari,random,4,finetune,7,2,0.7142857142857143,0.8125
limari,random,4,finetune,7,3,0.5,0.6875
limari,random,4,finetune,7,4,0.6,0.8541666666666666
limari,random,4,finetune,7,5,0.6666666666666666,0.75
limari,random,4,finetune,7,6,0.7272727272727273,0.9375
limari,random,4,finetune,7,7,0.8571428571428571,0.8958333333333334
limari,random,4,finetune,7,8,0.6666666666666666,0.8125
limari,random,4,finetune,7,9,0.7142857142857143,0.8541666666666667
limari,random,4,reptile,7,0,0.7692307692307693,0.8958333333333334
limari,random,4,reptile,7,1,0.7692307692307693,0.75
limari,random,4,reptile,7,2,0.5454545454545454,0.7708333333333333
limari,random,4,reptile,7,3,0.6153846153846154,0.875
limari,random,4,reptile,7,4,0.7692307692307693,0.875
limari,random,4,reptile,7,5,0.6666666666666666,0.875
limari,random,4,reptile,7,6,0.6666666666666666,0.75
limari,random,4,reptile,7,7,0.7692307692307693,0.8958333333333334
limari,random,4,reptile,7,8,0.6153846153846154,0.7916666666666667
limari,random,4,reptile,7,9,0.7692307692307693,0.7916666666666667
limari,random,4,fomaml,7,0,0.6666666666666666,0.8333333333333334
limari,random,4,fomaml,7,1,0.6666666666666666,0.7083333333333334
limari,random,4,fomaml,7,2,0.5454545454545454,0.7916666666666667
limari,random,4,fomaml,7,3,0.7692307692307693,0.8333333333333334
limari,random,4,fomaml,7,4,0.6666666666666666,0.8333333333333334
limari,random,4,fomaml,7,5,0.8571428571428571,0.8958333333333334
limari,random,4,fomaml,7,6,1.0,1.0
limari,random,4,fomaml,7,7,0.6666666666666666,0.7916666666666667
limari,random,4,fomaml,7,8,0.7692307692307693,0.8541666666666666
limari,random,4,fomaml,7,9,0.7692307692307693,0.8125
